datetime,volt,rotate,pressure,vibration,errorID,comp,failure,target,volt_lag_1h,volt_lag_6h,volt_lag_12h,volt_lag_24h,volt_mean_24h,volt_std_24h,volt_min_24h,volt_max_24h,volt_mean_6h,volt_std_6h,rotate_lag_1h,rotate_lag_6h,rotate_lag_12h,rotate_lag_24h,rotate_mean_24h,rotate_std_24h,rotate_min_24h,rotate_max_24h,rotate_mean_6h,rotate_std_6h,pressure_lag_1h,pressure_lag_6h,pressure_lag_12h,pressure_lag_24h,pressure_mean_24h,pressure_std_24h,pressure_min_24h,pressure_max_24h,pressure_mean_6h,pressure_std_6h,vibration_lag_1h,vibration_lag_6h,vibration_lag_12h,vibration_lag_24h,vibration_mean_24h,vibration_std_24h,vibration_min_24h,vibration_max_24h,vibration_mean_6h,vibration_std_6h,errorID_lag_1h,errorID_lag_6h,errorID_lag_12h,comp_lag_1h,comp_lag_6h,comp_lag_12h,error_count_6h,error_count_24h,maint_count_6h,maint_count_24h,hour,day_of_week,is_weekend,is_working_hours,hours_since_maint,hours_since_error,model_prediction,prediction_correct,probability_class_0,probability_class_1,probability_class_2,probability_class_3,probability_class_4,max_prediction_probability,predicted_class_probability,uncertainty_score_entropy,is_uncertain_entropy,uncertainty_score_margin,is_uncertain_margin,uncertainty_score_confidence,is_uncertain_confidence,uncertainty_consensus_count,is_uncertain_consensus,analysis_timestamp,machine_number,uncertainty_threshold_used
2015-06-28 06:00:00,0.6935264744570072,0.4029668177981086,0.1859434385227004,0.847001267659753,5,0,0,1,0.6935264744570072,0.8503737654785656,0.4896996031392652,0.6056906093944662,0.6020809146356357,0.1266850918783165,0.3849985854645371,0.9300389816438612,0.5946939209362676,0.1129717301592321,0.4029668177981086,0.5825777113570036,0.4826788660435978,0.5514118983316016,0.6097150011035158,0.1464670869737438,0.3176753681138914,0.8844736987328348,0.5783783210775325,0.1473042984987157,0.1859434385227004,0.348527973702972,0.3448435989155674,0.486116574180838,0.378587426049331,0.0987020331562669,0.1859434385227004,0.5613228615993651,0.304261129977273,0.105067868303126,0.847001267659753,0.6955897493905224,0.607356741706622,0.6205064316251535,0.7091375891673337,0.1130344655496119,0.5049450708922094,0.9203724793706066,0.7905725348558921,0.1176628706524861,1.0,0.0,0.0,0.0,0.0,0.0,6.0,6.0,0.0,0.0,6,6,1,0,337,0,1,True,0.0025939017273618153,0.9254345429604741,0.0033652916542826245,0.0014664367737513317,0.06713982688413019,0.9254345429604741,[0.92543454],0.29723363383826423,True,0.8582947160763439,False,0.9254345429604741,False,1,False,2025-07-25 13:25:48.851583,98,0.2
2015-11-26 06:00:00,0.5106473375031785,0.4559835301756573,0.4576300602683649,0.2079417877141799,0,2,3,3,0.2318431678605147,0.3418701203223612,0.6155412917331776,0.3794658036635215,0.4624866883683829,0.1137306772389588,0.2318431678605147,0.6634658310150495,0.4759407815950416,0.1334923415442002,0.6601712091248362,0.5454265058554175,0.4730859856373952,0.3813798044220095,0.5740553179815059,0.1012621133488765,0.3683123933068482,0.8114603965480744,0.5787903195638172,0.1000927791396528,0.8013818459923105,0.7103136196954907,0.616458115212619,0.5239477898109821,0.6330875915533344,0.0896842899403739,0.4576300602683649,0.8329483691296249,0.6387892189819805,0.1283705090915478,0.533029386602928,0.6426531862081725,0.5111092820950673,0.3948719721581112,0.4851582195508084,0.1026325229711081,0.2079417877141799,0.6877342613049714,0.4455016056988477,0.1591491450109405,0.0,0.0,0.0,0.0,0.0,0.0,0.0,0.0,2.0,2.0,6,3,0,0,0,24,3,True,0.05691868039779379,0.003511532894213095,0.005259793357869683,0.9317927183941278,0.002517274955995716,0.9317927183941278,[0.93179272],0.29147542572373647,True,0.874874037996334,False,0.9317927183941278,False,1,False,2025-07-25 13:25:48.851583,98,0.2
2015-07-29 06:00:00,0.3448951308447546,0.6271955228166035,0.7015186415451455,0.4722313689248419,0,2,3,3,0.3509273529496045,0.5697040645519978,0.4697023787928628,0.5722539316252754,0.4552797067373853,0.094629799243245,0.3320708230203438,0.7861824292675327,0.415428415375409,0.0713841863492544,0.7460429203068157,0.7033193713067689,0.6249111087340391,0.5915823040387522,0.6035807091755517,0.1391931468336051,0.2913505497140738,0.8600537703019018,0.5992187363344647,0.1447225004333985,0.6532235128354409,0.8538628183314754,0.7255472566618784,0.6451593879233941,0.6530198015116938,0.0934288215426384,0.4894954148147978,0.8538628183314754,0.6486933031788659,0.071617018737341,0.3242647902128321,0.4112739365952222,0.6742258162421327,0.5366091517187653,0.4689857870975646,0.1418179365591503,0.229950231452378,0.77160970449412,0.4167355674573041,0.1296181594781245,0.0,0.0,0.0,0.0,0.0,0.0,0.0,0.0,2.0,2.0,6,2,0,0,0,24,3,True,0.04882038440799551,0.00786869645046019,0.0024115250408461753,0.937778867064689,0.003120527036009003,0.937778867064689,[0.93777887],0.2783252272951333,True,0.8889584826566935,False,0.937778867064689,False,1,False,2025-07-25 13:25:48.851583,98,0.2
2015-08-28 06:00:00,0.678045239393185,0.468047022737293,0.3498349742911503,0.3995355084760988,0,2,2,2,0.3636405277742719,0.3626085632269985,0.4295595201822612,0.5309541397534071,0.4237861886916254,0.1365302850004545,0.23424419130066,0.6973508558389893,0.4920191680059603,0.1727712399210185,0.436949100399667,0.2878425730661277,0.5291777649488592,0.5435690293137057,0.4049790582166699,0.0943907689486273,0.2083957270983767,0.5578489553860808,0.3977189468532547,0.115374127904099,0.4088174880894099,0.438406711800825,0.3236023478755643,0.427897068683737,0.3791606510884045,0.0855190303187704,0.20173981643239,0.5040760398356008,0.3991828233817829,0.0668811964333387,0.5087735756002882,0.5087002495118069,0.539889932683075,0.5143642949294998,0.4736033240640006,0.1022038152771229,0.284793204016659,0.7360034216270802,0.4869763429242765,0.1153995130602514,0.0,0.0,0.0,0.0,0.0,0.0,0.0,0.0,2.0,2.0,6,4,0,0,0,24,2,True,0.05126768545507892,0.0021189114858404696,0.9389538556521174,0.002604923893016582,0.005054623513946529,0.9389538556521174,[0.93895386],0.2667164671148563,True,0.8876861701970385,False,0.9389538556521174,False,1,False,2025-07-25 13:25:48.851583,98,0.2
2015-02-14 06:00:00,0.6808901998071045,0.5292997442621905,0.4343420943327212,0.4266917157954549,0,1,1,1,0.4436945290881925,0.5831225946092017,0.3516672022925947,0.6445655013135488,0.6292874563694789,0.1227655488667028,0.3516672022925947,0.8557958639763067,0.5841698603886193,0.0902055418487242,0.4427373214048363,0.5117631139604473,0.4322244499804413,0.7318024292562606,0.589093356758133,0.1054588898930997,0.4322244499804413,0.7894487264829158,0.612639719143483,0.1189370039146971,0.4424753513541855,0.3896214364330174,0.4968612882213463,0.4457219362581401,0.4558975550411679,0.0824808519043887,0.2765312220546501,0.6222877777821407,0.4415419627811598,0.035939689170847,0.415375456604112,0.2523412740771156,0.3822930698334996,0.5017952604921138,0.4385400832427084,0.1408405137137421,0.1793839452043416,0.6868577191915471,0.4207594703831653,0.0458291583607242,0.0,0.0,0.0,0.0,0.0,0.0,0.0,0.0,1.0,1.0,6,5,1,0,0,24,1,True,0.0377063192481724,0.9541347948291606,0.0020015139120168057,0.00488212369574699,0.0012752483149031696,0.9541347948291606,[0.95413479],0.21531518506910347,True,0.9164284755809883,False,0.9541347948291606,False,1,False,2025-07-25 13:25:48.851583,98,0.2
2015-08-13 06:00:00,0.4613534819281123,0.6333351461634746,0.377653169947613,0.8467529098518144,0,4,1,1,0.5186860913920267,0.6126960229158721,0.7745356712319659,0.6609355634202324,0.6768757927027756,0.1285500087655132,0.3955440089103544,0.8974330280880826,0.6042851138078945,0.1079236739127453,0.8228281343597372,0.5844313266264951,0.760437560536664,0.5797413799860089,0.5833998702376072,0.1082854315768151,0.4049898298629655,0.8228281343597372,0.6363908667603133,0.1242858795796218,0.2505270917906689,0.4143173565089622,0.5468681934567383,0.4076562343477714,0.3928971715060354,0.0936884240036613,0.2169669082565626,0.5468681934567383,0.3140322721546897,0.0867769959990879,0.5039082948360321,0.2633660050385762,0.3919412733285792,0.5253913575065146,0.4661978948959961,0.122671476512231,0.2633660050385762,0.8467529098518144,0.5381764976353588,0.1653567667157905,0.0,0.0,0.0,0.0,0.0,0.0,0.0,0.0,4.0,4.0,6,3,0,0,0,24,1,True,0.029772188518621286,0.9597286125916736,0.00206630202491841,0.0022175929195316787,0.006215303945255195,0.9597286125916736,[0.95972861],0.2019788960933474,True,0.9299564240730523,False,0.9597286125916736,False,1,False,2025-07-25 13:25:48.851583,98,0.2
2015-06-14 05:00:00,0.4652529458385298,0.4077470602314725,0.1983296037192794,0.5427798872998667,0,0,0,2,0.5027052338057986,0.4731720963682052,0.443299389712949,0.4745335692741695,0.4302201310129174,0.0847778139292479,0.2980598130141886,0.6076664178606738,0.4055313630432118,0.0829193860151299,0.4298978555292728,0.3041291447584531,0.5195223404537717,0.7048261817569759,0.465104163325799,0.1079984041367326,0.2646524812588769,0.7048261817569759,0.4277708516832393,0.0894696298823523,0.4017618905010388,0.4108954098513671,0.3928970178978141,0.2927434089216553,0.3795163736170082,0.0981994447689714,0.1494918488552842,0.5716502583424687,0.3468282885783704,0.0919394208652245,0.5473096799008245,0.9816728501764714,0.7654921356148868,0.6594454857724582,0.654107983968968,0.1476630764144485,0.4369801254338099,0.9816728501764714,0.6847560693027469,0.1441829818225957,0.0,0.0,0.0,0.0,0.0,0.0,0.0,3.0,0.0,0.0,5,6,1,0,360,23,2,True,0.003500555736716417,0.0008980341495819194,0.9593726197674153,0.0008521055957844776,0.035376684750501916,0.9593726197674153,[0.95937262],0.19012658045120523,False,0.9239959350169134,False,0.9593726197674153,False,0,False,2025-07-25 13:25:48.851583,98,0.2
2015-06-14 04:00:00,0.5027052338057986,0.4298978555292728,0.4017618905010388,0.5473096799008245,0,0,0,2,0.3413170908753168,0.4446123688165647,0.42134047576108,0.5927924055498487,0.430606823656069,0.0849655126567173,0.2980598130141886,0.6076664178606738,0.4068512214648244,0.0841145315403669,0.4520443305367124,0.4674064447391576,0.5229903134738452,0.5714642020065677,0.4774824600560283,0.1177254630830284,0.2646524812588769,0.7048261817569759,0.4105011991044028,0.1030737089877278,0.3337545091197077,0.3342248609563303,0.3303815781342819,0.4646806052859797,0.3834502821671073,0.0923418738822594,0.1494918488552842,0.5716502583424687,0.3822559229337184,0.0579418993689297,0.7313981483935913,0.9144948317354854,0.864390986321813,0.6608170451990473,0.6589690505719926,0.1457466920655571,0.4369801254338099,0.9816728501764714,0.7579048964488478,0.1672372531868866,0.0,0.0,0.0,0.0,0.0,0.0,0.0,5.0,0.0,0.0,4,6,1,0,359,22,2,True,0.0017402276367795818,0.0007082660947278361,0.960348328970018,0.0006577876338865447,0.03654538966458813,0.960348328970018,[0.96034833],0.18080410706169614,False,0.9238029393054299,False,0.960348328970018,False,0,False,2025-07-25 13:25:48.851583,98,0.2
2015-03-01 06:00:00,0.5294489626494064,0.6215055862004129,0.4900321909950988,0.901376217432932,0,4,4,4,0.5267346600244543,0.436413693723373,0.3529828380944438,0.4168316582940109,0.4662598570262181,0.1128996796135705,0.2223051847954066,0.660913866426084,0.5439077372512449,0.0454980142422504,0.5866873189453872,0.6800843306852817,0.6868968493704144,0.5149475598855522,0.6004978183186158,0.109040340807496,0.3245345186525195,0.7870777300850731,0.5920628383318326,0.0813655881516263,0.3899729575606999,0.3888957579032778,0.4504398151279118,0.3230758251190859,0.4129106070959921,0.0899370590551552,0.2122876994227726,0.5597426354151684,0.4371341685428743,0.0478657473382091,0.7469615940393616,0.5302534424232127,0.7792636520899122,0.726913615334818,0.6630599646682088,0.1371873956307428,0.3498720436400689,0.901376217432932,0.7099199526834274,0.1115749625848255,0.0,0.0,0.0,0.0,0.0,0.0,0.0,4.0,4.0,4.0,6,6,1,0,0,14,4,True,0.01957642182939859,0.0019760139721427556,0.003879909127332791,0.0027367211239817265,0.9718309339471441,0.9718309339471441,[0.97183093],0.15476541942366273,False,0.9522545121177456,False,0.9718309339471441,False,0,False,2025-07-25 13:25:48.851583,98,0.2
2015-04-30 06:00:00,0.3100396970327302,0.3672140357199332,0.2699106013973427,0.583012866782474,0,4,2,4,0.3100396970327302,0.7950127082484236,0.4835819360964323,0.4825563947476358,0.4519535883005155,0.1376911766392471,0.2270346223764551,0.7950127082484236,0.3681336228312643,0.0697673316090691,0.3672140357199332,0.5539858162345099,0.4620144344619719,0.6081051077744999,0.415140752037527,0.1011957993710504,0.1830764234788327,0.6321220145675961,0.3908027788135482,0.0821939128560264,0.2699106013973427,0.3962980199407632,0.1791032749820289,0.3225532585401004,0.3864100332786837,0.1077126421891844,0.1791032749820289,0.5836437985777616,0.3465932236016921,0.098984468102405,0.583012866782474,0.6540863202541193,0.8209914643356339,0.8578756705926073,0.6805761891174226,0.0949142572262518,0.5094737599351343,0.8585150321836484,0.6618597335730166,0.0909138110616981,0.0,0.0,0.0,2.0,0.0,0.0,0.0,0.0,8.0,8.0,6,3,0,0,0,26,4,True,0.014975608315092225,0.001318602737884885,0.005535827861654424,0.0013645968286058964,0.9768053642567627,0.9768053642567627,[0.97680536],0.13235405273049025,False,0.9618297559416704,False,0.9768053642567627,False,0,False,2025-07-25 13:25:48.851583,98,0.2
2015-04-29 13:00:00,0.5981529953874697,0.5039210009347423,0.4620446775517501,0.7495311312614384,0,0,0,4,0.4681417574065541,0.5229993395108242,0.3088206129821015,0.2530929450498161,0.4531217498202908,0.1471898747029495,0.1065363082926541,0.7072782225436555,0.5108612551847782,0.0522387646103212,0.5466181768138056,0.5430726313667957,0.1964975357436878,0.5489834415292758,0.4144618989861217,0.0910685697958578,0.1964975357436878,0.6081051077744999,0.4616864513575385,0.1081453645154537,0.2033404936877426,0.5022736796206217,0.4347963386574099,0.6730167768726574,0.3739507229891394,0.0841216235061521,0.2033404936877426,0.5022736796206217,0.3688141386409521,0.1137122636904485,0.5094737599351343,0.8270203788704064,0.5267745217140516,0.6901356275044223,0.6617991624777856,0.1251530379567141,0.4757454263053381,0.960345170252691,0.6842741614819027,0.1326518189863101,0.0,0.0,0.0,0.0,0.0,0.0,0.0,10.0,0.0,0.0,13,2,0,1,345,7,4,True,0.002446494600407032,0.000847313422183975,0.016792359614424768,0.0012195088420835826,0.9786943235209006,0.9786943235209006,[0.97869432],0.11859111557581307,False,0.9619019639064759,False,0.9786943235209006,False,0,False,2025-07-25 13:25:48.851583,98,0.2
2015-04-30 06:00:00,0.3100396970327302,0.3672140357199332,0.2699106013973427,0.583012866782474,0,2,2,4,0.3100396970327302,0.4050343925022527,0.3439778386941722,0.5229993395108242,0.4591417840386366,0.1344248098049636,0.2270346223764551,0.7950127082484236,0.4489624580338798,0.1811013244291071,0.3672140357199332,0.6321220145675961,0.4027947576776569,0.5430726313667957,0.4251778800398005,0.107956106934241,0.1830764234788327,0.6321220145675961,0.4219314088993109,0.1039591475417315,0.2699106013973427,0.4851075488565763,0.5306615074063092,0.5022736796206217,0.3886034773262986,0.1057553384279035,0.1791032749820289,0.5836437985777616,0.3676577933589289,0.0926473639821538,0.583012866782474,0.826563089981326,0.6067479295215986,0.8270203788704064,0.6920288059428447,0.0991198394271327,0.5094737599351343,0.8585150321836484,0.6737053091516242,0.0828592744308331,0.0,0.0,0.0,2.0,0.0,0.0,0.0,0.0,4.0,4.0,6,3,0,0,0,25,4,True,0.010024432805081154,0.0011046215816269643,0.0052711840422735405,0.0017622626008642463,0.981837498970154,0.981837498970154,[0.9818375],0.11048163427662112,False,0.9718130661650729,False,0.981837498970154,False,0,False,2025-07-25 13:25:48.851583,98,0.2
2015-08-28 05:00:00,0.3636405277742719,0.436949100399667,0.4088174880894099,0.5087735756002882,0,0,0,2,0.5313872309880218,0.2406986436763373,0.2922291035996701,0.5309541397534071,0.4176573928733013,0.1276319000890348,0.23424419130066,0.6973508558389893,0.4394463886449293,0.1515305443362893,0.2083957270983767,0.5328601044925303,0.3043310554473018,0.5435690293137057,0.4081258084906871,0.0977826249541868,0.2083957270983767,0.5578489553860808,0.3676848719080605,0.1168507186630302,0.4503903649963413,0.3675923179562155,0.5040760398356008,0.427897068683737,0.3824132383547623,0.0858390667823392,0.20173981643239,0.5040760398356008,0.4139447796333953,0.063500052410001,0.6273118813923299,0.4617584419075538,0.7360034216270802,0.5143642949294998,0.4783878568328922,0.1012691785516167,0.284793204016659,0.7360034216270802,0.5051704664302279,0.1071681947970078,0.0,0.0,0.0,0.0,0.0,0.0,0.0,2.0,0.0,0.0,5,4,0,0,360,23,2,True,0.009617104112540733,0.0020369907689668314,0.9830216825081208,0.0020124938324318415,0.003311728777939813,0.9830216825081208,[0.98302168],0.10552424504364588,False,0.9734045783955801,False,0.9830216825081208,False,0,False,2025-07-25 13:25:48.851583,98,0.2
2015-04-14 19:00:00,0.8477799999089778,0.5811690828799236,0.7086380757995723,0.2486572345301875,0,0,0,3,0.4242515905802525,0.4899303628443957,0.3448857960442041,0.4856094536404777,0.4716252903649034,0.1324721964968238,0.2780584851529216,0.8477799999089778,0.540735630941885,0.1741823269186643,0.6156108019208582,0.6572711672141764,0.4876224291687326,0.8062723183553362,0.5745004085725871,0.0898007387138254,0.3954498985999683,0.7482728176441591,0.5642821356826115,0.079559999514409,0.527515566984289,0.5761996899985409,0.5747680678052947,0.6322469884363786,0.6560749287123798,0.0743995156701034,0.527515566984289,0.7788341380394332,0.6519736484176407,0.0972172770299022,0.4733187759611048,0.5512524250390273,0.4054059706401574,0.4235894469964819,0.448963050382653,0.1118717978821583,0.2486572345301875,0.6492974427767965,0.4339794070332397,0.123051450295917,0.0,0.0,0.0,0.0,0.0,0.0,0.0,4.0,0.0,0.0,19,1,0,0,349,13,3,True,0.0037400822620535542,0.009200664787010808,0.002412579524502519,0.9840322276935564,0.0006144457328767311,0.9840322276935564,[0.98403223],0.09896318921841094,False,0.9748315629065456,False,0.9840322276935564,False,0,False,2025-07-25 13:25:48.851583,98,0.2
2015-06-29 06:00:00,0.9565118322670952,0.4660959844698287,0.3120868651457864,0.6831171887922888,0,1,1,4,0.503210032999657,0.8253546660864753,0.4888983795461191,0.6935264744570072,0.6139397864930461,0.13120122314232,0.4338451318772708,0.9565118322670952,0.6363547378908517,0.1876112758633218,0.4849768725700812,0.5234702394181299,0.4985251070662819,0.4029668177981086,0.6144711774358768,0.1159858115298009,0.4409573549298268,0.8206672154184562,0.5225194466373301,0.0770007659130493,0.3599145840855258,0.4092739283761313,0.429135045475311,0.1859434385227004,0.3945332774770473,0.0865505929370747,0.1598481752584524,0.5338385648721473,0.4050228792283266,0.0846685191567601,0.6026893584563681,0.7737630157980032,0.6216602356652455,0.847001267659753,0.7054530427012433,0.1019755531712915,0.551764070182334,0.8702463986238375,0.6470394586683142,0.1125530864296573,0.0,0.0,0.0,0.0,0.0,0.0,0.0,0.0,1.0,1.0,6,0,0,0,0,24,4,True,0.0067338324491474505,0.006702872184373208,0.0013365222124820054,0.001041951382263928,0.9841848217717335,0.9841848217717335,[0.98418482],0.09891148114931154,False,0.977450989322586,False,0.9841848217717335,False,0,False,2025-07-25 13:25:48.851583,98,0.2
2015-03-01 01:00:00,0.4908556305715735,0.4729556578982268,0.4755573111340798,0.6937298580401795,0,0,0,4,0.436413693723373,0.3287066329759668,0.44928101088328,0.4812129480390351,0.4531056341598097,0.1257442949981179,0.2223051847954066,0.7502632635054881,0.402079900494891,0.1358353286797189,0.6800843306852817,0.5692440131126559,0.666053086457731,0.5338208999451333,0.5885298910776445,0.1150933848520231,0.3245345186525195,0.7870777300850731,0.6146766472755417,0.0956275365310699,0.3888957579032778,0.4440044712244898,0.4669538844884255,0.3959612852482665,0.4138386019945601,0.0939978508563118,0.2122876994227726,0.5597426354151684,0.4264439536847881,0.0787422986399373,0.5302534424232127,0.8286503270172073,0.5207143853644028,0.7087473668984189,0.6556171634681489,0.1271735610662956,0.3498720436400689,0.8849552173773639,0.5291626976808322,0.1395309904345012,0.0,0.0,0.0,0.0,0.0,0.0,0.0,9.0,0.0,0.0,1,6,1,0,355,9,4,True,0.005709056852498461,0.0019669050792539217,0.006599687340874653,0.0012391910442342217,0.9844851596831387,0.9844851596831387,[0.98448516],0.0985710455366558,False,0.977885472342264,False,0.9844851596831387,False,0,False,2025-07-25 13:25:48.851583,98,0.2
2015-06-29 06:00:00,0.9565118322670952,0.4660959844698287,0.3120868651457864,0.6831171887922888,0,4,1,4,0.9565118322670952,0.6727892515181554,0.6615360099154924,0.564570973567902,0.6499975046235926,0.1587805501627715,0.4338451318772708,0.9565118322670952,0.7252034574534189,0.2558469037163812,0.4660959844698287,0.6197132072292475,0.5881756759528034,0.8101553755301993,0.5858265232361687,0.1057927669276728,0.4409573549298268,0.8206672154184562,0.4900259111846481,0.0632515727305997,0.3120868651457864,0.5303895272206405,0.4304157618636649,0.3635965706923882,0.3882743508985204,0.0893761844074152,0.1598481752584524,0.5338385648721473,0.3494154916822047,0.0605740823596672,0.6831171887922888,0.6094174062879566,0.6868213602716663,0.8160355903968001,0.7045278105550107,0.0956042778028452,0.551764070182334,0.8702463986238375,0.6812149421873621,0.0984312867202063,0.0,0.0,0.0,1.0,0.0,0.0,0.0,0.0,6.0,6.0,6,0,0,0,0,26,4,True,0.009106863543824619,0.00323411651542617,0.001660674761621967,0.0010909463264505074,0.9849073988526768,0.9849073988526768,[0.9849074],0.0943834463037256,False,0.9758005353088521,False,0.9849073988526768,False,0,False,2025-07-25 13:25:48.851583,98,0.2
2015-04-14 20:00:00,0.5814951359385542,0.6721855065248934,0.6121113848666888,0.6055087404619842,0,0,0,3,0.8477799999089778,0.6253596828053888,0.430392704406518,0.3465151596121131,0.4814161227118385,0.1315034292864539,0.2780584851529216,0.8477799999089778,0.5334248731307459,0.1708079852168159,0.5811690828799236,0.4949288254759231,0.6853333385326557,0.6587068208502691,0.5750620204756964,0.0903904718416957,0.3954498985999683,0.7482728176441591,0.5938249158574399,0.0815420974140556,0.7086380757995723,0.6990750954875775,0.6267889448022834,0.6572056074069161,0.6541960027732038,0.0749371935526188,0.527515566984289,0.7788341380394332,0.6374796966474925,0.0952533471090388,0.2486572345301875,0.5360780613010702,0.5704406505050038,0.2649289492893099,0.4631538750148478,0.1090785068972099,0.2486572345301875,0.6492974427767965,0.4455511868933921,0.1370423566552029,0.0,0.0,0.0,0.0,0.0,0.0,0.0,4.0,0.0,0.0,20,1,0,0,350,14,3,True,0.003560314347601276,0.008283777440112987,0.0014436314154837736,0.9859214037380912,0.0007908730587106222,0.9859214037380912,[0.9859214],0.08885058420823468,False,0.9776376262979782,False,0.9859214037380912,False,0,False,2025-07-25 13:25:48.851583,98,0.2
2015-04-30 06:00:00,0.3100396970327302,0.3672140357199332,0.2699106013973427,0.583012866782474,0,2,4,4,0.4387657890635669,0.2270346223764551,0.238948745039964,0.5478922605383797,0.4680151024752239,0.1311433624130199,0.2270346223764551,0.7950127082484236,0.4647949072788002,0.170361140682078,0.4418649378662876,0.2514681077464345,0.3776787127908331,0.3832556994654201,0.4325053215250865,0.1098031351286725,0.1830764234788327,0.6321220145675961,0.4660827387072548,0.1292498216855312,0.3866808182067253,0.3882703932529745,0.3682480591258831,0.3537385058461381,0.3982852722522685,0.1050506361050273,0.1791032749820289,0.5836437985777616,0.4035239512688012,0.0888136409511451,0.7907152932627067,0.6675872184162078,0.7789119015093601,0.5895523745931986,0.7021957856131754,0.0999622775418257,0.5094737599351343,0.8585150321836484,0.7142970130180996,0.0889747833002345,0.0,0.0,0.0,0.0,0.0,0.0,0.0,0.0,2.0,2.0,6,3,0,0,0,24,4,True,0.007431471356570631,0.0007245678722675608,0.005064093564570529,0.0008177394155876583,0.9859621277910037,0.9859621277910037,[0.98596213],0.08818671583108911,False,0.978530656434433,False,0.9859621277910037,False,0,False,2025-07-25 13:25:48.851583,98,0.2
2015-04-29 06:00:00,0.5478922605383797,0.3832556994654201,0.3537385058461381,0.5895523745931986,5,0,0,4,0.5478922605383797,0.2108226469444255,0.228254856828333,0.3389622161671607,0.4366684055073135,0.1670498138385502,0.1065363082926541,0.7435929978562407,0.4665893368704641,0.1126471263072959,0.3832556994654201,0.465628570694292,0.3605783452648283,0.4359752187130349,0.4175718165158132,0.0881721835695907,0.1964975357436878,0.5567842185806338,0.3773162995005975,0.100876677247991,0.3537385058461381,0.5022584012732372,0.2781425188742517,0.5577295347077413,0.3909942284451133,0.0923573322344232,0.2400653861039742,0.6730167768726574,0.3664384415446971,0.0392354391206342,0.5895523745931986,0.5735747089649103,0.7024503850764064,0.4748195633369808,0.6800967967631931,0.1250866030635121,0.4757454263053381,0.960345170252691,0.5914797551415188,0.0502135490256068,3.0,0.0,0.0,0.0,0.0,0.0,10.0,10.0,0.0,0.0,6,2,0,0,338,0,4,True,0.001841953006337563,0.0007684280446727344,0.010617907762689702,0.0010427104062533713,0.9857290007800467,0.9857290007800467,[0.985729],0.08669768442075813,False,0.975111093017357,False,0.9857290007800467,False,0,False,2025-07-25 13:25:48.851583,98,0.2
2015-06-14 03:00:00,0.3413170908753168,0.4520443305367124,0.3337545091197077,0.7313981483935913,0,0,0,2,0.4667593593586651,0.3472175735433432,0.4499440116072818,0.5051486796566808,0.4343604558120711,0.0901226241842881,0.2980598130141886,0.6076664178606738,0.3971690772999521,0.0735550421860484,0.5800231613519597,0.3830473939276893,0.4844433757116446,0.3330503806764449,0.4833810578259156,0.1187794407318397,0.2646524812588769,0.7048261817569759,0.4167526306393836,0.1055920846894331,0.3989531625924131,0.305950350347153,0.4636903251323956,0.3693764015159392,0.3860718952831464,0.0937665000724625,0.1494918488552842,0.5716502583424687,0.3709997513429337,0.0599209650507186,0.6328431540262406,0.5311984584383402,0.4628026383294804,0.2144279778833715,0.6636985241260853,0.1437943927140856,0.4369801254338099,0.9816728501764714,0.8191024217546246,0.1396715677912518,0.0,0.0,0.0,0.0,0.0,0.0,0.0,5.0,0.0,0.0,3,6,1,0,358,21,2,True,0.0013981497809447774,0.0004718600312986101,0.9851520335548891,0.0005245624119516627,0.012453394220915884,0.9851520335548891,[0.98515203],0.08612018267482222,False,0.9726986393339733,False,0.9851520335548891,False,0,False,2025-07-25 13:25:48.851583,98,0.2
2015-02-13 06:00:00,0.6445655013135488,0.7318024292562606,0.4457219362581401,0.5017952604921138,1,0,0,1,0.4417981618631649,0.5331255005939267,0.8086616138805621,0.6384790183544967,0.5943004253626628,0.1297488161228656,0.2795291711850446,0.8086616138805621,0.6158314634666046,0.1301668987351064,0.7382154365869606,0.4505434751304709,0.5201091911569256,0.6455428425476126,0.584155374525486,0.1101178416470332,0.4100003262899971,0.8645451475409527,0.6286365540883153,0.1208711797467168,0.474533867523508,0.3355417047328867,0.3611782688688689,0.3194053065992591,0.4151240329477193,0.0826529043937281,0.2371362494532485,0.5949332716843845,0.407301310771073,0.0734110168041933,0.4186587559226736,0.713764709225473,0.50272198390708,0.3955181608494732,0.4186829422849962,0.0951688192521817,0.2694722095433328,0.713764709225473,0.445438806403711,0.0292693888085976,0.0,0.0,0.0,0.0,0.0,0.0,1.0,1.0,0.0,0.0,6,4,0,0,336,0,1,True,0.010709386024023425,0.9859959451066342,0.0011155891047281087,0.0012539436321104894,0.0009251361325038086,0.9859959451066342,[0.98599595],0.08491507899875861,False,0.9752865590826109,False,0.9859959451066342,False,0,False,2025-07-25 13:25:48.851583,98,0.2
2015-05-15 05:00:00,0.2891316627609456,0.6394409555951575,0.6302606171737364,0.7161505093314205,0,0,0,1,0.6133824340529804,0.6953036380616623,0.6677538725704529,0.660965144813528,0.6128206719285783,0.1384197787159091,0.2891316627609456,0.945268259654117,0.5219534093436325,0.1388247913303825,0.8344386338652965,0.4023953166756678,0.8963842981676489,0.693535271988134,0.5895958408112302,0.1508734616823747,0.3606887924567073,0.8963842981676489,0.6202808137092358,0.2031918886529484,0.3600448061557351,0.2972711635532677,0.3385769252284473,0.3805384650462827,0.4022747192000792,0.0965104462380331,0.2634477445556717,0.6302606171737364,0.4082631642702712,0.1206676993999872,0.5147714034083215,0.4127829483602273,0.3043333136022481,0.3202880735772135,0.4734602313237144,0.1162811572475878,0.2941306012548419,0.7161505093314205,0.5315550305788009,0.100483326995781,0.0,0.0,0.0,0.0,0.0,0.0,0.0,1.0,0.0,0.0,5,4,0,0,359,23,1,True,0.009154053671147555,0.9865594878742686,0.0017114764283668838,0.0018654739456392508,0.0007095080805778406,0.9865594878742686,[0.98655949],0.08408534003538796,False,0.9774054342031211,False,0.9865594878742686,False,0,False,2025-07-25 13:25:48.851583,98,0.2
2015-06-29 06:00:00,0.9565118322670952,0.4660959844698287,0.3120868651457864,0.6831171887922888,0,1,4,4,0.9565118322670952,0.7071420956406317,0.6008552807534243,0.4830674558331723,0.6336666355111262,0.145483448307634,0.4338451318772708,0.9565118322670952,0.677916360661929,0.229397235507915,0.4660959844698287,0.5074399744265012,0.6751707359516708,0.8095082942024507,0.6001623311970176,0.1119926593067614,0.4409573549298268,0.8206672154184562,0.5156287816445514,0.080395172457723,0.3120868651457864,0.4274285283476643,0.3154698583860532,0.4107913974838274,0.3904205886296288,0.0880761186551692,0.1598481752584524,0.5338385648721473,0.3857992686946803,0.091391024800457,0.6831171887922888,0.551764070182334,0.795245642951823,0.5724043586973572,0.710066077288532,0.0981266983050556,0.551764070182334,0.8702463986238375,0.6689316451033068,0.1026543543377744,0.0,0.0,0.0,1.0,0.0,0.0,0.0,0.0,2.0,2.0,6,0,0,0,0,25,4,True,0.005607279033799538,0.004922080071824404,0.001327353856150369,0.0009332163584092461,0.9872100706798164,0.9872100706798164,[0.98721007],0.08323431142638507,False,0.9816027916460168,False,0.9872100706798164,False,0,False,2025-07-25 13:25:48.851583,98,0.2
2015-04-30 00:00:00,0.2270346223764551,0.2514681077464345,0.3882703932529745,0.6675872184162078,0,0,0,4,0.3789545224607343,0.238948745039964,0.4681417574065541,0.2108226469444255,0.4684637098731398,0.1168136396899664,0.2270346223764551,0.7529696627027652,0.4001519326010722,0.1046861594055192,0.4267644038939402,0.3776787127908331,0.5466181768138056,0.465628570694292,0.4103137117234222,0.1030721113797555,0.1830764234788327,0.6081051077744999,0.3899836920224818,0.0755909272666489,0.3615015797276086,0.3682480591258831,0.2033404936877426,0.5022584012732372,0.3890138948212425,0.0991123811732235,0.1791032749820289,0.5836437985777616,0.3899049974644467,0.1273331760820525,0.6545120480828498,0.7789119015093601,0.5094737599351343,0.5735747089649103,0.6714914711440301,0.1048590008943336,0.5094737599351343,0.8585150321836484,0.6842752681165972,0.0769932621365979,0.0,0.0,0.0,0.0,0.0,0.0,0.0,10.0,0.0,0.0,0,3,0,0,356,18,4,True,0.001162714548672833,0.0004397577037087007,0.011734377283245905,0.0007323919498005263,0.9859307585145719,0.9859307585145719,[0.98593076],0.08267459041669172,False,0.974196381231326,False,0.9859307585145719,False,0,False,2025-07-25 13:25:48.851583,98,0.2
2015-10-27 05:00:00,0.4506691527009846,0.5450357307024214,0.3575390810612014,0.3197482221203943,0,0,0,2,0.3542111138016058,0.2832215160172665,0.4846132658734897,0.5467871547122695,0.4550552064547033,0.144156692372615,0.27462037163395,0.8450277649182109,0.448824617551544,0.0750090862227706,0.5286949435119517,0.2691425500597543,0.1806019213057841,0.1584666062418012,0.2947362041870024,0.1513149522752765,0.0,0.6078638117596002,0.397043641924574,0.2228450603317925,0.4823450730999672,0.2597137912933442,0.4281299761301219,0.4243574849262517,0.4179363165232005,0.0812887995011703,0.2250432853301751,0.5582134439339899,0.4107127094559731,0.1138495129598311,0.3277424765121574,0.5844249160852973,0.4257709902230329,0.370855928930181,0.4311635036846979,0.0719561363792825,0.3097799781292153,0.5844249160852973,0.4214116326789364,0.0818476025341056,0.0,0.0,0.0,0.0,0.0,0.0,0.0,3.0,0.0,0.0,5,1,0,0,360,23,2,True,0.006213711583497335,0.00278715424850365,0.9875145847660932,0.001606678346075803,0.0018778710558298988,0.9875145847660932,[0.98751458],0.08250034063038221,False,0.9813008731825958,False,0.9875145847660932,False,0,False,2025-07-25 13:25:48.851583,98,0.2
2015-04-15 01:00:00,0.2466672942864879,0.5345404134505871,0.5994890012432024,0.367353556678531,0,0,0,3,0.5256241339489759,0.8477799999089778,0.4899303628443957,0.6215119151768612,0.4466908257522868,0.1429702656043667,0.2429426779094264,0.8477799999089778,0.3914811511507065,0.1567252949915331,0.5962571761888869,0.5811690828799236,0.6572711672141764,0.5110155805473533,0.5745600022744545,0.0834044088146485,0.3954498985999683,0.7482728176441591,0.5809416371997739,0.0568130542778395,0.4859179592715934,0.7086380757995723,0.5761996899985409,0.6143842769009067,0.6575020569744553,0.0794715536583931,0.4859179592715934,0.7788341380394332,0.6229449212683923,0.0818722814456182,0.6078944803630527,0.2486572345301875,0.5512524250390273,0.4374233561747774,0.4614956497646158,0.1105278578034998,0.2486572345301875,0.6492974427767965,0.4865793933425257,0.1096714102336989,0.0,0.0,0.0,0.0,0.0,0.0,0.0,4.0,0.0,0.0,1,2,0,0,355,19,3,True,0.004963417627995937,0.0037691335717519214,0.002424362951081191,0.9876428470960017,0.0012002387531691446,0.9876428470960017,[0.98764285],0.0823217453120865,False,0.9826794294680058,False,0.9876428470960017,False,0,False,2025-07-25 13:25:48.851583,98,0.2
2015-04-29 12:00:00,0.4681417574065541,0.5466181768138056,0.2033404936877426,0.5094737599351343,0,0,0,4,0.5156291208417015,0.5478922605383797,0.2108226469444255,0.5434086819716691,0.4387442477228886,0.1492456569750875,0.1065363082926541,0.7072782225436555,0.4983356458720039,0.0323437242494347,0.4100950543064193,0.3832556994654201,0.465628570694292,0.4860742972370218,0.4163395006775605,0.0934271737956792,0.1964975357436878,0.6081051077744999,0.468211723096214,0.112304565732503,0.5008922406780121,0.3537385058461381,0.5022584012732372,0.4037145953479462,0.3827412271275106,0.102699160085674,0.2033404936877426,0.6730167768726574,0.3755189723190973,0.1212453557815945,0.5746577565058816,0.5895523745931986,0.5735747089649103,0.9076960830515908,0.6593243498212432,0.1239239898669287,0.4757454263053381,0.960345170252691,0.6971890360833971,0.1435964985366765,0.0,5.0,0.0,0.0,0.0,0.0,0.0,10.0,0.0,0.0,12,2,0,1,344,6,4,True,0.0016056915807408536,0.00046526313121807085,0.010625518793042871,0.0006232249076382212,0.9866803015873599,0.9866803015873599,[0.9866803],0.08001926828173882,False,0.976054782794317,False,0.9866803015873599,False,0,False,2025-07-25 13:25:48.851583,98,0.2
2015-11-25 06:00:00,0.3794658036635215,0.3813798044220095,0.5239477898109821,0.3948719721581112,4,0,0,3,0.6000156446065633,0.3816648483579702,0.3320960808185244,0.274372604490375,0.4257202207102928,0.1417010543573963,0.2158070618099697,0.7460289230452687,0.4788726441133136,0.1238049377778771,0.5153532528303362,0.6485300887521499,0.5722404662970801,0.4994107067725239,0.5717363422233531,0.1039704432931495,0.3544693650323741,0.7290185144701624,0.5529792003220745,0.125138819028371,0.4440768151760063,0.6144563750929215,0.6446799339006986,0.6459581310771729,0.6503826729544945,0.108810955212573,0.4440768151760063,0.8597568595013318,0.5810365727568793,0.0884783473670346,0.5032518072906411,0.5383569645630818,0.3854920374311117,0.342999068008482,0.4406252156201652,0.1128271115942644,0.1879053126554049,0.6597674648519692,0.410785914871095,0.1236078263406643,0.0,0.0,0.0,0.0,0.0,0.0,4.0,4.0,0.0,0.0,6,2,0,0,336,0,3,True,0.0051743790874962114,0.002552897086236876,0.0031946180454032005,0.9881237038471331,0.0009544019337305085,0.9881237038471331,[0.9881237],0.07928026043559287,False,0.9829493247596369,False,0.9881237038471331,False,0,False,2025-07-25 13:25:48.851583,98,0.2
2015-08-27 17:00:00,0.2922291035996701,0.3043310554473018,0.5040760398356008,0.7360034216270802,0,0,0,2,0.6064235907922443,0.5142801857542633,0.5309541397534071,0.5099090368375007,0.4543178883311451,0.1414998972612018,0.2460063263371631,0.7109312556744055,0.3570778688229388,0.1282344708903571,0.3348090559107903,0.3926589161624683,0.5435690293137057,0.5031384609718235,0.4149812441269986,0.0952816662321843,0.2821896149802074,0.5772050061987464,0.3353248634942369,0.0459846552397268,0.2730634966510931,0.4259871851907968,0.427897068683737,0.366908789564913,0.3733456670233639,0.0990829801527388,0.1325463385053824,0.5226256976617172,0.4005024735381659,0.0829439707810773,0.525189148283075,0.4042666989166616,0.5143642949294998,0.6383358079952323,0.4564297458821445,0.1025638817259533,0.284793204016659,0.7360034216270802,0.5121344253668311,0.1557417210394001,0.0,0.0,3.0,0.0,0.0,0.0,0.0,5.0,0.0,0.0,17,3,0,1,348,11,2,True,0.0038222613745367983,0.0013026206779511737,0.9881300220454654,0.0012755481087648604,0.005469547793281685,0.9881300220454654,[0.98813002],0.07872044665341615,False,0.9826604742521837,False,0.9881300220454654,False,0,False,2025-07-25 13:25:48.851583,98,0.2
2015-05-14 14:00:00,0.4634056842313664,0.6144415886843482,0.4329399601860161,0.5147659407953262,0,0,0,1,0.5663174652352411,0.5711915834194484,0.3223353981895583,0.5660349552660092,0.6233702440980512,0.1456348211215049,0.3223353981895583,0.9514356852170256,0.5808691008481769,0.1256417146053786,0.5330170880056977,0.7118134908450422,0.4722674754691003,0.4073728629914441,0.591581758138913,0.1078552301514527,0.3606887924567073,0.8180123708933671,0.5389663118698417,0.0666113982282349,0.3741001318400686,0.4123858155383226,0.3421350709711938,0.2809969639751126,0.3845107026378625,0.0590191083348201,0.2814023274497662,0.5185149280742682,0.4051099064621096,0.068974781953022,0.4300456173413578,0.5355381612352781,0.4061188225986936,0.3974079436318884,0.4604837296206707,0.1067885725579134,0.2621124408756899,0.6636637110169169,0.5041666823848712,0.1032932551210562,0.0,0.0,0.0,0.0,0.0,0.0,0.0,1.0,0.0,0.0,14,3,0,1,344,8,1,True,0.006032427047242641,0.9881066310129492,0.0035167331796242675,0.0013753690315255996,0.0009688397286582972,0.9881066310129492,[0.98810663],0.07830757288228518,False,0.9820742039657065,False,0.9881066310129492,False,0,False,2025-07-25 13:25:48.851583,98,0.2
2015-02-13 12:00:00,0.8263608417128429,0.6833549306565612,0.3382601188926718,0.6868577191915471,0,0,0,1,0.4736235341894298,0.6445655013135488,0.5331255005939267,0.7269772440776973,0.6075315890422496,0.1258410520830547,0.383656059729116,0.8263608417128429,0.6388868303687584,0.1365211926187825,0.5888990531827818,0.7318024292562606,0.4505434751304709,0.593343500407862,0.6061473840582877,0.1231663283067614,0.4100003262899971,0.8645451475409527,0.6843588211992565,0.0864902469747658,0.5495058060712683,0.4457219362581401,0.3355417047328867,0.5188991033844119,0.4272300053969,0.0945860900317978,0.2371362494532485,0.6222877777821407,0.5131627809953275,0.1013425050621745,0.6323271217200684,0.5017952604921138,0.713764709225473,0.5623661536695562,0.4614245100805059,0.1106185979004516,0.3011847508007721,0.713764709225473,0.523050493038618,0.1686443945587841,0.0,1.0,0.0,0.0,0.0,0.0,0.0,1.0,0.0,0.0,12,4,0,1,342,6,1,True,0.0066680743730157584,0.9881791490388989,0.0007469720863451414,0.002481356413903502,0.0019244480878366295,0.9881791490388989,[0.98817915],0.07745773097995848,False,0.9815110746658832,False,0.9881791490388989,False,0,False,2025-07-25 13:25:48.851583,98,0.2
2015-02-14 05:00:00,0.4436945290881925,0.4427373214048363,0.4424753513541855,0.415375456604112,0,0,0,1,0.6482558877053556,0.7065430615597,0.5522125015395912,0.4417981618631649,0.6277739272655808,0.1223248235988292,0.3516672022925947,0.8557958639763067,0.5678752595223022,0.077121187108524,0.6377506072655308,0.4417027788471443,0.5137996168418513,0.7382154365869606,0.597530968632886,0.1085233386520953,0.4322244499804413,0.7894487264829158,0.6097169474265258,0.1215807032337009,0.4432983329020199,0.4986248779771509,0.4385214778649761,0.474533867523508,0.4563717151213937,0.0823842009111284,0.2765312220546501,0.6222877777821407,0.4340885197978758,0.0418781240392843,0.4157157755100124,0.602871082389551,0.4095915783991727,0.4186587559226736,0.4416693976050692,0.1413990603266657,0.1793839452043416,0.6868577191915471,0.3917010634301087,0.082176286121626,0.0,0.0,0.0,0.0,0.0,0.0,0.0,1.0,0.0,0.0,5,5,1,0,359,23,1,True,0.006959111492721359,0.9881491574442787,0.0011708809084821203,0.0030976952930915637,0.0006231548614261036,0.9881491574442787,[0.98814916],0.07674960355065807,False,0.9811900459515573,False,0.9881491574442787,False,0,False,2025-07-25 13:25:48.851583,98,0.2
2015-05-29 21:00:00,0.3424521020672516,0.5872778550679569,0.6578268751966305,0.3994961616846618,0,0,0,3,0.449597793932634,0.4148475116325977,0.1987452446586824,0.5649211521856813,0.3989246983082148,0.1088014767767015,0.1987452446586824,0.5353778630757878,0.3883543262394653,0.1234680660797361,0.4229161044003205,0.5026918469967714,0.665228411191227,0.8187162496014417,0.5465052699842816,0.087054967516633,0.3845908047693528,0.6872560836683856,0.5200870750302018,0.0650556778647029,0.4672961587103061,0.7986327970845379,0.6720954646142037,0.6807979705395286,0.635197298289567,0.0836451352009018,0.4672961587103061,0.7986327970845379,0.5693811290047585,0.0908507629616743,0.4303535445134523,0.5950025899431494,0.2168364561912094,0.2274704854722991,0.4572084512291712,0.1234294056434159,0.2168364561912094,0.6969383990157249,0.4441720949553855,0.1036049751090608,0.0,0.0,0.0,0.0,0.0,0.0,0.0,4.0,0.0,0.0,21,4,0,0,351,15,3,True,0.004849587259237871,0.0009353774663398445,0.004822814069646876,0.9884693137395659,0.000922907465209325,0.9884693137395659,[0.98846931],0.07600664534202264,False,0.983619726480328,False,0.9884693137395659,False,0,False,2025-07-25 13:25:48.851583,98,0.2
2015-08-27 06:00:00,0.5309541397534071,0.5435690293137057,0.427897068683737,0.5143642949294998,2,0,0,2,0.5309541397534071,0.5324469851542785,0.3590397049859423,0.6011838495626561,0.487049456604869,0.113197566880835,0.2460063263371631,0.7109312556744055,0.5138421239647272,0.15041269872706,0.5435690293137057,0.5551201142777447,0.4575759812865298,0.3654471151825219,0.4664896547624841,0.1089744002069318,0.2838103628585977,0.6786156353050283,0.4121494988979193,0.1168419716735784,0.427897068683737,0.2798251293771533,0.4598913818510031,0.4114764746280067,0.4079864366406259,0.0952879314979089,0.1325463385053824,0.6065046565790335,0.3686730432626549,0.1336479144454091,0.5143642949294998,0.4332145984202746,0.5423376291103519,0.4202597126206092,0.4417008283507166,0.0990910310412433,0.2798644679695841,0.6383358079952323,0.4477288404957982,0.0704508695312013,3.0,0.0,0.0,0.0,0.0,0.0,5.0,5.0,0.0,0.0,6,3,0,0,337,0,2,True,0.00423775814809994,0.002561342739408245,0.9888728940150022,0.001700750149855051,0.002627254947634608,0.9888728940150022,[0.98887289],0.0759588152190461,False,0.9846351358669023,False,0.9888728940150022,False,0,False,2025-07-25 13:25:48.851583,98,0.2
2015-08-27 07:00:00,0.5471402766431109,0.3949364680463232,0.2583641860009673,0.4626688527424299,0,0,0,2,0.5309541397534071,0.5574723767121016,0.6816436081040523,0.4632334475862024,0.4905455744822402,0.1137245349613893,0.2460063263371631,0.7109312556744055,0.5121201072865621,0.1498714620333975,0.5435690293137057,0.3661249396287124,0.3911972648585068,0.355163041019753,0.4681468808885912,0.1075002503030481,0.2838103628585977,0.6786156353050283,0.4169514203008544,0.1151519946879427,0.427897068683737,0.5226256976617172,0.3981709879763906,0.5275593977045028,0.3967699694863118,0.0964376061117908,0.1325463385053824,0.6065046565790335,0.3246294579858633,0.1150099343080379,0.5143642949294998,0.3632742136310305,0.611680458195715,0.5754516055176028,0.4370015469850845,0.0950647687038425,0.2798644679695841,0.6383358079952323,0.4642946136810315,0.0570275302081839,2.0,0.0,0.0,0.0,0.0,0.0,5.0,5.0,0.0,0.0,7,3,0,0,338,1,2,True,0.00371822648409679,0.0023570233475072194,0.9890535823906519,0.0018301970140978403,0.0030409707636460935,0.9890535823906519,[0.98905358],0.07510928812377654,False,0.9853353559065551,False,0.9890535823906519,False,0,False,2025-07-25 13:25:48.851583,98,0.2
2015-04-15 00:00:00,0.5256241339489759,0.5962571761888869,0.4859179592715934,0.6078944803630527,0,0,0,3,0.488340228678317,0.4242515905802525,0.4334821049540426,0.5016443935506135,0.4623093516227192,0.140624369716754,0.2429426779094264,0.8477799999089778,0.4916666020877882,0.2235302794756673,0.5079449017012152,0.6156108019208582,0.5733053247058408,0.5695531647675203,0.5735798009034865,0.0840310660444721,0.3954498985999683,0.7482728176441591,0.5887130821046633,0.0521981258524493,0.6331623692812003,0.527515566984289,0.7523045121720098,0.6210132760161948,0.6581226934601929,0.0790558757027252,0.4859179592715934,0.7788341380394332,0.641136433694454,0.0875475895142106,0.4037777665615168,0.4733187759611048,0.3467365661459104,0.4265012133120328,0.4644152247436261,0.1088456299494556,0.2486572345301875,0.6492974427767965,0.4667966729844686,0.1415507742757662,0.0,0.0,0.0,0.0,0.0,0.0,0.0,4.0,0.0,0.0,0,2,0,0,354,18,3,True,0.004207323122133227,0.0035217581077530893,0.0025612170344668146,0.9889910283084196,0.000718673427227345,0.9889910283084196,[0.98899103],0.07434511619118145,False,0.9847837051862863,False,0.9889910283084196,False,0,False,2025-07-25 13:25:48.851583,98,0.2
2015-06-28 07:00:00,0.4830674558331723,0.8095082942024507,0.4107913974838274,0.5724043586973572,0,0,0,4,0.6935264744570072,0.6068578518338378,0.5678473239741585,0.6692282588404984,0.5943242145103305,0.1280864232046587,0.3849985854645371,0.9300389816438612,0.57406218826949,0.1213025599197173,0.4029668177981086,0.5678059644493252,0.6657356447227705,0.8411356878048664,0.6083971930367486,0.1444224059653366,0.3176753681138914,0.8844736987328348,0.6186620427030535,0.1743934644217095,0.1859434385227004,0.2854557776244351,0.4611242459017606,0.4567380139179162,0.3766729836979107,0.0975592841557738,0.1859434385227004,0.5613228615993651,0.3251503999538385,0.1127591874445675,0.847001267659753,0.8374522669377035,0.7718935389428198,0.7237364617042071,0.7028320848753816,0.1163567982091917,0.5049450708922094,0.9203724793706066,0.746397883482501,0.1434670697515171,5.0,0.0,0.0,0.0,0.0,0.0,6.0,6.0,0.0,0.0,7,6,1,0,338,1,4,True,0.0014801792123634429,0.00794132633436144,0.0013614410385975116,0.0007023269248160179,0.9885147264898617,0.9885147264898617,[0.98851473],0.07354909187511177,False,0.9805734001555003,False,0.9885147264898617,False,0,False,2025-07-25 13:25:48.851583,98,0.2
2015-06-13 06:00:00,0.4745335692741695,0.7048261817569759,0.2927434089216553,0.6594454857724582,3,0,0,2,0.4745335692741695,0.6052908833924834,0.4831260949080379,0.4633197267042003,0.4684070483577122,0.0967017913999967,0.2983964740614923,0.6283321249511943,0.5174063563425799,0.0498937353527994,0.7048261817569759,0.5564389194481019,0.3746473683592993,0.3743077134130944,0.4500333029366352,0.1287646696919318,0.1983909571104041,0.7048261817569759,0.5302331211436809,0.1636576618604893,0.2927434089216553,0.4538680203927503,0.3711936770961619,0.4815578377425487,0.4038831935334754,0.0688945880059379,0.2927434089216553,0.5162243087505534,0.3584871352010791,0.0712059939070021,0.6594454857724582,0.1935608304434668,0.4801801585438152,0.3347594809024575,0.4647158846429371,0.1585381640190361,0.1092210411268252,0.7087300965803506,0.5392410622393661,0.1832679372767276,2.0,0.0,0.0,0.0,0.0,0.0,5.0,5.0,0.0,0.0,6,5,1,0,337,0,2,True,0.004131119401504497,0.00199028846030092,0.9893302780035435,0.0029943850235811757,0.0015539291110698594,0.9893302780035435,[0.98933028],0.07311734750137104,False,0.985199158602039,False,0.9893302780035435,False,0,False,2025-07-25 13:25:48.851583,98,0.2
2015-11-25 11:00:00,0.4602632331998711,0.7602310432724293,0.5780697292948214,0.4284870460048395,0,0,0,3,0.3453404123543638,0.6000156446065633,0.4120755819062976,0.2972438499556006,0.435471510667309,0.1287083073037684,0.2158070618099697,0.7460289230452687,0.4144171159029857,0.0823292704088934,0.5050310207097433,0.5153532528303362,0.501317054155487,0.6679894160300961,0.5620621031089214,0.101046980009339,0.3544693650323741,0.7602310432724293,0.5491612698159626,0.1225898502845998,0.6656635642446491,0.4440768151760063,0.7615873846805532,0.5861709998418148,0.6394818055633492,0.0977427483435611,0.4440768151760063,0.8515482122701108,0.5883950874404328,0.0666905091820138,0.29992028757067,0.5032518072906411,0.3623250104992733,0.6456826700849437,0.440250551739375,0.1102727833666327,0.1879053126554049,0.6597674648519692,0.4325431787525031,0.092762597611108,0.0,0.0,0.0,0.0,0.0,0.0,4.0,4.0,0.0,0.0,11,2,0,1,341,5,3,True,0.0058342312970622685,0.001670473435165261,0.002541439862078268,0.9891404978945448,0.0008133575111493375,0.9891404978945448,[0.9891405],0.07246543991040486,False,0.9833062665974825,False,0.9891404978945448,False,0,False,2025-07-25 13:25:48.851583,98,0.2
2015-05-14 06:00:00,0.661503318583348,0.6801835815597046,0.307857543306296,0.6057252967041707,1,0,0,1,0.660965144813528,0.7716229217409211,0.6059222585668534,0.4084816300358699,0.5974714872122397,0.1401491441342718,0.2251070170717838,0.9514356852170256,0.5562706073539131,0.125268853248755,0.693535271988134,0.5107126037375047,0.5750358594495313,0.4765816792897491,0.6025547790150894,0.1027772858096392,0.4073728629914441,0.8180123708933671,0.6295203599583573,0.0881296908620242,0.3805384650462827,0.3969007393676234,0.2814023274497662,0.2665164417109268,0.3721261058292159,0.0559636889654091,0.2809969639751126,0.5002270371771829,0.3812471675021369,0.0518986546325549,0.3202880735772135,0.2621124408756899,0.4436947688155186,0.3238805075253854,0.4432761154269509,0.0966796138565873,0.2621124408756899,0.656350883380456,0.4276570872463039,0.1156412202674695,0.0,0.0,0.0,0.0,0.0,0.0,1.0,1.0,0.0,0.0,6,3,0,0,336,0,1,True,0.007571584862229366,0.9889291290036728,0.0017229268223435052,0.0009705754307898223,0.0008057838809643345,0.9889291290036728,[0.98892913],0.07142196766357237,False,0.9813575441414434,False,0.9889291290036728,False,0,False,2025-07-25 13:25:48.851583,98,0.2
2015-08-12 17:00:00,0.7566413880620458,0.5400901783901211,0.4261087081214169,0.410923247478843,0,0,0,1,0.8974330280880826,0.7322142233422241,0.5741773270549725,0.7053432652081572,0.6389376064231571,0.1429316048850355,0.3955440089103544,0.8974330280880826,0.7537494929513354,0.1100477410156148,0.6128499673323105,0.5297819909949548,0.4834334039212081,0.7920737466512469,0.5620011503392708,0.0892508327053872,0.4049898298629655,0.7017973679025375,0.5486017173381594,0.0866766815710406,0.32559761155872,0.2798986557600251,0.4057882091836713,0.3806091070406514,0.3960793225315249,0.0703853840334394,0.2364091194136379,0.5311241486713809,0.40063067361924,0.0650655088160815,0.6133426327132879,0.285777972492604,0.4089947189936697,0.5682237434606138,0.4715733488355727,0.0911951031316701,0.2795339190029285,0.6133426327132879,0.4983045949697947,0.0784903534696037,0.0,0.0,0.0,0.0,0.0,0.0,0.0,1.0,0.0,0.0,17,2,0,1,347,11,1,True,0.004037699492712732,0.9895158422371838,0.004361421007139351,0.0010570399573326384,0.0010279973056312548,0.9895158422371838,[0.98951584],0.07070517081825498,False,0.9851544212300445,False,0.9895158422371838,False,0,False,2025-07-25 13:25:48.851583,98,0.2
2015-02-13 09:00:00,0.7504510015107201,0.6444136254973984,0.6222877777821407,0.3288918604296412,0,0,0,1,0.5037437971909825,0.740366905672076,0.6276176094593257,0.6526725465714335,0.6082911601616103,0.1167618299886453,0.383656059729116,0.8086616138805621,0.5838099455791673,0.1132690796279929,0.7870794634611891,0.6690655019734024,0.5185384281504584,0.6015423512632243,0.5951338345066741,0.1170598824280315,0.4100003262899971,0.8645451475409527,0.6853854228991053,0.0772983750476131,0.5760979115432936,0.445864555198161,0.5015597316221923,0.5949332716843845,0.4280486642871057,0.0915752934940726,0.2371362494532485,0.6222877777821407,0.5165362744701489,0.0733793162703061,0.6506121598668416,0.4276102621559937,0.3485988281955019,0.2843734911104811,0.4461510605019275,0.0962646015093406,0.2907733296042938,0.713764709225473,0.4805751209350815,0.1102837562691378,0.0,0.0,0.0,0.0,0.0,0.0,1.0,1.0,0.0,0.0,9,4,0,1,339,3,1,True,0.004943535369156247,0.9896866158723691,0.0006947215745023325,0.003909238530755942,0.0007658886532165773,0.9896866158723691,[0.98968662],0.06872987537196278,False,0.9847430805032128,False,0.9896866158723691,False,0,False,2025-07-25 13:25:48.851583,98,0.2
2015-11-25 14:00:00,0.408151559946026,0.5195933898521499,0.4820374101699987,0.4765875226688456,0,0,0,3,0.6447160429524356,0.3267910798743457,0.6167702840551174,0.442710005512014,0.4509490333517618,0.1275181922632805,0.2766557714348562,0.7460289230452687,0.4626927646880223,0.1148854850600496,0.4986046815452213,0.535810402332664,0.6109525713974451,0.4990187944669044,0.5560936460221547,0.0965971111936496,0.3544693650323741,0.7602310432724293,0.558015263531828,0.1003945713881416,0.6091007607568211,0.5543088906282996,0.6382869518906724,0.5525891871740407,0.629945156823501,0.1004138706132429,0.4440768151760063,0.8515482122701108,0.5981593752707249,0.0707805706263396,0.5667915099287154,0.513366979149851,0.5401906949603483,0.2485173580387577,0.4512136066353111,0.0975557947159749,0.1879053126554049,0.6153530210274006,0.4790336274980653,0.1028830499765983,0.0,0.0,0.0,0.0,0.0,0.0,0.0,4.0,0.0,0.0,14,2,0,1,344,8,3,True,0.00319948252858839,0.0029785315207071957,0.003110540178262166,0.9900072398900944,0.00070420588234782,0.9900072398900944,[0.99000724],0.0687155074256548,False,0.986807757361506,False,0.9900072398900944,False,0,False,2025-07-25 13:25:48.851583,98,0.2
2015-02-14 00:00:00,0.5831225946092017,0.5117631139604473,0.3896214364330174,0.2523412740771156,0,0,0,1,0.7065430615597,0.3516672022925947,0.8263608417128429,0.5331255005939267,0.6372028571389753,0.1282054669644566,0.3516672022925947,0.8557958639763067,0.6932457942780411,0.0899416647991208,0.4417027788471443,0.4322244499804413,0.6833549306565612,0.4505434751304709,0.5930925654943412,0.1070934149391643,0.4100003262899971,0.7894487264829158,0.5396451151602494,0.075307881115399,0.4986248779771509,0.4968612882213463,0.3382601188926718,0.3355417047328867,0.4473373920386461,0.0904416963900098,0.2765312220546501,0.6222877777821407,0.4669043207211389,0.0603277578578864,0.602871082389551,0.3822930698334996,0.6868577191915471,0.713764709225473,0.4447099172478448,0.1394844751349201,0.1793839452043416,0.6868577191915471,0.3941344103876422,0.1786144631475618,0.0,0.0,0.0,0.0,0.0,0.0,0.0,1.0,0.0,0.0,0,5,1,0,354,18,1,True,0.005214541025580061,0.9899608732216294,0.0016115848355240429,0.0020643340099429316,0.001148666907323646,0.9899608732216294,[0.98996087],0.06830030628457547,False,0.9847463321960493,False,0.9899608732216294,False,0,False,2025-07-25 13:25:48.851583,98,0.2
2015-02-13 11:00:00,0.4736235341894298,0.5888990531827818,0.5495058060712683,0.6323271217200684,0,0,0,1,0.6427785949336485,0.4417981618631649,0.4016892816025931,0.6483613719211455,0.6033906058074519,0.1198181222822048,0.383656059729116,0.8086616138805621,0.608587606968876,0.1025355205894181,0.7894487264829158,0.7382154365869606,0.5399530762307121,0.5355653763867732,0.6023969077979253,0.1220787469146159,0.4100003262899971,0.8645451475409527,0.6924334042992064,0.088613214482488,0.4576212805582555,0.474533867523508,0.3905696170726545,0.4582638002942587,0.4347566297507224,0.0943854573530037,0.2371362494532485,0.6222877777821407,0.5310730838895722,0.0683873808404335,0.3011847508007721,0.4186587559226736,0.3627369355523394,0.4006673185526547,0.4562373615170896,0.1021853035525088,0.3011847508007721,0.713764709225473,0.4922067499220457,0.1484018987173257,0.0,0.0,0.0,0.0,0.0,0.0,1.0,1.0,0.0,0.0,11,4,0,1,341,5,1,True,0.005030879369480261,0.9900348061624673,0.0008906499295821069,0.0030649611333005817,0.0009787034051699248,0.9900348061624673,[0.99003481],0.06731597831652013,False,0.9850039267929871,False,0.9900348061624673,False,0,False,2025-07-25 13:25:48.851583,98,0.2
2015-08-12 07:00:00,0.6939564974208899,0.4049898298629655,0.351577273977781,0.4039129760822768,0,0,0,1,0.6609355634202324,0.4596630033852732,0.8021970594108997,0.4034817767029296,0.5867804548665075,0.1191372747180754,0.3838396066583226,0.8339619821248402,0.5824095080012486,0.0810771552030304,0.5797413799860089,0.6260060962006844,0.5037374394567977,0.4611942037365183,0.5644715741982371,0.1037310489451834,0.4049898298629655,0.7920737466512469,0.5492526673893682,0.0975012512720785,0.4076562343477714,0.3712362869533314,0.4266769021974488,0.4394420994812452,0.3995260969298017,0.0855260942906056,0.2364091194136379,0.5733560017747434,0.3898130140005492,0.0263393248539828,0.5253913575065146,0.2795339190029285,0.5551638783296228,0.5031647402090044,0.4383502309369982,0.1042749851017274,0.2497692140171519,0.6342709101576861,0.4658910941663698,0.0630573343056127,1.0,0.0,0.0,0.0,0.0,0.0,1.0,1.0,0.0,0.0,7,2,0,0,337,1,1,True,0.005024124027402958,0.9901982900771175,0.0031005924301686786,0.0009432276845733719,0.000733765780737791,0.9901982900771175,[0.99019829],0.06612479915162608,False,0.9851741660497145,False,0.9901982900771175,False,0,False,2025-07-25 13:25:48.851583,98,0.2
2015-10-27 04:00:00,0.3542111138016058,0.5286949435119517,0.4823450730999672,0.3277424765121574,0,0,0,2,0.5158339774259667,0.2787570965593203,0.4111031995753914,0.4578381461643709,0.4590601232051735,0.1453596833123024,0.27462037163395,0.8450277649182109,0.4209166781042577,0.1008758459717383,0.3141850807833262,0.2919870992350423,0.3556256241897579,0.5107310129352349,0.2786291573344766,0.1439060689022178,0.0,0.6078638117596002,0.3510614451507961,0.2145089559948162,0.2250432853301751,0.4511205914087705,0.5300079248680374,0.5442024578860767,0.4207204166842442,0.0802681271638729,0.2250432853301751,0.5582134439339899,0.3944084944946636,0.1289859154966506,0.484913191259941,0.3631324671264105,0.4967454314873993,0.4600933057085862,0.4332929914684391,0.0692197425060824,0.3097799781292153,0.5844249160852973,0.4655244150064202,0.0872438036027787,0.0,0.0,0.0,0.0,0.0,0.0,0.0,5.0,0.0,0.0,4,1,0,0,359,22,2,True,0.0029703677531917935,0.002540486167135828,0.9906365842057538,0.002164906511521093,0.0016876553623974202,0.9906365842057538,[0.99063658],0.0658418503798608,False,0.987666216452562,False,0.9906365842057538,False,0,False,2025-07-25 13:25:48.851583,98,0.2
2015-05-30 00:00:00,0.6114692265980147,0.6392732489552206,0.350071524993008,0.3131679589804813,0,0,0,3,0.5633822980064355,0.5353778630757878,0.4764938000482684,0.3969658854819918,0.4138387708027331,0.120516360503228,0.1987452446586824,0.6114692265980147,0.4913469657182501,0.0933093335225462,0.8092688356699491,0.4944547757945062,0.5674168813423168,0.6872560836683856,0.5567049817784397,0.1002248260194372,0.3845908047693528,0.8092688356699491,0.6067662733779432,0.1239062271685093,0.8215818222150477,0.5201732057688575,0.5789653329045754,0.6398392982331944,0.6263008160908209,0.1050983533199809,0.350071524993008,0.8215818222150477,0.6035395183918629,0.1694587271677282,0.2926144901675152,0.4909083070402439,0.6454617509375261,0.5095407408723989,0.4528778238651327,0.1247636144299052,0.2168364561912094,0.6969383990157249,0.375362743438018,0.0655650659063949,0.0,0.0,0.0,0.0,0.0,0.0,0.0,4.0,0.0,0.0,0,5,1,0,354,18,3,True,0.005387304047154396,0.0011020218911709392,0.002145286158306796,0.990294139316355,0.0010712485870128024,0.990294139316355,[0.99029414],0.06581362757354903,False,0.9849068352692006,False,0.990294139316355,False,0,False,2025-07-25 13:25:48.851583,98,0.2
2015-03-01 05:00:00,0.5267346600244543,0.5866873189453872,0.3899729575606999,0.7469615940393616,0,0,0,4,0.6256557834042001,0.4905314218594264,0.4203306949874298,0.7502632635054881,0.4615674693447433,0.1124988127118512,0.2223051847954066,0.660913866426084,0.528401859096906,0.0636453709029999,0.5761110480627101,0.5165870833153388,0.66458594238274,0.7203514879783162,0.5960579005554967,0.1103097846918025,0.3245345186525195,0.7870777300850731,0.6018259624126441,0.0887815192925556,0.4722306739706752,0.3345630540125548,0.318495352690739,0.5022242409671782,0.4059540918511582,0.0901690755939071,0.2122876994227726,0.5597426354151684,0.4202780963609042,0.0430804579977558,0.5807233297781053,0.6929713245417927,0.6461372547006502,0.6023340426120388,0.6557906895807875,0.1283478985927926,0.3498720436400689,0.8849552173773639,0.6480661568484742,0.0835632247117417,0.0,0.0,0.0,0.0,0.0,0.0,0.0,9.0,0.0,0.0,5,6,1,0,359,13,4,True,0.0032234401545914635,0.0009260757787494355,0.004345645545545604,0.001039987612197322,0.9904648509089162,0.9904648509089162,[0.99046485],0.06522898190903052,False,0.9861192053633706,False,0.9904648509089162,False,0,False,2025-07-25 13:25:48.851583,98,0.2
2015-02-14 03:00:00,0.6082725609936762,0.7077384731461354,0.5083431597072683,0.5054362701941382,0,0,0,1,0.5075382948275396,0.6627996523541132,0.8160200788755269,0.740366905672076,0.6225983332652173,0.1240910010223678,0.3516672022925947,0.8557958639763067,0.6177866169360477,0.0718713325894741,0.7696947361477458,0.4798774526480009,0.499683037762331,0.6690655019734024,0.6081798004076662,0.106805436302701,0.4322244499804413,0.7894487264829158,0.5985589397865393,0.12178496785682,0.4102904679930591,0.4334135110004381,0.4921000067603596,0.445864555198161,0.4577939045320927,0.0823943025723196,0.2765312220546501,0.6222877777821407,0.4471991704128666,0.0505049652530291,0.3843604811800548,0.1793839452043416,0.5145249819777524,0.4276102621559937,0.4430290170419413,0.1412654992049469,0.1793839452043416,0.6868577191915471,0.4245038756568284,0.1198961574770654,0.0,0.0,0.0,0.0,0.0,0.0,0.0,1.0,0.0,0.0,3,5,1,0,357,21,1,True,0.00451606701388227,0.9904336637383865,0.0008609599656490949,0.0036416894938834724,0.0005476197881987081,0.9904336637383865,[0.99043366],0.06454569269429371,False,0.9859175967245042,False,0.9904336637383865,False,0,False,2025-07-25 13:25:48.851583,98,0.2
2015-08-12 06:00:00,0.6609355634202324,0.5797413799860089,0.4076562343477714,0.5253913575065146,1,0,0,1,0.5741773270549725,0.4425481432476775,0.6142798057318973,0.5273781383101265,0.5746773415032593,0.1224835265004417,0.3838396066583226,0.8339619821248402,0.5433605923286459,0.0725845605272898,0.4834334039212081,0.4309083657543593,0.6904114209404986,0.3990172948564116,0.5668134231096351,0.1005599903524301,0.4051187267465218,0.7920737466512469,0.5860887117789879,0.0699577408777397,0.4057882091836713,0.5311241486713809,0.4556719017767097,0.3670095469383109,0.4031871313257794,0.0852645285324406,0.2364091194136379,0.5733560017747434,0.3930895161631409,0.0213892979921614,0.4089947189936697,0.4410627699080662,0.4970470102484869,0.4446335135237691,0.4424857211089452,0.1048165704847725,0.2497692140171519,0.6342709101576861,0.4451612513198117,0.0981738135712805,0.0,0.0,0.0,0.0,0.0,0.0,1.0,1.0,0.0,0.0,6,2,0,0,336,0,1,True,0.0057491564744087285,0.9903978357080867,0.002202663594116386,0.0011007861971034552,0.0005495580262847705,0.9903978357080867,[0.99039784],0.06431364939540464,False,0.9846486792336779,False,0.9903978357080867,False,0,False,2025-07-25 13:25:48.851583,98,0.2
2015-05-14 07:00:00,0.945268259654117,0.3606887924567073,0.4655535184177066,0.3610329758869511,0,0,0,1,0.661503318583348,0.5848096501938919,0.6397285591742129,0.6678324953188041,0.6090313107262112,0.1566727154769402,0.2251070170717838,0.9514356852170256,0.6163470422639507,0.2036227179423448,0.6801835815597046,0.6906082196909922,0.5134347269564716,0.5048222693436266,0.5965492174781344,0.1124886140219477,0.3606887924567073,0.8180123708933671,0.5745337887526433,0.1335902384593225,0.307857543306296,0.3916424426655395,0.3190828078210735,0.5002270371771829,0.3706813758809044,0.0528752560030766,0.2809969639751126,0.4655535184177066,0.393565680127498,0.0625401891626739,0.6057252967041707,0.3493856548325629,0.656350883380456,0.5635460685302661,0.4348380699001462,0.0945400894035635,0.2621124408756899,0.656350883380456,0.4295983074220353,0.1141527084150417,1.0,0.0,0.0,0.0,0.0,0.0,1.0,1.0,0.0,0.0,7,3,0,0,337,1,1,True,0.004782452245837792,0.9907124514917257,0.0017982736906903493,0.0011785076312329109,0.001528314940513072,0.9907124514917257,[0.99071245],0.06401897842063795,False,0.9859299992458879,False,0.9907124514917257,False,0,False,2025-07-25 13:25:48.851583,98,0.2
2015-06-13 07:00:00,0.3133729416487595,0.518630972329327,0.2900505592351419,0.5600310425902714,0,0,0,2,0.4745335692741695,0.492097362759243,0.3491910055695021,0.3921707452563582,0.465123806540729,0.1006594185895028,0.2983964740614923,0.6283321249511943,0.4876189528241659,0.0980941148514852,0.7048261817569759,0.3508425128097542,0.5531394000820524,0.403969197453517,0.454810876889794,0.1291079354687627,0.1983909571104041,0.7048261817569759,0.5581978643969431,0.1394134927010872,0.2927434089216553,0.3146619731671843,0.3587092347874899,0.5162243087505534,0.3944592873036666,0.0683261297511354,0.2900505592351419,0.4981784610376583,0.354385232879072,0.0748510979586924,0.6594454857724582,0.4256226987632169,0.5680476961584519,0.6251338103220542,0.4620032693207794,0.1562139707402731,0.1092210411268252,0.7087300965803506,0.5616424528772085,0.1746126233221815,3.0,0.0,0.0,0.0,0.0,0.0,5.0,5.0,0.0,0.0,7,5,1,0,338,1,2,True,0.002895564984576068,0.0011672733822392033,0.9909234861166503,0.0030913138062245464,0.0019223617103099936,0.9909234861166503,[0.99092349],0.06372926988758415,False,0.9878321723104257,False,0.9909234861166503,False,0,False,2025-07-25 13:25:48.851583,98,0.2
2015-11-25 15:00:00,0.4290307114486816,0.6425277326229677,0.6888707865958499,0.4967151689900713,0,0,0,3,0.408151559946026,0.5485060203784377,0.5536480204280437,0.2857373353774343,0.4569195906880638,0.122710408758381,0.2766557714348562,0.7460289230452687,0.4427802131997297,0.1071293929067746,0.5195933898521499,0.5459173377304771,0.4505557061583222,0.5558930109901681,0.5597034260901881,0.0981948201664055,0.3544693650323741,0.7602310432724293,0.5741169960139096,0.1056747393757673,0.4820374101699987,0.6761165940212543,0.5554507017065828,0.8003152568490228,0.6253016372296188,0.0946013394393115,0.4440768151760063,0.8515482122701108,0.6002850740331577,0.0737205080135204,0.4765875226688456,0.5602199619500813,0.3965905106933796,0.4241036709978657,0.4542390857183196,0.09780411209889,0.1879053126554049,0.6153530210274006,0.4684494953380635,0.0958893974834891,0.0,0.0,0.0,0.0,0.0,0.0,0.0,4.0,0.0,0.0,15,2,0,1,345,9,3,True,0.004042897050613827,0.002331757533009017,0.002169549694079984,0.9908267401244614,0.0006290555978358138,0.9908267401244614,[0.99082674],0.06348703143085231,False,0.9867838430738476,False,0.9908267401244614,False,0,False,2025-07-25 13:25:48.851583,98,0.2
2015-02-28 21:00:00,0.2403298925153821,0.6408951715654982,0.3696057409590522,0.3498720436400689,0,0,0,4,0.2223051847954066,0.5281206158929056,0.4905510180718347,0.5060178448897567,0.4217147693672164,0.1457272061979773,0.1273786850967674,0.7502632635054881,0.3397942181810969,0.098509461761659,0.6947626133837237,0.4374263671044626,0.6707963305189137,0.6024165404026627,0.5979625156254209,0.1198512703815808,0.3245345186525195,0.8000236592232863,0.6469738190880912,0.0463240613179964,0.4397874526146899,0.3441820430275929,0.2122876994227726,0.380584068329868,0.4103332475815447,0.0946564998056888,0.2122876994227726,0.5661882847433379,0.379366289795439,0.0805374372712933,0.4558275351008974,0.7444940473835017,0.6505399219007327,0.4926607522806122,0.686697401972876,0.1260811038696517,0.3498720436400689,0.8849552173773639,0.6574510049876833,0.2150769804190544,0.0,0.0,0.0,0.0,0.0,0.0,4.0,9.0,0.0,0.0,21,5,1,0,351,5,4,True,0.0028590576427489963,0.00139894967197809,0.0039873036255373365,0.0008486037805975186,0.990906085279138,0.990906085279138,[0.99090609],0.06302230981607396,False,0.9869187816536007,False,0.990906085279138,False,0,False,2025-07-25 13:25:48.851583,98,0.2
2015-07-29 00:00:00,0.5697040645519978,0.7033193713067689,0.8538628183314754,0.4112739365952222,0,0,0,3,0.3320708230203438,0.4697023787928628,0.406547726452512,0.5118301394663586,0.4678345629392605,0.1018692907130478,0.330167056549573,0.7861824292675327,0.4409201000527009,0.0952636476614587,0.4899569473555502,0.6249111087340391,0.5139703363054686,0.9460090382907512,0.6169655623642736,0.1355814546595152,0.2913505497140738,0.8600537703019018,0.5668268824357332,0.1846568760952389,0.4894954148147978,0.7255472566618784,0.596132163658323,0.5592814690023089,0.6562651019113278,0.0963075176236183,0.4894954148147978,0.8538628183314754,0.6594524182961861,0.1316247179266094,0.4012562972446533,0.6742258162421327,0.5546291784569571,0.4293299617063726,0.4962901085235624,0.1517129912736664,0.219350942942693,0.77160970449412,0.5534450641509353,0.1620677712732759,0.0,0.0,0.0,0.0,0.0,0.0,0.0,4.0,0.0,0.0,0,2,0,0,354,18,3,True,0.003043791564292443,0.0021309058741443305,0.002185041680070901,0.9912098182950256,0.0014304425864665187,0.9912098182950256,[0.99120982],0.062251690389850636,False,0.9881660267307332,False,0.9912098182950256,False,0,False,2025-07-25 13:25:48.851583,98,0.2
2015-04-29 20:00:00,0.4835819360964323,0.4620144344619719,0.1791032749820289,0.8209914643356339,0,0,0,4,0.3439778386941722,0.4940938812820742,0.4825563947476358,0.1065363082926541,0.4806455858465768,0.1391797777009135,0.2108226469444255,0.7529696627027652,0.4646634071691959,0.1761588737817575,0.4027947576776569,0.414239933466243,0.6081051077744999,0.344001765646241,0.4187176360343467,0.1023946731125846,0.1830764234788327,0.6081051077744999,0.3968511752308361,0.1145208739526274,0.5306615074063092,0.5836437985777616,0.3225532585401004,0.3472451270169624,0.3949037189241386,0.1005892166103643,0.1791032749820289,0.5836437985777616,0.3682058856665333,0.1247606809782912,0.6067479295215986,0.6336005030256303,0.8578756705926073,0.7295614305272634,0.6776457443895332,0.1101787104871804,0.5094737599351343,0.8585150321836484,0.7204564518296346,0.1173239098440986,0.0,0.0,0.0,0.0,0.0,0.0,0.0,10.0,0.0,0.0,20,2,0,0,352,14,4,True,0.0011490244395492874,0.00040105787139733105,0.007624746023105456,0.0005816203074794488,0.9902435513584684,0.9902435513584684,[0.99024355],0.06213696993100892,False,0.9826188053353629,False,0.9902435513584684,False,0,False,2025-07-25 13:25:48.851583,98,0.2
2015-08-27 19:00:00,0.5742986507798539,0.5154766886400708,0.4892038179022346,0.4535943954567856,0,0,0,2,0.4295595201822612,0.2508044087216668,0.5471402766431109,0.6816436081040523,0.4527835074091502,0.1342787533028751,0.2460063263371631,0.7109312556744055,0.431374594256118,0.1324872088796295,0.5291777649488592,0.4098156189410931,0.3949364680463232,0.3911972648585068,0.4231429611038276,0.0995575362630115,0.2821896149802074,0.5772050061987464,0.3803351848429804,0.1113864448111274,0.3236023478755643,0.4499495024295125,0.2583641860009673,0.3981709879763906,0.3714599918546308,0.100759455936891,0.1325463385053824,0.5226256976617172,0.3879139219840639,0.0931116746400011,0.539889932683075,0.5022767579889105,0.4626688527424299,0.611680458195715,0.4497408392502193,0.0969899019373792,0.284793204016659,0.7360034216270802,0.5465368197225462,0.1154056919690398,0.0,0.0,0.0,0.0,0.0,0.0,0.0,5.0,0.0,0.0,19,3,0,0,350,13,2,True,0.0026634927736613194,0.0012207963183109506,0.9911215375376423,0.0010147828152713425,0.003979390555114296,0.9911215375376423,[0.99112154],0.06180542262104783,False,0.987142146982528,False,0.9911215375376423,False,0,False,2025-07-25 13:25:48.851583,98,0.2
2015-02-28 07:00:00,0.660913866426084,0.5437794960737083,0.4779282930585109,0.7645707469835074,0,0,0,4,0.4168316582940109,0.4812129480390351,0.4677049545919874,0.6369961410541766,0.4567985919054513,0.1519044214698629,0.1273786850967674,0.7502632635054881,0.5196338850946962,0.1681502267885343,0.5149475598855522,0.5338208999451333,0.5368040084250536,0.5071460468935851,0.6034572015557608,0.0941920296890182,0.44945596035172,0.8000236592232863,0.5559951023971943,0.0929915630925658,0.3230758251190859,0.3959612852482665,0.4171794367179642,0.4712331921359729,0.432228718058275,0.0792246847898246,0.2822213087207772,0.5936064039403226,0.4412413117912185,0.0743815987991307,0.726913615334818,0.7087473668984189,0.5510791666419578,0.7114097208952023,0.66228970513208,0.1035825931499906,0.4924196034650874,0.8628752286785283,0.6919555627070756,0.0635868286251994,5.0,0.0,0.0,0.0,0.0,0.0,5.0,5.0,0.0,0.0,7,5,1,0,337,1,4,True,0.0031575119814877934,0.0021810488712422304,0.0017351591750598395,0.0016350272079291022,0.9912912527642811,0.9912912527642811,[0.99129125],0.061737235712221804,False,0.9881337407827933,False,0.9912912527642811,False,0,False,2025-07-25 13:25:48.851583,98,0.2
2015-07-29 02:00:00,0.5003085904976673,0.737054909361301,0.5720019152107443,0.3440532752640696,0,0,0,3,0.3593916477756295,0.5158360779439423,0.4510739375224465,0.3599339326101681,0.4672919908972588,0.101686454876169,0.330167056549573,0.7861824292675327,0.4396337570790665,0.091592690980125,0.3592960149354462,0.5167343096902808,0.5275424207986528,0.435674377183661,0.6137881111264877,0.1408216722314399,0.2913505497140738,0.8600537703019018,0.5256514981580045,0.1801875841830099,0.5494093379999032,0.5453126668499448,0.6966707232652389,0.6047165225118469,0.6497777437080735,0.0995466333795539,0.4894954148147978,0.8538628183314754,0.6403179826556085,0.1342895988106507,0.5606107406268955,0.4689322243091542,0.229950231452378,0.747523667995628,0.4834641885260296,0.1457592566006313,0.219350942942693,0.77160970449412,0.4974654119988838,0.1426082195916155,0.0,0.0,0.0,0.0,0.0,0.0,0.0,4.0,0.0,0.0,2,2,0,0,356,20,3,True,0.0029816181715197694,0.0020714274526012783,0.002511790169598864,0.9912705531640964,0.0011646110421835805,0.9912705531640964,[0.99127055],0.06173548700276418,False,0.9882889349925766,False,0.9912705531640964,False,0,False,2025-07-25 13:25:48.851583,98,0.2
2015-04-29 17:00:00,0.5362216190552808,0.5104071963787822,0.2803648065024362,0.8585150321836484,0,0,0,4,0.4322806414265611,0.5156291208417015,0.5478922605383797,0.3759441930044586,0.4661160172099005,0.1583274770920134,0.1065363082926541,0.7529696627027652,0.5469767595434508,0.1160469837611462,0.4451355265969394,0.4100950543064193,0.3832556994654201,0.4444578302808207,0.4126309235830379,0.1034474561705033,0.1830764234788327,0.6081051077744999,0.4338997096115575,0.1318232914672207,0.3988814901872333,0.5008922406780121,0.3537385058461381,0.2400653861039742,0.3905285614583086,0.0896099217626983,0.2033404936877426,0.5836437985777616,0.3967085737170389,0.1365283126002794,0.6858103003627983,0.5746577565058816,0.5895523745931986,0.4912278444506582,0.6713679256784211,0.1039693125627905,0.5094737599351343,0.8585150321836484,0.6681154683055697,0.1255675598961531,0.0,0.0,3.0,0.0,0.0,0.0,0.0,10.0,0.0,0.0,17,2,0,1,349,11,4,True,0.001155911368075966,0.0006396433997104665,0.007202524936419716,0.0005470129300332683,0.9904549073657606,0.9904549073657606,[0.99045491],0.06166200859898856,False,0.9832523824293409,False,0.9904549073657606,False,0,False,2025-07-25 13:25:48.851583,98,0.2
2015-10-27 03:00:00,0.5158339774259667,0.3141850807833262,0.2250432853301751,0.484913191259941,0,0,0,2,0.4374661789165323,0.3793086782061191,0.2866956030322108,0.4417319115051351,0.4633779162202887,0.1436387076373099,0.27462037163395,0.8450277649182109,0.4083410085638768,0.1146215608272131,0.3864822847901442,0.2052389685806375,0.1650373368389303,0.3099984822870973,0.2778806602271134,0.1425895494897932,0.0,0.6078638117596002,0.3116101377713112,0.1962998449778188,0.5582134439339899,0.3764773944319782,0.5391129876702494,0.4812320340557812,0.4232978077169989,0.083269898270952,0.2250432853301751,0.5582134439339899,0.3892044142127974,0.1253058317498855,0.5204448763841278,0.4485344491759362,0.4817176450432149,0.3350866638505184,0.4388076093516235,0.0656237810474902,0.3097799781292153,0.5844249160852973,0.4714227467754624,0.076614506256819,0.0,0.0,0.0,0.0,0.0,0.0,0.0,5.0,0.0,0.0,3,1,0,0,358,21,2,True,0.0029326483137743016,0.002024287305513139,0.9913430283762941,0.00210768352635037,0.00159235247806811,0.9913430283762941,[0.99134303],0.06152456669343109,False,0.9884103800625198,False,0.9913430283762941,False,0,False,2025-07-25 13:25:48.851583,98,0.2
2015-05-14 20:00:00,0.4589811244237781,0.6705003797002005,0.539317629469398,0.3147023433619089,0,0,0,1,0.6022441845574679,0.4634056842313664,0.5711915834194484,0.6484824383306081,0.604519534734168,0.1293683611923718,0.3223353981895583,0.945268259654117,0.6221189036527414,0.0952439738887266,0.7526670943968528,0.6144415886843482,0.7118134908450422,0.8180123708933671,0.6062894365068008,0.1200014360597687,0.3606887924567073,0.8963842981676489,0.6756458947783627,0.1399103266199891,0.5932940080061984,0.4329399601860161,0.4123858155383226,0.3715002848763729,0.4009061519894109,0.0764969264999406,0.2634477445556717,0.5932940080061984,0.4177505164351737,0.1246572663593824,0.2941306012548419,0.5147659407953262,0.5355381612352781,0.4687678963521996,0.4200961123331404,0.1068960332507156,0.2621124408756899,0.6636637110169169,0.3441269270763514,0.0469753285455204,0.0,0.0,0.0,0.0,0.0,0.0,0.0,1.0,0.0,0.0,20,3,0,0,350,14,1,True,0.005668385432700458,0.9908978871656278,0.0009490108391592514,0.0016879483273728975,0.00079676823513965,0.9908978871656278,[0.99089789],0.06144864469247473,False,0.9852295017329273,False,0.9908978871656278,False,0,False,2025-07-25 13:25:48.851583,98,0.2
2015-02-13 23:00:00,0.7065430615597,0.4417027788471443,0.4986248779771509,0.602871082389551,0,0,0,1,0.6848754997163214,0.5522125015395912,0.4736235341894298,0.4016892816025931,0.6351196448883388,0.1295218677628,0.3516672022925947,0.8557958639763067,0.6546698955586066,0.1649652878393338,0.5718371039833037,0.5137996168418513,0.5888990531827818,0.5399530762307121,0.5905417472097588,0.109809438166326,0.4100003262899971,0.7894487264829158,0.5263886711635818,0.0872511068842119,0.4658127099689992,0.4385214778649761,0.5495058060712683,0.3905696170726545,0.445084069884474,0.0925903543119127,0.2765312220546501,0.6222877777821407,0.484777629352527,0.0473397012456121,0.4250370230848914,0.4095915783991727,0.6323271217200684,0.3627369355523394,0.4639358937123597,0.1435572303073214,0.1793839452043416,0.713764709225473,0.4157930430137062,0.1653698750470697,0.0,0.0,0.0,0.0,0.0,0.0,0.0,1.0,0.0,0.0,23,4,0,0,353,17,1,True,0.0036712681450967012,0.9912028632695545,0.001395365870927983,0.002939253207784856,0.0007912495066359495,0.9912028632695545,[0.99120286],0.06130359168487646,False,0.9875315951244579,False,0.9912028632695545,False,0,False,2025-07-25 13:25:48.851583,98,0.2
2015-07-28 23:00:00,0.3320708230203438,0.4899569473555502,0.4894954148147978,0.4012562972446533,0,0,0,3,0.3973379692953401,0.4252883577148773,0.7861824292675327,0.367672966213974,0.4654231493940257,0.1000212504392646,0.330167056549573,0.7861824292675327,0.4242531524261784,0.07476924505041,0.2913505497140738,0.7636743341734151,0.6336779299137123,0.6593072253835104,0.6270776318219395,0.1505283655857762,0.2913505497140738,0.9460090382907512,0.5537588386736116,0.1756187601972597,0.642570235719333,0.4980222442382072,0.6672023496573263,0.5385684125499903,0.6439908790226127,0.0884832048043194,0.4894954148147978,0.8300002078034654,0.6380664913512532,0.1004532813154848,0.7345562101816151,0.4721930215912789,0.3217230666963737,0.5224315895053567,0.4970424429031936,0.1513173252518581,0.219350942942693,0.77160970449412,0.5972703774254204,0.1511166598962844,0.0,0.0,0.0,0.0,0.0,0.0,0.0,4.0,0.0,0.0,23,1,0,0,353,17,3,True,0.0029230254716629965,0.0019055580165575577,0.0021789002303053803,0.991411432672972,0.001581083608501979,0.991411432672972,[0.99141143],0.06109406856271399,False,0.988488407201309,False,0.991411432672972,False,0,False,2025-07-25 13:25:48.851583,98,0.2
2015-02-14 04:00:00,0.6482558877053556,0.6377506072655308,0.4432983329020199,0.4157157755100124,0,0,0,1,0.6082725609936762,0.6848754997163214,0.5592547001781868,0.5259379989216607,0.627694911964538,0.1224494478509016,0.3516672022925947,0.8557958639763067,0.6116833482675534,0.066379817985293,0.7077384731461354,0.5718371039833037,0.6116478060709165,0.5978444546781301,0.6098425567654745,0.1069480750046455,0.4322244499804413,0.7894487264829158,0.6095445236669105,0.1218652731104038,0.5083431597072683,0.4658127099689992,0.2765312220546501,0.445372362589476,0.4577074866284488,0.0824089834898421,0.2765312220546501,0.6222877777821407,0.4434467742350367,0.0496749985245583,0.5054362701941382,0.4250370230848914,0.6158445455435154,0.4450633426763817,0.4418062017433425,0.1413741008716901,0.1793839452043416,0.6868577191915471,0.4229503343943486,0.1199482458430397,0.0,0.0,0.0,0.0,0.0,0.0,0.0,1.0,0.0,0.0,4,5,1,0,358,22,1,True,0.005060116274222235,0.9910073414756679,0.0007831662202696288,0.0025842789621417267,0.0005650970676983603,0.9910073414756679,[0.99100734],0.06092708023955139,False,0.9859472252014457,False,0.9910073414756679,False,0,False,2025-07-25 13:25:48.851583,98,0.2
2015-07-28 18:00:00,0.4697023787928628,0.6249111087340391,0.7255472566618784,0.6742258162421327,0,0,0,3,0.4252883577148773,0.406547726452512,0.5722539316252754,0.6455729065980519,0.4521812790310813,0.1071452877165778,0.2707689496202946,0.7861824292675327,0.4604384497303428,0.0288227736972103,0.7636743341734151,0.5139703363054686,0.5915823040387522,0.6596342612724837,0.6344129271897421,0.1282126952817613,0.4167345043423073,0.9460090382907512,0.6629707171430123,0.1257474231243764,0.4980222442382072,0.596132163658323,0.6451593879233941,0.516256608609277,0.6569956287270384,0.0867724644229423,0.4980222442382072,0.8300002078034654,0.643055828165484,0.0791236823323024,0.4721930215912789,0.5546291784569571,0.5366091517187653,0.4331851803221885,0.4735568751812378,0.1313010942855256,0.219350942942693,0.747523667995628,0.4076873271043963,0.1520347307590148,0.0,0.0,4.0,0.0,0.0,0.0,0.0,4.0,0.0,0.0,18,1,0,0,348,12,3,True,0.003176687429151907,0.0036161434821818366,0.0008035467131680398,0.9912489554820146,0.001154666893483577,0.9912489554820146,[0.99124896],0.06085245296366594,False,0.9876328119998328,False,0.9912489554820146,False,0,False,2025-07-25 13:25:48.851583,98,0.2
2015-11-25 10:00:00,0.3453404123543638,0.5050310207097433,0.6656635642446491,0.29992028757067,0,0,0,3,0.5485060203784377,0.3617671086118285,0.4880181233108637,0.3980296852274186,0.4286790363654644,0.1316119137258476,0.2158070618099697,0.7460289230452687,0.4377091844707677,0.1122322310809502,0.5459173377304771,0.7063635951567406,0.5979429092199424,0.7290185144701624,0.5582187019738241,0.0947391074591288,0.3544693650323741,0.7063635951567406,0.5083483047422804,0.0659389126402706,0.6761165940212543,0.6642847655910624,0.8515482122701108,0.5462746842112245,0.6398193585028072,0.0975352101247219,0.4440768151760063,0.8515482122701108,0.566062935087297,0.089405727546946,0.5602199619500813,0.1879053126554049,0.4627092663447565,0.374885431307415,0.4493003694093794,0.1179130832558811,0.1879053126554049,0.6597674648519692,0.4450039723001367,0.0970320846520973,0.0,0.0,0.0,0.0,0.0,0.0,4.0,4.0,0.0,0.0,10,2,0,1,340,4,3,True,0.003417755998842275,0.0017624600764644133,0.002854886378271387,0.9913779776029328,0.0005869199434893092,0.9913779776029328,[0.99137798],0.06026227566970702,False,0.9879602216040905,False,0.9913779776029328,False,0,False,2025-07-25 13:25:48.851583,98,0.2
2015-02-14 01:00:00,0.6163676899098475,0.5886174326344593,0.4105023703977045,0.3769771230152194,0,0,0,1,0.5831225946092017,0.666338093452603,0.7335084581675445,0.7804565927740433,0.6303658195196337,0.1245571895693379,0.3516672022925947,0.8557958639763067,0.6849173936875818,0.0950973820495092,0.5117631139604473,0.587954997372024,0.5551403381987292,0.6248911757451412,0.5915811595313961,0.1068808845082737,0.4100003262899971,0.7894487264829158,0.539755521037322,0.0753933084738805,0.3896214364330174,0.4483083995513186,0.3897824467043566,0.3426021794603583,0.4501665666610356,0.0880534330921403,0.2765312220546501,0.6222877777821407,0.4606033158622031,0.0644892976912261,0.2523412740771156,0.5973852170412289,0.270183069013147,0.437803130356501,0.4421755002752914,0.140166361052841,0.1793839452043416,0.6868577191915471,0.3573997280499739,0.1485950827002084,0.0,0.0,0.0,0.0,0.0,0.0,0.0,1.0,0.0,0.0,1,5,1,0,355,19,1,True,0.004655429199604621,0.9912256828210395,0.000976361077178126,0.0026073796895453288,0.0005351472126325048,0.9912256828210395,[0.99122568],0.060045503408368756,False,0.9865702536214349,False,0.9912256828210395,False,0,False,2025-07-25 13:25:48.851583,98,0.2
2015-04-30 05:00:00,0.4387657890635669,0.4418649378662876,0.3866808182067253,0.7907152932627067,0,0,0,4,0.4638455922616625,0.3789545224607343,0.5362216190552808,0.5478922605383797,0.477925625954626,0.1276261971974848,0.2270346223764551,0.7950127082484236,0.450960728169421,0.1879079892826544,0.5217094315012543,0.4267644038939402,0.5104071963787822,0.3832556994654201,0.4331737241811484,0.109436621744643,0.1830764234788327,0.6321220145675961,0.4467917507116716,0.1533487190123787,0.5180569633102814,0.3615015797276086,0.2803648065024362,0.3537385058461381,0.4017781016043016,0.1019443993972212,0.1791032749820289,0.5836437985777616,0.4232505832447398,0.0624253439054668,0.727414016045984,0.6545120480828498,0.8585150321836484,0.5895523745931986,0.7024682651052888,0.0996316471121566,0.5094737599351343,0.8585150321836484,0.7283927382903884,0.0683179351998306,0.0,0.0,0.0,0.0,0.0,0.0,0.0,5.0,0.0,0.0,5,3,0,0,361,23,4,True,0.0008830424869004575,0.0004050990129575793,0.007842307923246342,0.0003786815492208386,0.9904908690276748,0.9904908690276748,[0.99049087],0.05984264510826794,False,0.9826485611044284,False,0.9904908690276748,False,0,False,2025-07-25 13:25:48.851583,98,0.2
2015-08-27 11:00:00,0.5142801857542633,0.3926589161624683,0.4259871851907968,0.4042666989166616,0,0,0,2,0.4323327363193644,0.5309541397534071,0.4618061714709413,0.3929030702522321,0.4899229372842201,0.1168409783733886,0.2460063263371631,0.7109312556744055,0.479566249314565,0.0818152827760501,0.3538414051382251,0.5435690293137057,0.361887752042518,0.6786156353050283,0.4575532319200171,0.0996337285912161,0.2838103628585977,0.6107108036112334,0.4451738624274137,0.0851927514357965,0.3097067950401088,0.427897068683737,0.3200886476598602,0.4028411668087701,0.3837192448926952,0.1052943958946821,0.1325463385053824,0.6065046565790335,0.3501028548424027,0.1095015093613302,0.3650461298686954,0.5143642949294998,0.419757555357732,0.3849058778917655,0.4386385828899261,0.0862076599547355,0.2955983741456361,0.6383358079952323,0.4364435759651405,0.0535917115182239,0.0,3.0,0.0,0.0,0.0,0.0,2.0,5.0,0.0,0.0,11,3,0,1,342,5,2,True,0.003869469037387279,0.0017498838632867264,0.9915181410699021,0.0010628931291260942,0.00179961290029783,0.9915181410699021,[0.99151814],0.059699167035737924,False,0.9876486720325148,False,0.9915181410699021,False,0,False,2025-07-25 13:25:48.851583,98,0.2
2015-06-13 19:00:00,0.4525426413740724,0.3419558047506197,0.4129593938308123,0.6011270313933249,0,0,0,2,0.527047806275425,0.529858350766489,0.3133729416487595,0.3491910055695021,0.472724017128858,0.0998045646240819,0.2980598130141886,0.6283321249511943,0.4365914633331013,0.0652102635879404,0.6528882856246665,0.5310699444600586,0.518630972329327,0.5531394000820524,0.488614771172338,0.1249911163938362,0.1983909571104041,0.7048261817569759,0.5223657062056788,0.108752534760368,0.5716502583424687,0.4443641840260055,0.2900505592351419,0.3587092347874899,0.3916846794493107,0.0880062671828214,0.1494918488552842,0.5716502583424687,0.4407121927429268,0.0823711092533282,0.5125929677459072,0.5880420883416443,0.5600310425902714,0.5680476961584519,0.5401607296063177,0.1647205705773973,0.1935608304434668,0.864390986321813,0.6499965657321485,0.1533053826777753,0.0,0.0,0.0,0.0,0.0,0.0,0.0,5.0,0.0,0.0,19,5,1,0,350,13,2,True,0.0020128458263547313,0.0008417277990955926,0.9913650784757408,0.001017533761125975,0.0047628141376828345,0.9913650784757408,[0.99136508],0.05953072896804519,False,0.986602264338058,False,0.9913650784757408,False,0,False,2025-07-25 13:25:48.851583,98,0.2
2015-08-13 00:00:00,0.6126960229158721,0.5844313266264951,0.4143173565089622,0.2633660050385762,0,0,0,1,0.6377233050800039,0.7745356712319659,0.815077782819965,0.4425481432476775,0.6616446623329634,0.1348035802886391,0.3955440089103544,0.8974330280880826,0.6699238562866064,0.1303223550404612,0.4480408222889827,0.760437560536664,0.4366154446390242,0.4309083657543593,0.5708243314922758,0.0923902570820007,0.4049898298629655,0.760437560536664,0.54699215284223,0.0898223425403537,0.3562738477623017,0.5468681934567383,0.4179994738336217,0.5311241486713809,0.4126614825081482,0.072179236303688,0.2798986557600251,0.5468681934567383,0.4423880216639059,0.072453354415692,0.4260722138526621,0.3919412733285792,0.4854978522129655,0.4410627699080662,0.4429440833171094,0.096948856072844,0.2633660050385762,0.6133426327132879,0.3803479937383519,0.0660028855671341,0.0,0.0,0.0,0.0,0.0,0.0,0.0,1.0,0.0,0.0,0,3,0,0,354,18,1,True,0.004073898376505321,0.9914605061865054,0.0024230369275707983,0.0015145200191083723,0.0005280384903101279,0.9914605061865054,[0.99146051],0.059333544622393694,False,0.9873866078100001,False,0.9914605061865054,False,0,False,2025-07-25 13:25:48.851583,98,0.2
2015-10-26 19:00:00,0.6334974346763468,0.4085846565367387,0.4977547097957335,0.3783086960604707,0,0,0,2,0.7261939961395664,0.438110171397493,0.3078039145368497,0.3397045354436451,0.4841517187078725,0.1332200600791518,0.27462037163395,0.8450277649182109,0.4988084419952638,0.1581396670921903,0.2138239234394865,0.1565658043464931,0.1801862407257927,0.3010136418929022,0.2712902246471521,0.1210460286797831,0.094282785740336,0.5107310129352349,0.2753669297978661,0.1019363527507878,0.4228957296135444,0.3693520279218452,0.3905045985584531,0.3894854428058115,0.4333318791935498,0.0634353832895344,0.310989343572104,0.5442024578860767,0.480252313475187,0.050059826423059,0.3819258321437324,0.42512741378575,0.473693825682548,0.4358136087964512,0.4131533685423252,0.0675182193144337,0.2619910579235517,0.5246858311909537,0.4185690154273132,0.06040648043562,0.0,0.0,0.0,0.0,0.0,0.0,0.0,8.0,0.0,0.0,19,0,0,0,350,13,2,True,0.0023491471017749225,0.0031693682603381314,0.9916190209767514,0.002221290310551247,0.0006411733505844165,0.9916190209767514,[0.99161902],0.05908943581357195,False,0.9884496527164133,False,0.9916190209767514,False,0,False,2025-07-25 13:25:48.851583,98,0.2
2015-04-30 01:00:00,0.4050343925022527,0.6321220145675961,0.4851075488565763,0.826563089981326,0,0,0,4,0.2270346223764551,0.3439778386941722,0.5981529953874697,0.3088206129821015,0.4724726173531461,0.1126743007969691,0.2270346223764551,0.7529696627027652,0.410328024902419,0.1010375695636638,0.2514681077464345,0.4027947576776569,0.5039210009347423,0.1964975357436878,0.4284647316744183,0.1021344639725746,0.1830764234788327,0.6321220145675961,0.4282049015041383,0.1251172411312333,0.3882703932529745,0.5306615074063092,0.4620446775517501,0.4347963386574099,0.3911101952462077,0.1006430552503631,0.1791032749820289,0.5836437985777616,0.3823126710394912,0.1182995848116248,0.6675872184162078,0.6067479295215986,0.7495311312614384,0.5267745217140516,0.6839826614885,0.1047261287574506,0.5094737599351343,0.8585150321836484,0.7209111281932185,0.0846428149723735,0.0,0.0,0.0,0.0,0.0,0.0,0.0,10.0,0.0,0.0,1,3,0,0,357,19,4,True,0.0011849323681432451,0.0003770450514630335,0.0067669460484180936,0.0007320461917663004,0.9909390303402092,0.9909390303402092,[0.99093903],0.05906705047940189,False,0.9841720842917911,False,0.9909390303402092,False,0,False,2025-07-25 13:25:48.851583,98,0.2
2015-05-30 01:00:00,0.5423978958439389,0.8527770761586795,0.6580224324420847,0.4462785306848944,0,0,0,3,0.6114692265980147,0.4899220699325476,0.4380978869052182,0.3510793278251659,0.4218103778035153,0.1224957899787688,0.1987452446586824,0.6114692265980147,0.500092936703482,0.0955807236841818,0.6392732489552206,0.5938944801687516,0.6747366796480483,0.6008680092504899,0.5672011928996143,0.1168610441265528,0.3845908047693528,0.8527770761586795,0.6499133727095979,0.158713178152074,0.350071524993008,0.7034264208899355,0.5966297515241559,0.6073226562432363,0.6284133067657729,0.1052097814537263,0.350071524993008,0.8215818222150477,0.5959721869838878,0.165062841773337,0.3131679589804813,0.3582423805240653,0.382477800104733,0.4411216117914867,0.4530926954856912,0.1247469268144182,0.2168364561912094,0.6969383990157249,0.3900354351314894,0.0706230898529628,0.0,0.0,0.0,0.0,0.0,0.0,0.0,4.0,0.0,0.0,1,5,1,0,355,19,3,True,0.005495648292962757,0.0012051048068210054,0.0011920043386947625,0.9913401286117658,0.0007671139497557473,0.9913401286117658,[0.99134013],0.058847377666378445,False,0.985844480318803,False,0.9913401286117658,False,0,False,2025-07-25 13:25:48.851583,98,0.2
2015-10-27 02:00:00,0.4374661789165323,0.3864822847901442,0.5582134439339899,0.5204448763841278,0,0,0,2,0.5506559491116135,0.3494638160321669,0.4507471526745777,0.6333125876338405,0.460290330140254,0.1432580396537717,0.27462037163395,0.8450277649182109,0.3855867920272355,0.1018549190391608,0.6078638117596002,0.3564963738703242,0.3285281164764991,0.4139101108056459,0.2777062186231039,0.1425457584152553,0.0,0.6078638117596002,0.2934524524041964,0.2009965829399633,0.4059717137498729,0.4736486806210722,0.4636125527734349,0.4937824269528232,0.4339723389138991,0.0724706750825995,0.2597137912933442,0.5582134439339899,0.4144434323964313,0.0978762585266667,0.4358214997625185,0.4182339903704789,0.346945497606029,0.5017990901190474,0.4325648373762309,0.0681258527516927,0.3097799781292153,0.5844249160852973,0.4653596230947949,0.0767726853860069,0.0,0.0,0.0,0.0,0.0,0.0,0.0,8.0,0.0,0.0,2,1,0,0,357,20,2,True,0.0025832840294722436,0.0018581559689795134,0.9918066164958274,0.002463347136457181,0.0012885963692636075,0.9918066164958274,[0.99180662],0.0586071457494244,False,0.9892233324663551,False,0.9918066164958274,False,0,False,2025-07-25 13:25:48.851583,98,0.2
2015-04-29 14:00:00,0.4940938812820742,0.414239933466243,0.5836437985777616,0.6336005030256303,0,0,0,4,0.5981529953874697,0.4825563947476358,0.3368724580907688,0.5308383149865813,0.4515907317492696,0.1465359959650623,0.1065363082926541,0.7072782225436555,0.5127841696071846,0.0511903052228336,0.5039210009347423,0.6081051077744999,0.5077791866057519,0.4382696454628312,0.4134606609862639,0.0909274250308085,0.1964975357436878,0.6081051077744999,0.429375588972829,0.0812722553836185,0.4620446775517501,0.3225532585401004,0.3190397884560392,0.2996422498265404,0.3857841208537737,0.0927472083010451,0.2033404936877426,0.5836437985777616,0.4123292286472289,0.1395010609130723,0.7495311312614384,0.8578756705926073,0.5722952519756915,0.5927191608129033,0.6635025517366492,0.1244481711310661,0.4757454263053381,0.960345170252691,0.6468949668874064,0.1020094465885521,0.0,0.0,0.0,0.0,0.0,0.0,0.0,10.0,0.0,0.0,14,2,0,1,346,8,4,True,0.0011186945963888367,0.00034916890156684805,0.007235680606139296,0.0004312820780962589,0.9908651738178087,0.9908651738178087,[0.99086517],0.058479155630395775,False,0.9836294932116694,False,0.9908651738178087,False,0,False,2025-07-25 13:25:48.851583,98,0.2
2015-02-13 14:00:00,0.5924211016015385,0.505883380322991,0.3180904923965834,0.3048585102013619,0,0,0,1,0.7335084581675445,0.5037437971909825,0.5618636202551334,0.383656059729116,0.6240451960234362,0.1179292554366553,0.4016892816025931,0.8263608417128429,0.6698572553526208,0.1267102877927394,0.5551403381987292,0.7870794634611891,0.4100003262899971,0.6748137247708614,0.6045163709152511,0.1187064819788049,0.4100003262899971,0.8645451475409527,0.627856675723563,0.1011425001104556,0.3897824467043566,0.5760979115432936,0.2897129635967947,0.4616384505664552,0.42260590824188,0.0961168638509328,0.2371362494532485,0.6222877777821407,0.4459246537342127,0.1208759612166126,0.270183069013147,0.6506121598668416,0.4417020868186024,0.461515969599338,0.4480274569758316,0.1211399114624863,0.270183069013147,0.713764709225473,0.4207171718927563,0.1867689454478538,0.0,0.0,0.0,0.0,0.0,0.0,0.0,1.0,0.0,0.0,14,4,0,1,344,8,1,True,0.005141372678507574,0.9914644725673298,0.0006292220607354941,0.001965830636236409,0.0007991020571908518,0.9914644725673298,[0.99146447],0.05818423518512553,False,0.9863230998888223,False,0.9914644725673298,False,0,False,2025-07-25 13:25:48.851583,98,0.2
2015-06-29 02:00:00,0.6727892515181554,0.6197132072292475,0.5303895272206405,0.6094174062879566,0,0,0,4,0.7071420956406317,0.6615360099154924,0.7435028042582962,0.4250907218552232,0.6180238644823054,0.1061137496625378,0.4600729423451596,0.8253546660864753,0.6560503440548012,0.1163305574716017,0.5074399744265012,0.5881756759528034,0.7295463223479977,0.6611537675038801,0.6241939564502,0.1233944541934232,0.4029668177981086,0.8206672154184562,0.6500591510660665,0.1286668147994896,0.4274285283476643,0.4304157618636649,0.267730138868155,0.4470925738279759,0.3787290778357794,0.1018873797574333,0.1598481752584524,0.5338385648721473,0.443831875947261,0.0807072391717073,0.551764070182334,0.6868213602716663,0.659894355410026,0.9203724793706066,0.7164761755048868,0.1009457285823331,0.551764070182334,0.8702463986238375,0.7080362436554011,0.1152252733656559,0.0,0.0,0.0,0.0,0.0,0.0,0.0,6.0,0.0,0.0,2,0,0,0,357,20,4,True,0.0013765723057987337,0.005261049720582707,0.0009016554526374099,0.000910109283886139,0.991550613237095,0.991550613237095,[0.99155061],0.057783921399297916,False,0.9862895635165123,False,0.991550613237095,False,0,False,2025-07-25 13:25:48.851583,98,0.2
2015-08-12 08:00:00,0.3955440089103544,0.7017973679025375,0.4550008290048259,0.4227919688217786,0,0,0,1,0.6939564974208899,0.4968826299716319,0.5030263651335632,0.567178211012031,0.5796290297789378,0.1253542070860163,0.3838396066583226,0.8339619821248402,0.5655197378243692,0.1084064641470336,0.4049898298629655,0.5278580809831714,0.5641480997242503,0.6681078295265686,0.5658753049639025,0.1054088543033851,0.4049898298629655,0.7920737466512469,0.5782425485425958,0.114282236650842,0.351577273977781,0.3741288888882937,0.3678080367299122,0.3908307804875686,0.4021998489513541,0.0862424935812934,0.2364091194136379,0.5733560017747434,0.4032916706866378,0.0357273410623967,0.4039129760822768,0.5085825333456107,0.3474210941458131,0.3277206504454394,0.4423115358693457,0.1016626597414223,0.2497692140171519,0.6342709101576861,0.4515926667457311,0.0611382736339575,0.0,0.0,0.0,0.0,0.0,0.0,1.0,1.0,0.0,0.0,8,2,0,1,338,2,1,True,0.005700855851752019,0.9913906835141674,0.001733252532539861,0.0006815816800430843,0.0004936264214977631,0.9913906835141674,[0.99139068],0.057776674816564025,False,0.9856898276624153,False,0.9913906835141674,False,0,False,2025-07-25 13:25:48.851583,98,0.2
2015-08-12 09:00:00,0.807091301095061,0.6324915179249861,0.3267261676234225,0.5923617406120857,0,0,0,1,0.3955440089103544,0.500803706078952,0.5490654316489435,0.6847812636910687,0.5847252813374374,0.1321187453774571,0.3838396066583226,0.8339619821248402,0.6165676703270538,0.1394941678233831,0.7017973679025375,0.6697860576295758,0.4099459267521554,0.6771042940981737,0.5640164392900197,0.1037422629184004,0.4049898298629655,0.7920737466512469,0.5720267919251641,0.1092090389214428,0.4550008290048259,0.3776689752133527,0.2364091194136379,0.259316332171673,0.4050085920951771,0.0823987909821751,0.2364091194136379,0.5733560017747434,0.3948012027549828,0.0472343941609503,0.4227919688217786,0.5346504270597578,0.543750794132667,0.5071982289859172,0.445860015520436,0.1054420089706882,0.2497692140171519,0.6342709101576861,0.4612112190044524,0.0788056899445588,0.0,0.0,0.0,0.0,0.0,0.0,1.0,1.0,0.0,0.0,9,2,0,1,339,3,1,True,0.0055909409181392955,0.991468436852314,0.0014525141196818662,0.0007427083069341899,0.0007453998029306965,0.991468436852314,[0.99146844],0.057703907385624316,False,0.9858774959341747,False,0.991468436852314,False,0,False,2025-07-25 13:25:48.851583,98,0.2
2015-05-30 02:00:00,0.213495974386768,0.5413766574316059,0.5434625391864647,0.3819718198369592,0,0,0,3,0.5423978958439389,0.449597793932634,0.5327425169059733,0.3892171239048246,0.4144886632402629,0.1295755642069594,0.1987452446586824,0.6114692265980147,0.4607426334458376,0.1522995435757229,0.8527770761586795,0.4229161044003205,0.5625908859465285,0.5480838951241418,0.5669217246624253,0.1169167568397006,0.3845908047693528,0.8527770761586795,0.6696567982148122,0.1295090778556023,0.6580224324420847,0.4672961587103061,0.643162428773461,0.667681103854662,0.6232375332379313,0.106244386547747,0.350071524993008,0.8215818222150477,0.6086665837299142,0.1558599148456851,0.4462785306848944,0.4303535445134523,0.5116918003318229,0.5497384123063075,0.4461024207994685,0.1237926653812563,0.2168364561912094,0.6969383990157249,0.381971814352074,0.067804784741101,0.0,0.0,0.0,0.0,0.0,0.0,0.0,4.0,0.0,0.0,2,5,1,0,356,20,3,True,0.004840401203161014,0.0011972966237590215,0.0016150214154627008,0.9916432282644209,0.0007040524931965311,0.9916432282644209,[0.99164323],0.057672292074924074,False,0.9868028270612599,False,0.9916432282644209,False,0,False,2025-07-25 13:25:48.851583,98,0.2
2015-11-25 09:00:00,0.5485060203784377,0.5459173377304771,0.6761165940212543,0.5602199619500813,0,0,0,3,0.3267910798743457,0.5536480204280437,0.5438050641116515,0.6334232479808991,0.430874422735175,0.1305968551716983,0.2158070618099697,0.7460289230452687,0.4404469671803452,0.1097001408982893,0.535810402332664,0.4505557061583222,0.6887493400840718,0.5494247733668254,0.5675515142138415,0.1001498178549347,0.3544693650323741,0.7290185144701624,0.5419037338167799,0.1040989442244576,0.5543088906282996,0.5554507017065828,0.7762521363309753,0.5381017753494646,0.6348448218347479,0.0991903034093513,0.4440768151760063,0.8515482122701108,0.5658331353116992,0.089099771495041,0.513366979149851,0.3965905106933796,0.4520821366231143,0.3942759595893766,0.452423917065077,0.1147339846985368,0.1879053126554049,0.6597674648519692,0.4263348098142592,0.1341904219447519,0.0,0.0,0.0,0.0,0.0,0.0,4.0,4.0,0.0,0.0,9,2,0,1,339,3,3,True,0.003142257205096684,0.002179720032325488,0.002083254421453573,0.9918819516184969,0.0007128167226273489,0.9918819516184969,[0.99188195],0.05757871300727363,False,0.9887396944134003,False,0.9918819516184969,False,0,False,2025-07-25 13:25:48.851583,98,0.2
2015-06-13 23:00:00,0.4731720963682052,0.3041291447584531,0.4108954098513671,0.9816728501764714,0,0,0,2,0.4446123688165647,0.443299389712949,0.4199758719122538,0.6283321249511943,0.4636371007593558,0.0902202714152573,0.2980598130141886,0.6076664178606738,0.4647138373344098,0.0700741950674526,0.4674064447391576,0.5195223404537717,0.4973462107465483,0.5144555490187619,0.4845369280947063,0.1181486526903956,0.2646524812588769,0.7048261817569759,0.4331134695373606,0.1242503715813496,0.3342248609563303,0.3928970178978141,0.4561221423266459,0.4103577833527965,0.3891446107506477,0.0925238514893918,0.1494918488552842,0.5716502583424687,0.4214242416694572,0.0987847405261572,0.9144948317354854,0.7654921356148868,0.5722760457682347,0.5625706130016151,0.5983173715644149,0.1837290607788691,0.1935608304434668,0.9816728501764714,0.6902962420064674,0.2039784720742619,0.0,0.0,0.0,0.0,0.0,0.0,0.0,5.0,0.0,0.0,23,5,1,0,354,17,2,True,0.0010123554670385634,0.0003502164331919676,0.9910965673215734,0.0005258122732605174,0.007015048504935533,0.9910965673215734,[0.99109657],0.05739370870180264,False,0.9840815188166379,False,0.9910965673215734,False,0,False,2025-07-25 13:25:48.851583,98,0.2
2015-11-25 20:00:00,0.5472666574477206,0.3683123933068482,0.5975382805874885,0.5233172620086548,0,0,0,3,0.542579100787114,0.408151559946026,0.3267910798743457,0.2766557714348562,0.4645383769330236,0.0998296639050435,0.3267910798743457,0.6447160429524356,0.4868396250126746,0.0953353804638645,0.6708102281522237,0.5195933898521499,0.535810402332664,0.5551976649927639,0.5673208587310157,0.1000780070960147,0.3683123933068482,0.7602310432724293,0.5684643369080324,0.1202298091875341,0.6253044160815406,0.4820374101699987,0.5543088906282996,0.5796769758685976,0.6336842345476229,0.1013456573682436,0.4440768151760063,0.8515482122701108,0.6738048308886458,0.0861088238044042,0.5162701448995775,0.4765875226688456,0.513366979149851,0.3744960488344614,0.4648365505250898,0.0921787395662709,0.1879053126554049,0.5880833939929474,0.514987795920942,0.0434280664338679,0.0,0.0,0.0,0.0,0.0,0.0,0.0,4.0,0.0,0.0,20,2,0,0,350,14,3,True,0.003420288222638744,0.0011550267155425494,0.0028248176587149436,0.9919030040973453,0.0006968633057584296,0.9919030040973453,[0.991903],0.056941981199144315,False,0.9884827158747066,False,0.9919030040973453,False,0,False,2025-07-25 13:25:48.851583,98,0.2
2015-02-13 17:00:00,0.5522125015395912,0.5137996168418513,0.4385214778649761,0.4095915783991727,0,0,0,1,0.5592547001781868,0.4736235341894298,0.4417981618631649,0.5818947942832479,0.6331473672257696,0.1242368901938962,0.4016892816025931,0.8263608417128429,0.6799629470125385,0.1275658577665963,0.6116478060709165,0.5888990531827818,0.7382154365869606,0.8645451475409527,0.5861995204221374,0.1057722014659468,0.4100003262899971,0.7894487264829158,0.5615848516422299,0.072929692768427,0.2765312220546501,0.5495058060712683,0.474533867523508,0.529759868854117,0.4182922681524073,0.0988868447730361,0.2371362494532485,0.6222877777821407,0.3755476274455995,0.0803103010062497,0.6158445455435154,0.6323271217200684,0.4186587559226736,0.3621799329361097,0.4608957273653453,0.1250858047417426,0.270183069013147,0.713764709225473,0.466976734054416,0.1679721584062245,0.0,0.0,0.0,0.0,0.0,0.0,0.0,1.0,0.0,0.0,17,4,0,1,347,11,1,True,0.004291435094932801,0.9918588859511168,0.0009932750946805963,0.00201772561353629,0.000838678245733421,0.9918588859511168,[0.99185889],0.056831577198903645,False,0.987567450856184,False,0.9918588859511168,False,0,False,2025-07-25 13:25:48.851583,98,0.2
2015-06-28 09:00:00,0.6061749645588627,0.5029061996590902,0.5338385648721473,0.7325402934045157,0,0,0,4,0.564570973567902,0.4892726009957319,0.4693930100858962,0.5325890133322108,0.5821624621416093,0.1059740103508442,0.3849985854645371,0.8503737654785656,0.6167926241487917,0.0828924073177085,0.8101553755301993,0.7419402129052621,0.5112947462053556,0.4949169450105778,0.6118797352882629,0.1478068697870257,0.3176753681138914,0.8844736987328348,0.603656641833078,0.1917187980478342,0.3635965706923882,0.3533809430170761,0.5613228615993651,0.2885091860556972,0.3816769101478839,0.0984286000065646,0.1859434385227004,0.5613228615993651,0.341310669740419,0.1351800626860176,0.8160355903968001,0.6765670800233258,0.6903243885714622,0.5605807142552724,0.715755753358943,0.1142505266261938,0.5049450708922094,0.9203724793706066,0.7383372708837316,0.1203512372711609,0.0,0.0,0.0,0.0,0.0,0.0,6.0,6.0,0.0,0.0,9,6,1,1,340,3,4,True,0.0010795479749527122,0.004573102745652268,0.0017054050090669738,0.0007763030615661336,0.991865641208762,0.991865641208762,[0.99186564],0.05654293899788924,False,0.9872925384631097,False,0.991865641208762,False,0,False,2025-07-25 13:25:48.851583,98,0.2
2015-02-28 06:00:00,0.4168316582940109,0.5149475598855522,0.3230758251190859,0.726913615334818,5,0,0,4,0.7502632635054881,0.2840111299767961,0.6887179356392509,0.4711120237630392,0.4558020200149552,0.150579778179562,0.1273786850967674,0.7502632635054881,0.4896837320301881,0.1533013758013219,0.7203514879783162,0.8000236592232863,0.4871849604598579,0.392454820138378,0.6019308078399224,0.0954890563781342,0.44945596035172,0.8000236592232863,0.554335336375765,0.0933414155764229,0.5022242409671782,0.3757333009834456,0.5936064039403226,0.3975695678719014,0.431949755519836,0.0790684062122132,0.2822213087207772,0.5936064039403226,0.4275801438228445,0.0738209893556531,0.6023340426120388,0.8628752286785283,0.4924196034650874,0.6983166432776368,0.6600746623784005,0.1018542742833881,0.4924196034650874,0.8628752286785283,0.6826516660262275,0.05423292102195,0.0,0.0,0.0,0.0,0.0,0.0,5.0,5.0,0.0,0.0,6,5,1,0,336,0,4,True,0.0033553892027821655,0.0010243454026271468,0.0017105161489941406,0.0018380146349104261,0.992071734610686,0.992071734610686,[0.99207173],0.056539733946210716,False,0.9887163454079039,False,0.992071734610686,False,0,False,2025-07-25 13:25:48.851583,98,0.2
2015-08-28 04:00:00,0.5313872309880218,0.2083957270983767,0.4503903649963413,0.6273118813923299,0,0,0,2,0.406969992260488,0.4955163153273006,0.6064235907922443,0.5067345055578786,0.4246287933724319,0.1291139815128285,0.23424419130066,0.6973508558389893,0.4189560746286068,0.1709049730763237,0.482590074400626,0.4326433006343116,0.3348090559107903,0.4427947471887097,0.4125683055287721,0.1015003930768697,0.2083957270983767,0.5578489553860808,0.383670039256871,0.1335833993579386,0.4685011999585007,0.3835807582524237,0.2730634966510931,0.3835414422175027,0.383208220879526,0.0861819032662485,0.20173981643239,0.5040760398356008,0.4070739179445296,0.0663329366502596,0.5941601873782733,0.4737076956144822,0.525189148283075,0.490391072814586,0.4786208034716093,0.1013485119081192,0.284793204016659,0.7360034216270802,0.4973346108147721,0.1085618050313786,0.0,0.0,0.0,0.0,0.0,0.0,0.0,5.0,0.0,0.0,4,4,0,0,359,22,2,True,0.002276533255059354,0.0009407510754410761,0.9920436152311694,0.0009646471018857695,0.003774453336444212,0.9920436152311694,[0.99204362],0.056091347983097034,False,0.9882691618947251,False,0.9920436152311694,False,0,False,2025-07-25 13:25:48.851583,98,0.2
2015-05-29 22:00:00,0.4912583037726169,0.5879671160054609,0.6210343083462495,0.4583019247579321,0,0,0,3,0.3424521020672516,0.2988258105007572,0.3809451987050046,0.3956363908706465,0.4029089446791301,0.1104146752011801,0.1987452446586824,0.5353778630757878,0.4204264084514419,0.1205188611169613,0.5872778550679569,0.489375589893029,0.5497563734789477,0.5638102884259995,0.5475118044667592,0.0874027051184882,0.3845908047693528,0.6872560836683856,0.5365189960489404,0.0681258579182029,0.6578268751966305,0.5266698631555364,0.612171726644742,0.5921331450130203,0.6364015134284514,0.0832050804657477,0.4672961587103061,0.7986327970845379,0.585108536536544,0.0901432152446402,0.3994961616846618,0.629294116908144,0.3241631708042757,0.3755147385930067,0.4606579173193765,0.1221977334684307,0.2168364561912094,0.6969383990157249,0.4156733962636835,0.0542704126617708,0.0,0.0,0.0,0.0,0.0,0.0,0.0,4.0,0.0,0.0,22,4,0,0,352,16,3,True,0.003307793644267522,0.0005664718324008266,0.0036972232940672392,0.9918816192375742,0.0005468919916901192,0.9918816192375742,[0.99188162],0.05602564256708628,False,0.988184395943507,False,0.9918816192375742,False,0,False,2025-07-25 13:25:48.851583,98,0.2
2015-06-14 02:00:00,0.4667593593586651,0.5800231613519597,0.3989531625924131,0.6328431540262406,0,0,0,2,0.2998336315193385,0.543690537628848,0.3253744552677998,0.5653325515413677,0.4411867720112947,0.0889659310988871,0.2980598130141886,0.6076664178606738,0.3981524910779565,0.0726933654179981,0.388873237831813,0.4492537434235767,0.6123941172195246,0.5163892678553668,0.4784229765817378,0.1225674823492767,0.2646524812588769,0.7048261817569759,0.4052531412045464,0.1047335200419413,0.2940199598907215,0.492865176688612,0.4726945831197877,0.4167170133940607,0.3875561407996561,0.0931824669334259,0.1494918488552842,0.5716502583424687,0.3663657248808412,0.0642930502576788,0.7283624253586297,0.6006913125492758,0.6935736349874785,0.615687680045644,0.6421581003548261,0.1696149165012458,0.2144279778833715,0.9816728501764714,0.7857358067620828,0.1822401716402867,0.0,0.0,0.0,0.0,0.0,0.0,0.0,5.0,0.0,0.0,2,6,1,0,357,20,2,True,0.0013012816794892106,0.0004654158763921289,0.9915830709377293,0.000622874105570779,0.006027357400818488,0.9915830709377293,[0.99158307],0.05600464263818209,False,0.9855557135369108,False,0.9915830709377293,False,0,False,2025-07-25 13:25:48.851583,98,0.2
2015-02-14 02:00:00,0.5075382948275396,0.7696947361477458,0.4102904679930591,0.3843604811800548,0,0,0,1,0.6163676899098475,0.8557958639763067,0.5924211016015385,0.5618636202551334,0.628102264293484,0.1263370975556554,0.3516672022925947,0.8557958639763067,0.6268744654961206,0.0738479036795258,0.5886174326344593,0.6447352441505763,0.505883380322991,0.4100003262899971,0.6065684266088023,0.105522107898498,0.4322244499804413,0.7894487264829158,0.5605821030368503,0.1163353566953339,0.4105023703977045,0.565644989395909,0.3180904923965834,0.2897129635967947,0.4551906293442133,0.0817119326054194,0.2765312220546501,0.6222877777821407,0.4347108956283949,0.0406681017803761,0.3769771230152194,0.3077879205287247,0.3048585102013619,0.4417020868186024,0.4397862667070187,0.1406626169478068,0.1793839452043416,0.6868577191915471,0.3701618214918623,0.1467588618129123,0.0,0.0,0.0,0.0,0.0,0.0,0.0,1.0,0.0,0.0,2,5,1,0,356,20,1,True,0.004427617455267752,0.9920113634168776,0.0008888088081342298,0.0019680025577259548,0.0007042077619944678,0.9920113634168776,[0.99201136],0.05557185030903113,False,0.9875837459616098,False,0.9920113634168776,False,0,False,2025-07-25 13:25:48.851583,98,0.2
2015-10-27 01:00:00,0.5506559491116135,0.6078638117596002,0.4059717137498729,0.4358214997625185,0,0,0,2,0.3841113333525613,0.6334974346763468,0.438110171397493,0.3847383584470897,0.4684505971701418,0.1474188821901245,0.27462037163395,0.8450277649182109,0.370919731546508,0.0991915170709966,0.0,0.4085846565367387,0.1565658043464931,0.2458749080453096,0.2788490447070831,0.1435620857980885,0.0,0.6078638117596002,0.2884548005842264,0.1985790819525036,0.4351636595606319,0.4977547097957335,0.3693520279218452,0.4501357701853541,0.4312877132063504,0.0687669006797908,0.2597137912933442,0.5442024578860767,0.4003493051776117,0.0768666229040468,0.4397995300344793,0.3783086960604707,0.42512741378575,0.2619910579235517,0.431787929615186,0.0671798449792757,0.3097799781292153,0.5844249160852973,0.4483244754258535,0.0733695968368303,0.0,0.0,0.0,0.0,0.0,0.0,0.0,8.0,0.0,0.0,1,1,0,0,356,19,2,True,0.0025853363279138364,0.0024488063248276283,0.9923040135650968,0.001424549520163584,0.0012372942619979044,0.9923040135650968,[0.99230401],0.05541189947497832,False,0.989718677237183,False,0.9923040135650968,False,0,False,2025-07-25 13:25:48.851583,98,0.2
2015-04-14 21:00:00,0.2429426779094264,0.5846595145071536,0.6812392614656464,0.5363053950557408,0,0,0,3,0.5814951359385542,0.5357096946884176,0.4602023517035575,0.3474425092917067,0.4770619630709101,0.1377155448677412,0.2429426779094264,0.8477799999089778,0.4846303703342474,0.2078297877500921,0.6721855065248934,0.6843455902662103,0.3954498985999683,0.502264175485928,0.5784951596015808,0.0890602559064773,0.3954498985999683,0.7482728176441591,0.5772105698975971,0.0685264348844584,0.6121113848666888,0.5508929387910149,0.7524962760527225,0.5748087414115872,0.6586306077754561,0.0731631386581194,0.527515566984289,0.7788341380394332,0.6592040837599311,0.0859673654148902,0.6055087404619842,0.333019729261197,0.573550006455554,0.6315994552914822,0.4591832891716919,0.1043104966710111,0.2486572345301875,0.6492974427767965,0.4794321311924827,0.1285212236253759,0.0,0.0,0.0,0.0,0.0,0.0,0.0,4.0,0.0,0.0,21,1,0,0,351,15,3,True,0.0030044874564787083,0.0021876902944396237,0.0018914093332216696,0.9922801871992861,0.0006362257165738942,0.9922801871992861,[0.99228019],0.05508089748350035,False,0.9892756997428074,False,0.9922801871992861,False,0,False,2025-07-25 13:25:48.851583,98,0.2
2015-05-15 02:00:00,0.5158908640056957,0.4822866401840697,0.3635689678537812,0.4077260299150025,0,0,0,1,0.5401122475637946,0.4589811244237781,0.4634056842313664,0.3223353981895583,0.6198163921758362,0.1211344977335195,0.4205026760185942,0.945268259654117,0.6184544910668276,0.1286924733545084,0.8909799220597026,0.6705003797002005,0.6144415886843482,0.4722674754691003,0.5914331225433038,0.1394318493789901,0.3606887924567073,0.8963842981676489,0.5366621588763772,0.1782054349432445,0.2767780091054377,0.539317629469398,0.4329399601860161,0.3421350709711938,0.3945748077698576,0.0836844847003917,0.2634477445556717,0.5932940080061984,0.3501646706267942,0.0731223643484084,0.5264058916100056,0.3147023433619089,0.5147659407953262,0.4061188225986936,0.450922249634806,0.1100437723050001,0.2941306012548419,0.6636637110169169,0.5042271918832019,0.0878816301362825,0.0,0.0,0.0,0.0,0.0,0.0,0.0,1.0,0.0,0.0,2,4,0,0,356,20,1,True,0.00413031456930328,0.992124300505974,0.002128147770429139,0.001137684098626738,0.00047955305566682317,0.992124300505974,[0.9921243],0.054988143062693395,False,0.9879939859366708,False,0.992124300505974,False,0,False,2025-07-25 13:25:48.851583,98,0.2
2015-08-27 10:00:00,0.4323327363193644,0.3538414051382251,0.3097067950401088,0.3650461298686954,0,0,0,2,0.3337149273238445,0.5067345055578786,0.3458274135424787,0.4765312059551169,0.4848655574716355,0.1183578685503507,0.2460063263371631,0.7109312556744055,0.4823452416477558,0.0834961359452192,0.5578489553860808,0.4427947471887097,0.4900690698111912,0.5344566753356201,0.4694680952176238,0.1082606387650593,0.2838103628585977,0.6786156353050283,0.47032554795262,0.0887887043072765,0.20173981643239,0.3835414422175027,0.4582555946747217,0.4116567672254592,0.3827548274601107,0.1049959983200389,0.1325463385053824,0.6065046565790335,0.3504211687578927,0.1097686685118496,0.4632487344881816,0.490391072814586,0.3423577895270138,0.5558345510129911,0.4378318820138888,0.086632821722111,0.2955983741456361,0.6383358079952323,0.4547931753006135,0.0589515020503433,0.0,0.0,0.0,0.0,0.0,0.0,5.0,5.0,0.0,0.0,10,3,0,1,341,4,2,True,0.003422107174247204,0.0014313815127375302,0.9923579720534561,0.0009547487463001416,0.0018337905132588157,0.9923579720534561,[0.99235797],0.054610819320293436,False,0.9889358648792089,False,0.9923579720534561,False,0,False,2025-07-25 13:25:48.851583,98,0.2
2015-04-29 21:00:00,0.4712997161084743,0.3628260495517157,0.3657806711086988,0.6349382173316261,0,0,0,4,0.4835819360964323,0.7529696627027652,0.5400582429874136,0.6723668424844734,0.4722677889142435,0.1330542627880987,0.2108226469444255,0.7529696627027652,0.4177184160701474,0.1084991193891432,0.4620144344619719,0.1830764234788327,0.3699157642283204,0.346555337809048,0.4193955823569579,0.1019490133366668,0.1830764234788327,0.6081051077744999,0.4268094462429832,0.0559432382562789,0.1791032749820289,0.4519761757953092,0.4287433142199597,0.3951012682712552,0.3936820273756987,0.1007646145669857,0.1791032749820289,0.5836437985777616,0.3538399682187649,0.1179629435403599,0.8209914643356339,0.571762083064768,0.777685655368919,0.76586714235407,0.6721903725135979,0.1088540429756811,0.5094737599351343,0.8585150321836484,0.7309858075407775,0.103307936040417,0.0,0.0,0.0,0.0,0.0,0.0,0.0,10.0,0.0,0.0,21,2,0,0,353,15,4,True,0.0009321603859872021,0.00033874377814041665,0.006680218785514296,0.00045152023273782783,0.9915973568176203,0.9915973568176203,[0.99159736],0.054515099710075315,False,0.984917138032106,False,0.9915973568176203,False,0,False,2025-07-25 13:25:48.851583,98,0.2
2015-10-26 06:00:00,0.5467871547122695,0.1584666062418012,0.4243574849262517,0.370855928930181,3,0,0,2,0.5467871547122695,0.4266625824632194,0.3642435221610031,0.6224618425998109,0.4407872880382495,0.1015188346328536,0.2682743457018076,0.6625591545853252,0.5018658855291626,0.0900971371466312,0.1584666062418012,0.4507944229289273,0.240028264623098,0.1880528650976966,0.2826310751252295,0.0905214301198648,0.1271370477055279,0.5107310129352349,0.299574621092815,0.1417567534883305,0.4243574849262517,0.310989343572104,0.3171557489618588,0.4749109090069203,0.4178326895109403,0.0665153244006347,0.2736678447545767,0.5473727163131106,0.4696779431554231,0.0463857970592412,0.370855928930181,0.4317548719683243,0.4557288257711109,0.4600188731770993,0.4129862770920432,0.1018446191309045,0.2247836208086991,0.7170945757166011,0.3834469959103443,0.0863587998224386,2.0,0.0,0.0,0.0,0.0,0.0,8.0,8.0,0.0,0.0,6,0,0,0,337,0,2,True,0.0034840864953174584,0.0010376863649006298,0.9923383410926002,0.0023415742797372827,0.0007983117674444089,0.9923383410926002,[0.99233834],0.05435741062201507,False,0.9888542545972827,False,0.9923383410926002,False,0,False,2025-07-25 13:25:48.851583,98,0.2
2015-08-27 18:00:00,0.4295595201822612,0.5291777649488592,0.3236023478755643,0.539889932683075,0,0,0,2,0.2922291035996701,0.3072734096413733,0.5309541397534071,0.3590397049859423,0.4572562139643251,0.1401612294690903,0.2460063263371631,0.7109312556744055,0.3774588872464202,0.1284532504689435,0.3043310554473018,0.364776906555376,0.5435690293137057,0.4575759812865298,0.4179646517795958,0.0977620497597815,0.2821896149802074,0.5772050061987464,0.3627250065598175,0.0924984974033602,0.5040760398356008,0.438387972672899,0.427897068683737,0.4598913818510031,0.3676669572743873,0.0978044502334394,0.1325463385053824,0.5226256976617172,0.3813715360719434,0.0856514718109134,0.7360034216270802,0.284793204016659,0.5143642949294998,0.5423376291103519,0.4563277585310081,0.1024759218684231,0.284793204016659,0.7360034216270802,0.5546505468112336,0.1091036499177868,0.0,0.0,2.0,0.0,0.0,0.0,0.0,5.0,0.0,0.0,18,3,0,0,349,12,2,True,0.0021509207494090922,0.0007213136672588219,0.9923158399320107,0.0011044144070889335,0.003707511244232381,0.9923158399320107,[0.99231584],0.05435525307721235,False,0.9886083286877783,False,0.9923158399320107,False,0,False,2025-07-25 13:25:48.851583,98,0.2
2015-08-12 20:00:00,0.6128817856900793,0.5228279567570713,0.49512101988388,0.3779450054420991,0,0,0,1,0.5026430469606608,0.6249179263325059,0.3955440089103544,0.5030263651335632,0.6377108261567549,0.1416900338689327,0.3955440089103544,0.8974330280880826,0.7248235962664907,0.1425272842410988,0.6466001171328861,0.6185627003354996,0.7017973679025375,0.5641480997242503,0.5691498451019822,0.0955908241642314,0.4049898298629655,0.760437560536664,0.5892621494530872,0.1082657173336736,0.3678799216188362,0.3171013982643608,0.4550008290048259,0.3678080367299122,0.4027340014588327,0.0782794640086496,0.2364091194136379,0.5468681934567383,0.4331131052007381,0.0808271407990313,0.3523455806080932,0.5481855991334149,0.4227919688217786,0.3474210941458131,0.4600150103628581,0.09192317708229,0.2795339190029285,0.6133426327132879,0.4438940860654927,0.1005528762316052,0.0,0.0,0.0,0.0,0.0,0.0,0.0,1.0,0.0,0.0,20,2,0,0,350,14,1,True,0.005140834348424929,0.9920925945185272,0.0010994740334187866,0.0009783077795018497,0.0006887893201273778,0.9920925945185272,[0.99209259],0.054255811874671475,False,0.9869517601701022,False,0.9920925945185272,False,0,False,2025-07-25 13:25:48.851583,98,0.2
2015-06-28 19:00:00,0.6008552807534243,0.6751707359516708,0.3154698583860532,0.795245642951823,0,0,0,4,0.4888983795461191,0.5498548930088701,0.4830674558331723,0.5678473239741585,0.6078225651803133,0.1167341910975971,0.4250907218552232,0.8503737654785656,0.6674194241695566,0.1108881489384742,0.4985251070662819,0.6491852370918856,0.8095082942024507,0.6657356447227705,0.5939949779244923,0.1279097807653978,0.3176753681138914,0.8101553755301993,0.5954933203063306,0.0890404626567912,0.429135045475311,0.4068467856567732,0.4107913974838274,0.4611242459017606,0.3742552949829046,0.1059889474750324,0.1598481752584524,0.5613228615993651,0.3376138465503329,0.1115418759837428,0.6216602356652455,0.8649671420895871,0.5724043586973572,0.7718935389428198,0.7213327739024313,0.1092246768479098,0.5049450708922094,0.9203724793706066,0.6809287828753564,0.0909161878908584,0.0,0.0,0.0,0.0,0.0,0.0,0.0,6.0,0.0,0.0,19,6,1,0,350,13,4,True,0.0011483658131312255,0.005160538899167007,0.0011839617886181934,0.0004377807570204536,0.9920693527420632,0.9920693527420632,[0.99206935],0.05421625730596322,False,0.9869088138428962,False,0.9920693527420632,False,0,False,2025-07-25 13:25:48.851583,98,0.2
2015-05-30 05:00:00,0.2328876290411222,0.7731399040493989,0.5586109557623999,0.5158633005025332,0,0,0,3,0.5554164970031684,0.5633822980064355,0.2139503179278133,0.5322678326308038,0.3884840867630032,0.1526169391698089,0.0493816304734572,0.6114692265980147,0.3675081422244116,0.2317152969901267,0.6214062679175691,0.8092688356699491,0.5326036448566467,0.3845908047693528,0.5912828670996766,0.1265128066544127,0.3937027231399123,0.8527770761586795,0.7084591543752357,0.1251897584481343,0.6020319730826853,0.8215818222150477,0.5408942503072851,0.7072946190398499,0.6204108516798528,0.1061105870134733,0.350071524993008,0.8215818222150477,0.5838788816033791,0.1453921527944464,0.3661072360438336,0.2926144901675152,0.3567380590617457,0.4606738909920362,0.4421703374489965,0.1225569226867865,0.2168364561912094,0.6969383990157249,0.3931664100143335,0.0754260949191492,0.0,0.0,0.0,0.0,0.0,0.0,0.0,4.0,0.0,0.0,5,5,1,0,359,23,3,True,0.004895439235488205,0.0011132428931087744,0.001092558561400071,0.9921781339573903,0.0007206253526127055,0.9921781339573903,[0.99217813],0.05406724670936842,False,0.9872826947219021,False,0.9921781339573903,False,0,False,2025-07-25 13:25:48.851583,98,0.2
2015-02-13 21:00:00,0.6627996523541132,0.4798774526480009,0.4334135110004381,0.1793839452043416,0,0,0,1,0.8557958639763067,0.8160200788755269,0.7504510015107201,0.6276176094593257,0.6262433905540504,0.1400174936854999,0.3516672022925947,0.8557958639763067,0.6080113356322326,0.166735705173364,0.6447352441505763,0.499683037762331,0.6444136254973984,0.5185384281504584,0.5903489997207467,0.1087825758539687,0.4100003262899971,0.7894487264829158,0.5450399278439683,0.0826642679502069,0.565644989395909,0.4921000067603596,0.6222877777821407,0.5015597316221923,0.4358311210105932,0.0940632435853218,0.2765312220546501,0.6222877777821407,0.4432134813481063,0.0957021937212888,0.3077879205287247,0.5145249819777524,0.3288918604296412,0.3485988281955019,0.4529134586412608,0.1421138789995551,0.1793839452043416,0.713764709225473,0.4153810460917472,0.1683510482653244,0.0,0.0,0.0,0.0,0.0,0.0,0.0,1.0,0.0,0.0,21,4,0,0,351,15,1,True,0.0036049386939730416,0.9923867703138561,0.001085155356573811,0.0023824703502012255,0.0005406652853960508,0.9923867703138561,[0.99238677],0.053727361814923005,False,0.9887818316198831,False,0.9923867703138561,False,0,False,2025-07-25 13:25:48.851583,98,0.2
2015-11-25 13:00:00,0.6447160429524356,0.4986046815452213,0.6091007607568211,0.5667915099287154,0,0,0,3,0.3691793192970002,0.4261361459473746,0.3615690033148072,0.3920693104466107,0.452388968583678,0.127208652830298,0.2766557714348562,0.7460289230452687,0.4491326846760757,0.1267948293017656,0.5187141080809463,0.5665980104284525,0.6532702719675936,0.4869265590215684,0.5552363712144363,0.097025472986382,0.3544693650323741,0.7602310432724293,0.5607180989452468,0.0993663256734675,0.5779681931368053,0.5322639566425902,0.6601724123659694,0.6208234985249228,0.6328848141986694,0.0968655704378947,0.4440768151760063,0.8515482122701108,0.6102046220137751,0.0502343951906789,0.5421954368652394,0.3983928256814657,0.4419051914686848,0.4141763290696072,0.4417106831090575,0.1057414116460003,0.1879053126554049,0.6153530210274006,0.4851635369115661,0.1037997598578527,0.0,0.0,0.0,0.0,0.0,0.0,0.0,4.0,0.0,0.0,13,2,0,1,343,7,3,True,0.0029150663969483024,0.0017266116101738603,0.0022924366541405834,0.9925206612925884,0.0005452240461489371,0.9925206612925884,[0.99252066],0.053483793480743516,False,0.9896055948956402,False,0.9925206612925884,False,0,False,2025-07-25 13:25:48.851583,98,0.2
2015-06-13 18:00:00,0.527047806275425,0.6528882856246665,0.5716502583424687,0.5125929677459072,0,0,0,2,0.443299389712949,0.2980598130141886,0.4745335692741695,0.4831260949080379,0.4684176989703342,0.1028950346854265,0.2980598130141886,0.6283321249511943,0.4494774148985041,0.0757758247862541,0.5195223404537717,0.2646524812588769,0.7048261817569759,0.3746473683592993,0.497414087644481,0.1216052460779633,0.1983909571104041,0.7048261817569759,0.5538847294905852,0.0643473501110708,0.3928970178978141,0.4793280771671961,0.2927434089216553,0.3711936770961619,0.3894242561558389,0.0881326837205032,0.1494918488552842,0.5716502583424687,0.4459463244421256,0.0812449882554324,0.7654921356148868,0.6759258265193048,0.6594454857724582,0.4801801585438152,0.5387824239715313,0.1643261769689946,0.1935608304434668,0.864390986321813,0.6478157418902017,0.1542298879701046,0.0,0.0,3.0,0.0,0.0,0.0,0.0,5.0,0.0,0.0,18,5,1,0,349,12,2,True,0.0023551205597400903,0.0007918406321654243,0.9925902601052566,0.0012786191265257312,0.0029841595763121904,0.9925902601052566,[0.99259026],0.05315742785499318,False,0.9896061005289445,False,0.9925902601052566,False,0,False,2025-07-25 13:25:48.851583,98,0.2
2015-11-25 08:00:00,0.3267910798743457,0.535810402332664,0.5543088906282996,0.513366979149851,0,0,0,3,0.4261361459473746,0.6167702840551174,0.2766557714348562,0.313774965119595,0.4344126405519442,0.1349985129634086,0.2158070618099697,0.7460289230452687,0.4413039671886129,0.110728422141524,0.5665980104284525,0.6109525713974451,0.5551976649927639,0.5062817992482382,0.567697657365356,0.1001194301887991,0.3544693650323741,0.7290185144701624,0.5260101285547542,0.1104496844310545,0.5322639566425902,0.6382869518906724,0.5796769758685976,0.7377392333152668,0.6290942043900899,0.1006830286894955,0.4440768151760063,0.8515482122701108,0.5457221532592539,0.071010549174447,0.3983928256814657,0.5401906949603483,0.3744960488344614,0.3644926046993191,0.445509583633381,0.1129415416570291,0.1879053126554049,0.6597674648519692,0.3990632346048089,0.1170746797474883,0.0,0.0,0.0,0.0,0.0,0.0,4.0,4.0,0.0,0.0,8,2,0,1,338,2,3,True,0.002796982588771395,0.0013063577711795137,0.0025359878372758133,0.9926132079869936,0.0007474638157796175,0.9926132079869936,[0.99261321],0.053017282626747694,False,0.9898162253982222,False,0.9926132079869936,False,0,False,2025-07-25 13:25:48.851583,98,0.2
2015-04-15 02:00:00,0.5488477422491295,0.6573680127891917,0.7417928514669114,0.5849037104021569,0,0,0,3,0.2466672942864879,0.5814951359385542,0.6253596828053888,0.5704021248906618,0.4457927264755564,0.1422251154300035,0.2429426779094264,0.8477799999089778,0.3860399188691357,0.1491947572654248,0.5345404134505871,0.6721855065248934,0.4949288254759231,0.7482728176441591,0.5707723020721642,0.0769899763824697,0.3954498985999683,0.6853333385326557,0.5784720549104903,0.0521872970330859,0.5994890012432024,0.6121113848666888,0.6990750954875775,0.7715563498832725,0.656261911207107,0.0778296315452709,0.4859179592715934,0.7788341380394332,0.6445584990350962,0.0945726566019939,0.367353556678531,0.6055087404619842,0.5360780613010702,0.3857920832292737,0.469791967563486,0.1120605417061954,0.2486572345301875,0.6492974427767965,0.4831452216658878,0.1054436452533731,0.0,0.0,0.0,0.0,0.0,0.0,0.0,4.0,0.0,0.0,2,2,0,0,356,20,3,True,0.002847288217148932,0.0023673891899673285,0.001502283099448184,0.9926216980381987,0.0006613414552368856,0.9926216980381987,[0.9926217],0.05296106996059954,False,0.9897744098210497,False,0.9926216980381987,False,0,False,2025-07-25 13:25:48.851583,98,0.2
2015-08-12 15:00:00,0.8048066575661103,0.4527671165694703,0.4371031765648372,0.5168667768220536,0,0,0,1,0.6249179263325059,0.807091301095061,0.500803706078952,0.3838396066583226,0.6175391138109566,0.1357980737859554,0.3955440089103544,0.8339619821248402,0.7124272182485347,0.0854277399781246,0.6185627003354996,0.6324915179249861,0.6697860576295758,0.4572986885361362,0.5664967348801627,0.1024244893534191,0.4049898298629655,0.7920737466512469,0.5414403910229547,0.0829557210653253,0.3171013982643608,0.3267261676234225,0.3776689752133527,0.5626101751887358,0.3986810707816308,0.0690163895215472,0.2364091194136379,0.5311241486713809,0.4098552615817286,0.0948289272483998,0.5481855991334149,0.5923617406120857,0.5346504270597578,0.3280266045062747,0.4662133388785621,0.0925345542245786,0.2795339190029285,0.5923617406120857,0.4737214483707987,0.1096051191767255,0.0,0.0,0.0,0.0,0.0,0.0,0.0,1.0,0.0,0.0,15,2,0,1,345,9,1,True,0.003758974107891427,0.9925715623724248,0.0014585833828813248,0.001028944250885464,0.0011819358859170175,0.9925715623724248,[0.99257156],0.05295968688441511,False,0.9888125882645334,False,0.9925715623724248,False,0,False,2025-07-25 13:25:48.851583,98,0.2
2015-06-28 08:00:00,0.564570973567902,0.8101553755301993,0.3635965706923882,0.8160355903968001,0,0,0,4,0.4830674558331723,0.4250907218552232,0.7649980798240027,0.9300389816438612,0.5790963808404989,0.1063130316466584,0.3849985854645371,0.8503737654785656,0.5973088968882698,0.0982106753837271,0.8095082942024507,0.6611537675038801,0.3176753681138914,0.7345636161423676,0.6115468496779083,0.1480717262632923,0.3176753681138914,0.8844736987328348,0.6434956440407734,0.1914310870644182,0.4107913974838274,0.4470925738279759,0.5573956177281605,0.4888317147094816,0.3714548526971984,0.0946038969971967,0.1859434385227004,0.5613228615993651,0.3112343994312405,0.0990146005575272,0.5724043586973572,0.9203724793706066,0.7550817352562601,0.6778271259405689,0.7085907708943914,0.1184664123739589,0.5049450708922094,0.9203724793706066,0.7290084019868664,0.1230299852273122,0.0,0.0,0.0,0.0,0.0,0.0,6.0,6.0,0.0,0.0,8,6,1,1,339,2,4,True,0.0012099592998613504,0.004685855825217162,0.001057795005242292,0.0006080401927165769,0.9924383496769628,0.9924383496769628,[0.99243835],0.05254195887077342,False,0.9877524938517456,False,0.9924383496769628,False,0,False,2025-07-25 13:25:48.851583,98,0.2
2015-10-26 21:00:00,0.3793086782061191,0.2052389685806375,0.3764773944319782,0.4485344491759362,0,0,0,2,0.3494638160321669,0.2866956030322108,0.4997321189233624,0.4501691350907076,0.4757346314819979,0.1374392614856792,0.27462037163395,0.8450277649182109,0.4973633984171801,0.1512021888069577,0.3564963738703242,0.1650373368389303,0.4109019771416887,0.2723667659666457,0.2723245456184884,0.1231029555448414,0.094282785740336,0.5107310129352349,0.2867285779871215,0.0976542518804306,0.4736486806210722,0.5391129876702494,0.384033326437771,0.4532563279946322,0.4312707553671062,0.0648553274490418,0.310989343572104,0.5442024578860767,0.4548190692434146,0.0560717626279109,0.4182339903704789,0.4817176450432149,0.4802177864567649,0.413650983672565,0.4166435866793188,0.067216979953767,0.2619910579235517,0.5246858311909537,0.4249198982435084,0.0442336384483442,0.0,0.0,0.0,0.0,0.0,0.0,0.0,8.0,0.0,0.0,21,0,0,0,352,15,2,True,0.0022767626615994483,0.001767293827348,0.9927648772704671,0.0025714612235727885,0.0006196050170125325,0.9927648772704671,[0.99276488],0.05217565042545628,False,0.9901934160468944,False,0.9927648772704671,False,0,False,2025-07-25 13:25:48.851583,98,0.2
2015-10-26 16:00:00,0.4111031995753914,0.3556256241897579,0.5300079248680374,0.4967454314873993,0,0,0,2,0.2866956030322108,0.5906788443647365,0.4578381461643709,0.3732008820862434,0.4515710293890964,0.1238654591379647,0.27462037163395,0.8450277649182109,0.4789498403213617,0.1894229905615104,0.1650373368389303,0.1743049134076444,0.5107310129352349,0.320355142412518,0.2732735625977098,0.116068638963374,0.094282785740336,0.5107310129352349,0.2292080879469884,0.1054149480999432,0.5391129876702494,0.4765576213315712,0.5442024578860767,0.5473727163131106,0.4179789050678351,0.0732837552642396,0.2736678447545767,0.5442024578860767,0.4341744420912956,0.090196982628231,0.4817176450432149,0.4058728498852909,0.4600933057085862,0.3177026154230299,0.414637239030947,0.0696815671300624,0.2619910579235517,0.5246858311909537,0.4272994548380057,0.082292136220612,0.0,0.0,0.0,0.0,0.0,0.0,0.0,8.0,0.0,0.0,16,0,0,1,347,10,2,True,0.0024488652486912947,0.0015818660284110115,0.9927757368282089,0.002550051587297806,0.0006434803073908969,0.9927757368282089,[0.99277574],0.05207937965124909,False,0.990225685240911,False,0.9927757368282089,False,0,False,2025-07-25 13:25:48.851583,98,0.2
2015-06-14 00:00:00,0.3573199168616222,0.3080394646182057,0.4541506056470624,0.9258431208373292,0,0,0,2,0.4731720963682052,0.527047806275425,0.2980598130141886,0.6052908833924834,0.4533049771539032,0.0874489969088795,0.2980598130141886,0.6076664178606738,0.4364258557654426,0.0740251783312345,0.3041291447584531,0.6528882856246665,0.2646524812588769,0.5564389194481019,0.4741869508101273,0.122380362979141,0.2646524812588769,0.7048261817569759,0.3756386660362837,0.0703039015786464,0.4108954098513671,0.5716502583424687,0.4793280771671961,0.4538680203927503,0.389156385136244,0.0925324637419141,0.1494918488552842,0.5716502583424687,0.4018409662202229,0.0707025537783925,0.9816728501764714,0.5125929677459072,0.6759258265193048,0.1935608304434668,0.628829133664159,0.17414368063782,0.2144279778833715,0.9816728501764714,0.7591712675217045,0.2017311819994328,0.0,0.0,0.0,0.0,0.0,0.0,0.0,5.0,0.0,0.0,0,6,1,0,355,18,2,True,0.00159936169895141,0.0006434736864849931,0.99264150107851,0.0009931093654356358,0.0041225541706181685,0.99264150107851,[0.9926415],0.051862071580909455,False,0.9885189469078919,False,0.99264150107851,False,0,False,2025-07-25 13:25:48.851583,98,0.2
2015-06-28 15:00:00,0.7725213956578568,0.5450313985450592,0.4047656754231709,0.5922896927783156,0,0,0,4,0.7435028042582962,0.6061749645588627,0.4892726009957319,0.5595910804832752,0.5928141789116005,0.1142156950889966,0.4250907218552232,0.8503737654785656,0.5927023303902267,0.133757061786047,0.7295463223479977,0.5029061996590902,0.7419402129052621,0.5615778489195504,0.609350535574304,0.1361823459791759,0.3176753681138914,0.8101553755301993,0.6383103512678235,0.0818861999194218,0.267730138868155,0.5338385648721473,0.3533809430170761,0.4153499930462818,0.3818692941718981,0.0961622278074959,0.1859434385227004,0.5613228615993651,0.3736097706735354,0.0602875258111621,0.659894355410026,0.7325402934045157,0.6765670800233258,0.5282916129501508,0.7131372430296153,0.1108210235093339,0.5049450708922094,0.9203724793706066,0.7200683392539499,0.1090260644294284,0.0,0.0,0.0,0.0,0.0,0.0,0.0,6.0,0.0,0.0,15,6,1,1,346,9,4,True,0.0011348058347462175,0.004497091297416614,0.00128012806922274,0.0004830322749114667,0.9926049425237029,0.9926049425237029,[0.99260494],0.05158166665191179,False,0.9881078512262863,False,0.9926049425237029,False,0,False,2025-07-25 13:25:48.851583,98,0.2
2015-06-13 20:00:00,0.543690537628848,0.4492537434235767,0.492865176688612,0.6006913125492758,0,0,0,2,0.4525426413740724,0.3253744552677998,0.3448316916816668,0.5025745674694858,0.4744371825521647,0.1006882033963551,0.2980598130141886,0.6283321249511943,0.4729774770599427,0.0498381966938469,0.3419558047506197,0.6123941172195246,0.4707104754941401,0.1983909571104041,0.4990673872687202,0.109151107253693,0.2646524812588769,0.7048261817569759,0.4951756439063541,0.1019215546085827,0.4129593938308123,0.4726945831197877,0.1494918488552842,0.4055023257222124,0.3953247982395773,0.0903774512511737,0.1494918488552842,0.5716502583424687,0.4440739583377308,0.0843258558579196,0.6011270313933249,0.6935736349874785,0.5397141164420876,0.3654290349549881,0.5499633245060797,0.1608243076065811,0.1935608304434668,0.864390986321813,0.6345161786591147,0.1527133880921076,0.0,0.0,0.0,0.0,0.0,0.0,0.0,5.0,0.0,0.0,20,5,1,0,351,14,2,True,0.0016212560744475859,0.0006827046421232419,0.9926660931188257,0.000817693910003117,0.004212252254600482,0.9926660931188257,[0.99266609],0.05155233877279023,False,0.9884538408642252,False,0.9926660931188257,False,0,False,2025-07-25 13:25:48.851583,98,0.2
2015-02-13 20:00:00,0.8557958639763067,0.6447352441505763,0.565644989395909,0.3077879205287247,0,0,0,1,0.666338093452603,0.5924211016015385,0.5037437971909825,0.5949799748392214,0.6247774721001009,0.1398021304446994,0.3516672022925947,0.8557958639763067,0.6335480733858015,0.1872736525324186,0.587954997372024,0.505883380322991,0.7870794634611891,0.4878550977454943,0.5919598737000158,0.1073524143901185,0.4100003262899971,0.7894487264829158,0.5483408586963567,0.0798907108692585,0.4483083995513186,0.3180904923965834,0.5760979115432936,0.2371362494532485,0.438670546869833,0.0950108612855104,0.2765312220546501,0.6222877777821407,0.4529945639747599,0.0974827009261711,0.5973852170412289,0.3048585102013619,0.6506121598668416,0.3896743049807272,0.4599640787658925,0.1317748794170172,0.270183069013147,0.713764709225473,0.4712378855539823,0.124197702529166,0.0,0.0,0.0,0.0,0.0,0.0,0.0,1.0,0.0,0.0,20,4,0,0,350,14,1,True,0.0036914281796393516,0.992768555033674,0.0009688669471395648,0.0018531471617581187,0.0007180026777891414,0.992768555033674,[0.99276856],0.05146255699922548,False,0.9890771268540347,False,0.992768555033674,False,0,False,2025-07-25 13:25:48.851583,98,0.2
2015-04-30 04:00:00,0.4638455922616625,0.5217094315012543,0.5180569633102814,0.727414016045984,0,0,0,4,0.3760712645641654,0.496062959870165,0.4322806414265611,0.5478922605383797,0.4824725622660765,0.1281133853898404,0.2270346223764551,0.7950127082484236,0.4409921837356156,0.1902561473557396,0.2796001963539478,0.4340343988031713,0.4451355265969394,0.3832556994654201,0.4307316725811123,0.1098872448439421,0.1830764234788327,0.6321220145675961,0.4442749950496138,0.1535695053681275,0.3650897559011181,0.5141125583090602,0.3988814901872333,0.3537385058461381,0.4004055052559438,0.1023773606451943,0.1791032749820289,0.5836437985777616,0.4190540434982204,0.0661128487571628,0.7039904917819871,0.7208747310116671,0.6858103003627983,0.5895523745931986,0.6940864768273927,0.1003439850675275,0.5094737599351343,0.8585150321836484,0.705692197427079,0.0660591697558865,0.0,0.0,0.0,0.0,0.0,0.0,0.0,8.0,0.0,0.0,4,3,0,0,360,22,4,True,0.0008833560054110802,0.00041276381331205287,0.005992499884384991,0.00046188707443604697,0.9922494932224559,0.9922494932224559,[0.99224949],0.05136095830554039,False,0.9862569933380709,False,0.9922494932224559,False,0,False,2025-07-25 13:25:48.851583,98,0.2
2015-08-27 22:00:00,0.4955163153273006,0.4326433006343116,0.3835807582524237,0.4737076956144822,0,0,0,2,0.3929170669982184,0.6064235907922443,0.4323327363193644,0.3458274135424787,0.4455313422530622,0.1281929272205813,0.23424419130066,0.7109312556744055,0.403127474697994,0.1260620378791931,0.5165617869767256,0.3348090559107903,0.3538414051382251,0.4900690698111912,0.4125994124262362,0.0931452166632513,0.2821896149802074,0.5578489553860808,0.446231461292166,0.0910331486810046,0.2235004664908653,0.2730634966510931,0.3097067950401088,0.4582555946747217,0.3629463205286214,0.101470061942928,0.1325463385053824,0.5226256976617172,0.387850132384983,0.1050443226728884,0.3502379066622205,0.525189148283075,0.3650461298686954,0.3423577895270138,0.4588961760551579,0.0931086011593364,0.284793204016659,0.7360034216270802,0.5055104561892906,0.1286818114111147,0.0,0.0,0.0,0.0,0.0,0.0,0.0,5.0,0.0,0.0,22,3,0,0,353,16,2,True,0.003351586577031068,0.0007750333847289186,0.9928302548475361,0.000902477977949043,0.00214064721275485,0.9928302548475361,[0.99283025],0.05127815967590862,False,0.989478668270505,False,0.9928302548475361,False,0,False,2025-07-25 13:25:48.851583,98,0.2
2015-08-12 10:00:00,0.673926544591099,0.580190196836248,0.5271551916950428,0.5909890281055507,0,0,0,1,0.807091301095061,0.5677013240608132,0.5040306798184339,0.5238697372070126,0.5909776483117744,0.1326631242184969,0.3838396066583226,0.8339619821248402,0.6342718737487681,0.1387909233561999,0.6324915179249861,0.6297072519532791,0.6232979707156354,0.5711341256414844,0.5643937755898014,0.1037857377829906,0.4049898298629655,0.7920737466512469,0.563773949405659,0.1057960492301135,0.3267261676234225,0.4220585023924248,0.3799204339445872,0.262273930487763,0.416045311312147,0.0801582905301052,0.2364091194136379,0.5733560017747434,0.4123173176387525,0.0722345793645278,0.5923617406120857,0.4138145520103893,0.5315463844369707,0.3138214836020824,0.4574086632080805,0.1055300787419881,0.2497692140171519,0.6342709101576861,0.490740298353646,0.0899063071957235,0.0,0.0,0.0,0.0,0.0,0.0,1.0,1.0,0.0,0.0,10,2,0,1,340,4,1,True,0.004016859501730659,0.9927665264781823,0.0014377150567875547,0.0009121968494088704,0.0008667021138906287,0.9927665264781823,[0.99276653],0.0512747193862629,False,0.9887496669764516,False,0.9927665264781823,False,0,False,2025-07-25 13:25:48.851583,98,0.2
2015-08-28 03:00:00,0.406969992260488,0.482590074400626,0.4685011999585007,0.5941601873782733,0,0,0,2,0.2747211617808059,0.3929170669982184,0.3717074978409073,0.2460063263371631,0.4236015964795092,0.1283233561506412,0.23424419130066,0.6973508558389893,0.4129775886851533,0.1667625862605668,0.4873924405629041,0.5165617869767256,0.2821896149802074,0.2838103628585977,0.4223349313658693,0.0918153851240915,0.2821896149802074,0.5578489553860808,0.4210446348461936,0.102487810372385,0.4263961155482675,0.2235004664908653,0.3964815272045109,0.1325463385053824,0.3804228490970744,0.0849881940161132,0.20173981643239,0.5040760398356008,0.39593898348721,0.063137921724033,0.4693268533343848,0.3502379066622205,0.6102730884385247,0.3645780332681503,0.4729157697808701,0.096344794015411,0.284793204016659,0.7360034216270802,0.4717339131851308,0.0879318980787964,0.0,0.0,0.0,0.0,0.0,0.0,0.0,5.0,0.0,0.0,3,4,0,0,358,21,2,True,0.002653847033555568,0.0007342729954068821,0.992921243422727,0.0009597935150435995,0.0027308430332669436,0.992921243422727,[0.99292124],0.050884530489440034,False,0.99019040038946,False,0.992921243422727,False,0,False,2025-07-25 13:25:48.851583,98,0.2
2015-02-13 22:00:00,0.6848754997163214,0.5718371039833037,0.4658127099689992,0.4250370230848914,0,0,0,1,0.6627996523541132,0.5592547001781868,0.6427785949336485,0.7766991756505074,0.6224174040567927,0.1369484401842787,0.3516672022925947,0.8557958639763067,0.628948135555255,0.167275084559382,0.4798774526480009,0.6116478060709165,0.7894487264829158,0.468960866863445,0.5946355096007409,0.105776744813154,0.4100003262899971,0.7894487264829158,0.5384048108293662,0.0776971511949823,0.4334135110004381,0.2765312220546501,0.4576212805582555,0.351797197900355,0.4405817673467867,0.0925007885573207,0.2765312220546501,0.6222877777821407,0.4747603960004978,0.0501020000437351,0.1793839452043416,0.6158445455435154,0.3011847508007721,0.4006327282157303,0.4539303042608092,0.1418105229099838,0.1793839452043416,0.713764709225473,0.3835797923486432,0.1382389829980035,0.0,0.0,0.0,0.0,0.0,0.0,0.0,1.0,0.0,0.0,22,4,0,0,352,16,1,True,0.0034416480705938292,0.992868855522345,0.0012210992365388037,0.0020009711502221826,0.0004674260203001113,0.992868855522345,[0.99286886],0.05083578000959349,False,0.9894272074517512,False,0.992868855522345,False,0,False,2025-07-25 13:25:48.851583,98,0.2
2015-07-29 05:00:00,0.3509273529496045,0.7460429203068157,0.6532235128354409,0.3242647902128321,0,0,0,3,0.4551045378236923,0.3320708230203438,0.4252883577148773,0.6187403388581051,0.4647529901032404,0.0944790648902663,0.3320708230203438,0.7861824292675327,0.4528965709932828,0.0847128867333302,0.6027209824514512,0.4899569473555502,0.7636743341734151,0.7134747852313272,0.602096825059808,0.1391202631598046,0.2913505497140738,0.8600537703019018,0.6119060444161589,0.1508717637996492,0.7134687284559613,0.4894954148147978,0.4980222442382072,0.7829471374662091,0.6506714992774542,0.0928633938356324,0.4894954148147978,0.8538628183314754,0.6740839993099209,0.1105268073712891,0.550963150658765,0.4012562972446533,0.4721930215912789,0.6626136509929702,0.4716681947139781,0.1424892402000311,0.229950231452378,0.77160970449412,0.4065759954023675,0.1267557338644647,0.0,0.0,0.0,0.0,0.0,0.0,0.0,4.0,0.0,0.0,5,2,0,0,359,23,3,True,0.003038423853271654,0.0019240496724037513,0.001082048881772002,0.9930031905349687,0.0009522870575837839,0.9930031905349687,[0.99300319],0.05062987256329349,False,0.989964766681697,False,0.9930031905349687,False,0,False,2025-07-25 13:25:48.851583,98,0.2
2015-02-28 09:00:00,0.4905510180718347,0.6707963305189137,0.2122876994227726,0.6505399219007327,0,0,0,4,0.4842761330700588,0.3400796568548204,0.5060178448897567,0.6588919945531818,0.4531675793905694,0.1457475864024164,0.1273786850967674,0.7502632635054881,0.5290402134439515,0.1464616345992069,0.7186919686235238,0.5148011429806527,0.6024165404026627,0.738600010375493,0.6077229740645212,0.0932862050967553,0.44945596035172,0.8000236592232863,0.6030038005719557,0.1154022686837499,0.2797277236821425,0.4069599170253068,0.380584068329868,0.2822213087207772,0.4229406537075799,0.0912279474292753,0.2122876994227726,0.5936064039403226,0.3682142594987301,0.1151316141316115,0.6668006106418877,0.7052678658750259,0.4926607522806122,0.514129672592613,0.663484724361622,0.0960864412412715,0.4924196034650874,0.8628752286785283,0.6728942381294738,0.0616733492433159,0.0,0.0,0.0,0.0,0.0,0.0,5.0,5.0,0.0,0.0,9,5,1,1,339,3,4,True,0.003530061983853239,0.0012060052360226459,0.0012297235277033754,0.0010690306816226207,0.992965178570798,0.992965178570798,[0.99296518],0.05060076652457084,False,0.9894351165869448,False,0.992965178570798,False,0,False,2025-07-25 13:25:48.851583,98,0.2
2015-05-14 21:00:00,0.6758955208347123,0.5269781131713587,0.3087337681168546,0.6458929154475198,0,0,0,1,0.4589811244237781,0.7466904025713447,0.6148146454467353,0.5834307057991243,0.6083722353606509,0.1300878515231581,0.3223353981895583,0.945268259654117,0.610319756696636,0.0798694181898683,0.6705003797002005,0.6106500060659166,0.438237056224907,0.4950678644645375,0.6076190302029183,0.118887149148934,0.3606887924567073,0.8963842981676489,0.6617005792959363,0.1513838236203332,0.539317629469398,0.3853727819799123,0.4064184099295085,0.317997029443675,0.40052018276746,0.0769554317613483,0.2634477445556717,0.5932940080061984,0.4049773474579974,0.1323288184275047,0.3147023433619089,0.3839257079550466,0.6636637110169169,0.4723781525952577,0.4273258941186513,0.1160606728433721,0.2621124408756899,0.6636637110169169,0.3877881283250969,0.1334723741237078,0.0,0.0,0.0,0.0,0.0,0.0,0.0,1.0,0.0,0.0,21,3,0,0,351,15,1,True,0.00490847199433534,0.9926966186186444,0.0008520596426053199,0.0008029797069063141,0.0007398700375084436,0.9926966186186444,[0.99269662],0.05045293827443819,False,0.9877881466243091,False,0.9926966186186444,False,0,False,2025-07-25 13:25:48.851583,98,0.2
2015-04-29 16:00:00,0.4322806414265611,0.4451355265969394,0.3988814901872333,0.6858103003627983,0,0,0,4,0.7529696627027652,0.4606290197378945,0.5478922605383797,0.5143469335658978,0.4594377911244496,0.1586218313331755,0.1065363082926541,0.7529696627027652,0.5435446765078543,0.1167311770194873,0.1830764234788327,0.3314636040874435,0.3832556994654201,0.3480374388419945,0.4098830333289561,0.1015966413291063,0.1830764234788327,0.6081051077744999,0.4171810192661638,0.126430280635477,0.4519761757953092,0.2953108471681475,0.3537385058461381,0.3293407151785703,0.388849418941706,0.0921067484575784,0.2033404936877426,0.5836437985777616,0.4334631460796348,0.12838447995128,0.571762083064768,0.6364209952274348,0.5895523745931986,0.4757454263053381,0.6560642928562131,0.1022415711610457,0.4912278444506582,0.8578756705926073,0.6208059223592751,0.0870508490887635,0.0,0.0,2.0,0.0,0.0,0.0,0.0,10.0,0.0,0.0,16,2,0,1,348,10,4,True,0.0011243322337297448,0.0005318714030293178,0.0054303934947472,0.0003821147268923103,0.9925312881416014,0.9925312881416014,[0.99253129],0.050416142529444805,False,0.9871008946468542,False,0.9925312881416014,False,0,False,2025-07-25 13:25:48.851583,98,0.2
2015-02-13 13:00:00,0.7335084581675445,0.5551403381987292,0.3897824467043566,0.270183069013147,0,0,0,1,0.8263608417128429,0.6363632126749265,0.7804565927740433,0.5459469324914882,0.6153466526120852,0.1276610688232601,0.383656059729116,0.8263608417128429,0.6550777046175281,0.1418197429962868,0.6833549306565612,0.6129571279146928,0.6248911757451412,0.4253543091837375,0.6115551352672457,0.1176070195528678,0.4100003262899971,0.8645451475409527,0.6747226895799292,0.0984326149793088,0.3382601188926718,0.535203791124335,0.3426021794603583,0.3572128202549658,0.4285870731656246,0.0937679531978706,0.2371362494532485,0.6222877777821407,0.4889258902586644,0.1118604990049155,0.6868577191915471,0.538429346222837,0.437803130356501,0.435054884127356,0.4545548511174139,0.1172481992259549,0.270183069013147,0.713764709225473,0.4783427801703363,0.1969352211002561,0.0,0.0,0.0,0.0,0.0,0.0,0.0,1.0,0.0,0.0,13,4,0,1,343,7,1,True,0.003950499685884192,0.9929001188520012,0.0007375088369498009,0.0015965922991076735,0.0008152803260571033,0.9929001188520012,[0.99290012],0.0503355491677952,False,0.988949619166117,False,0.9929001188520012,False,0,False,2025-07-25 13:25:48.851583,98,0.2
2015-08-27 08:00:00,0.5189752300934002,0.4281884005176793,0.4769220777064162,0.4090667448453746,0,0,0,2,0.5471402766431109,0.7109312556744055,0.280285450740619,0.5072757528549422,0.4910330527005093,0.1138243975164692,0.2460063263371631,0.7109312556744055,0.4801274363563945,0.1154878432442726,0.3949364680463232,0.2930288850840846,0.5772050061987464,0.4121577663247375,0.4688148239799638,0.1071865864828736,0.2838103628585977,0.6786156353050283,0.4394780062064535,0.0980047977984013,0.2583641860009673,0.3175306438238531,0.4501688504998938,0.4689908897165682,0.3971004356525556,0.096709055196976,0.1325463385053824,0.6065046565790335,0.3511946969662904,0.1304184053529366,0.4626688527424299,0.4394011334020231,0.3367223761046219,0.3817345495283744,0.4381403884566262,0.0945361492500451,0.2798644679695841,0.6383358079952323,0.4592388822549234,0.060889679950606,0.0,0.0,0.0,0.0,0.0,0.0,5.0,5.0,0.0,0.0,8,3,0,1,339,2,2,True,0.0026365079507742716,0.001533973048607094,0.9931362575996191,0.0012890032307606128,0.0014042581702390867,0.9931362575996191,[0.99313626],0.05023688431471214,False,0.9904997496488448,False,0.9931362575996191,False,0,False,2025-07-25 13:25:48.851583,98,0.2
2015-04-15 05:00:00,0.1348243874882416,0.5616727431711594,0.6238143612680431,0.577325537090338,0,0,0,3,0.5196181744412031,0.488340228678317,0.4149665162756054,0.3534237637021314,0.4316878022800615,0.150265168735224,0.1348243874882416,0.8477799999089778,0.3891765516966756,0.17147232410906,0.5962161671308686,0.5079449017012152,0.5396932008565387,0.643132082963394,0.5752314120393026,0.0779939681856349,0.3954498985999683,0.6853333385326557,0.6050375104416124,0.0565787477854652,0.6430358477297493,0.6331623692812003,0.7788341380394332,0.6526153950672207,0.6570872413448517,0.0787972111232571,0.4859179592715934,0.7788341380394332,0.6351343779915993,0.0913946037372303,0.3864035574971083,0.4037777665615168,0.4404106217203395,0.5438130557204571,0.4822733850460206,0.1157553833565073,0.2486572345301875,0.6492974427767965,0.528026385155775,0.1195252665657898,0.0,0.0,0.0,0.0,0.0,0.0,0.0,4.0,0.0,0.0,5,2,0,0,359,23,3,True,0.004105962310765001,0.001039361597793059,0.0013045483067417793,0.9929029349730875,0.0006471928116128653,0.9929029349730875,[0.99290293],0.05019183431333202,False,0.9887969726623225,False,0.9929029349730875,False,0,False,2025-07-25 13:25:48.851583,98,0.2
2015-06-13 22:00:00,0.4446123688165647,0.4674064447391576,0.3342248609563303,0.9144948317354854,0,0,0,2,0.3472175735433432,0.42134047576108,0.4755549535369759,0.3153617126663276,0.4701021019503137,0.0962883948694468,0.2980598130141886,0.6283321249511943,0.459735052891867,0.0704134514502088,0.3830473939276893,0.5229903134738452,0.450377424636988,0.4881557916374994,0.4933005282722191,0.1118159073471189,0.2646524812588769,0.7048261817569759,0.4690123354865803,0.1098070486501259,0.305950350347153,0.3303815781342819,0.3068305108259193,0.36460087744879,0.3891222096465406,0.0925184213287595,0.1494918488552842,0.5716502583424687,0.4184245096771984,0.0994395099028676,0.5311984584383402,0.864390986321813,0.6296036212784765,0.3943392140450333,0.5808547783487957,0.1646332227420661,0.1935608304434668,0.9144948317354854,0.65426612291287,0.155564239518131,0.0,0.0,0.0,0.0,0.0,0.0,0.0,5.0,0.0,0.0,22,5,1,0,353,16,2,True,0.0011507115664583,0.0004137023816977629,0.9925697099976569,0.0004543960094395195,0.005411480044747394,0.9925697099976569,[0.99256971],0.05015385578241277,False,0.9871582299529096,False,0.9925697099976569,False,0,False,2025-07-25 13:25:48.851583,98,0.2
2015-10-26 20:00:00,0.3494638160321669,0.3564963738703242,0.4736486806210722,0.4182339903704789,0,0,0,2,0.6334974346763468,0.4507471526745777,0.27462037163395,0.480613452568566,0.4786871505188558,0.1360316582462915,0.27462037163395,0.8450277649182109,0.4819278858881953,0.1693074022399086,0.4085846565367387,0.3285281164764991,0.4664232907139892,0.2645448731722457,0.2751215371762387,0.122272243912581,0.094282785740336,0.5107310129352349,0.2800283060301703,0.1054330160972513,0.4977547097957335,0.4636125527734349,0.3759547827245885,0.4463367188930646,0.4344698775988835,0.0639219423012285,0.310989343572104,0.5442024578860767,0.4819250014497931,0.049557784712055,0.3783086960604707,0.346945497606029,0.5246858311909537,0.3693522205860056,0.4151901089500116,0.0668736775687744,0.2619910579235517,0.5246858311909537,0.4304504308880548,0.0495336050165606,0.0,0.0,0.0,0.0,0.0,0.0,0.0,8.0,0.0,0.0,20,0,0,0,351,14,2,True,0.002272478220165734,0.001755286153991702,0.9931362247929449,0.0021247543824777474,0.0007112564504198068,0.9931362247929449,[0.99313622],0.05004145952689891,False,0.9908637465727792,False,0.9931362247929449,False,0,False,2025-07-25 13:25:48.851583,98,0.2
2015-11-25 07:00:00,0.4261361459473746,0.5665980104284525,0.5322639566425902,0.3983928256814657,0,0,0,3,0.3794658036635215,0.3615690033148072,0.6061762275146375,0.23053418450249,0.433870302437163,0.1354749703867242,0.2158070618099697,0.7460289230452687,0.4896338345520748,0.1139863920537759,0.3813798044220095,0.6532702719675936,0.6338385372533608,0.6930550501048072,0.566467298903505,0.100708034038708,0.3544693650323741,0.7290185144701624,0.5385338233988843,0.1159083945098593,0.5239477898109821,0.6601724123659694,0.6678933328206544,0.8597568595013318,0.6367371353353802,0.1017160617117337,0.4440768151760063,0.8515482122701108,0.5597184968029827,0.0806617809891998,0.3948719721581112,0.4419051914686848,0.6153530210274006,0.4300423678148191,0.4393064846979422,0.1131407077797153,0.1879053126554049,0.6597674648519692,0.4035338539065584,0.1226899332607397,4.0,0.0,0.0,0.0,0.0,0.0,4.0,4.0,0.0,0.0,7,2,0,0,337,1,3,True,0.0030036956045518806,0.0015646950751963893,0.0017167419568305947,0.9930843516018844,0.0006305157615368487,0.9930843516018844,[0.99308435],0.050022220343044266,False,0.9900806559973325,False,0.9930843516018844,False,0,False,2025-07-25 13:25:48.851583,98,0.2
2015-10-27 00:00:00,0.3841113333525613,0.0,0.4351636595606319,0.4397995300344793,0,0,0,2,0.2832215160172665,0.7261939961395664,0.8450277649182109,0.4266625824632194,0.4615373642257867,0.1472865454867465,0.27462037163395,0.8450277649182109,0.3847266458072968,0.1301483325149663,0.2691425500597543,0.2138239234394865,0.275208860089914,0.4507944229289273,0.2637661737189876,0.1253531380135073,0.0,0.5107310129352349,0.2552416080470829,0.1434981727169939,0.2597137912933442,0.4228957296135444,0.3809443378948397,0.310989343572104,0.4331278822244955,0.0686508090976203,0.2597137912933442,0.5442024578860767,0.4156464711852551,0.0867116719096555,0.5844249160852973,0.3819258321437324,0.503480762976426,0.4317548719683243,0.4245449945385623,0.0755725080811857,0.2619910579235517,0.5844249160852973,0.4387390081421788,0.0788797649101728,0.0,0.0,0.0,0.0,0.0,0.0,0.0,8.0,0.0,0.0,0,1,0,0,355,18,2,True,0.002247015329962081,0.002082761752494259,0.9932262329873163,0.001501767555455733,0.0009422223747717682,0.9932262329873163,[0.99322623],0.04964038850462442,False,0.9909792176573542,False,0.9932262329873163,False,0,False,2025-07-25 13:25:48.851583,98,0.2
2015-04-15 03:00:00,0.3594775777660161,0.6841705499189801,0.7167562469700963,0.644277468903463,0,0,0,3,0.5488477422491295,0.2429426779094264,0.5357096946884176,0.6344829110397042,0.4343341709224861,0.1373568463996925,0.2429426779094264,0.8477799999089778,0.4054624021785673,0.1336119144572156,0.6573680127891917,0.5846595145071536,0.6843455902662103,0.5851046528900241,0.574900047781704,0.0803731315046654,0.3954498985999683,0.6853333385326557,0.595057227479128,0.0679721256900331,0.7417928514669114,0.6812392614656464,0.5508929387910149,0.6294079140865214,0.6599014250772558,0.0785581777211223,0.4859179592715934,0.7788341380394332,0.6504779966191712,0.0983633373247424,0.5849037104021569,0.5363053950557408,0.333019729261197,0.3319142930783776,0.4828070998895313,0.1134811771715376,0.2486572345301875,0.6492974427767965,0.5011405673071749,0.1239245043549431,0.0,0.0,0.0,0.0,0.0,0.0,0.0,4.0,0.0,0.0,3,2,0,0,357,21,3,True,0.002748037415277287,0.001862618907613611,0.0015696196914970985,0.9931767471981711,0.0006429767874409314,0.9931767471981711,[0.99317675],0.04957313946329151,False,0.9904287097828938,False,0.9931767471981711,False,0,False,2025-07-25 13:25:48.851583,98,0.2
2015-10-26 14:00:00,0.4507471526745777,0.3285281164764991,0.4636125527734349,0.346945497606029,0,0,0,2,0.438110171397493,0.27462037163395,0.6333125876338405,0.6625591545853252,0.4576927658726367,0.119727925859956,0.27462037163395,0.8450277649182109,0.5443852004347778,0.1581550148933417,0.1565658043464931,0.4664232907139892,0.4139101108056459,0.3543851696580047,0.2803073618147866,0.1145070839454317,0.094282785740336,0.5107310129352349,0.2399654095337625,0.1189915843965196,0.3693520279218452,0.3759547827245885,0.4937824269528232,0.4594633992053174,0.4151456214390112,0.0704418850314689,0.2736678447545767,0.5473727163131106,0.3994194479631381,0.0592356839535849,0.42512741378575,0.5246858311909537,0.5017990901190474,0.4822064475721798,0.410161199926987,0.0747715765296986,0.2619910579235517,0.5533355226125455,0.4119040481399127,0.0747171108347677,0.0,0.0,0.0,0.0,0.0,0.0,0.0,8.0,0.0,0.0,14,0,0,1,345,8,2,True,0.002196598985060473,0.002637819182127423,0.9931809073717692,0.001328650844475799,0.0006560236165673117,0.9931809073717692,[0.99318091],0.04951232415615376,False,0.9905430881896418,False,0.9931809073717692,False,0,False,2025-07-25 13:25:48.851583,98,0.2
2015-08-27 09:00:00,0.3337149273238445,0.5578489553860808,0.20173981643239,0.4632487344881816,0,0,0,2,0.5189752300934002,0.2460063263371631,0.6706166730891926,0.4375363431810602,0.4867071603731253,0.1178476954057098,0.2460063263371631,0.7109312556744055,0.4947455365208413,0.0800362483080398,0.4281884005176793,0.2838103628585977,0.5141743509690175,0.3615551754848463,0.4769937314758486,0.106130181564431,0.2838103628585977,0.6786156353050283,0.485151104961034,0.0711164913120216,0.4769220777064162,0.1325463385053824,0.3061222553461092,0.4440844408657147,0.3870027429678337,0.1039694571513579,0.1325463385053824,0.6065046565790335,0.3627269432874584,0.1084218637549589,0.4090667448453746,0.3645780332681503,0.4047667384186407,0.2798644679695841,0.4457813995615677,0.0883990068956356,0.2955983741456361,0.6383358079952323,0.4756839991249286,0.0399262244477571,0.0,0.0,0.0,0.0,0.0,0.0,5.0,5.0,0.0,0.0,9,3,0,1,340,3,2,True,0.0026908744899816427,0.0016042531077890454,0.9932918269300653,0.0010429599986743272,0.0013700854734895983,0.9932918269300653,[0.99329183],0.04912689796797679,False,0.9906009524400837,False,0.9932918269300653,False,0,False,2025-07-25 13:25:48.851583,98,0.2
2015-10-26 18:00:00,0.7261939961395664,0.2138239234394865,0.4228957296135444,0.3819258321437324,0,0,0,2,0.4846132658734897,0.8450277649182109,0.5467871547122695,0.3642435221610031,0.4719103479065099,0.1323957932191352,0.27462037163395,0.8450277649182109,0.4662438981154548,0.1443753647515109,0.1806019213057841,0.275208860089914,0.1584666062418012,0.240028264623098,0.2668080990369922,0.1176861740735508,0.094282785740336,0.5107310129352349,0.2333637877661585,0.0868749228586603,0.4281299761301219,0.3809443378948397,0.4243574849262517,0.3171557489618588,0.4288206597356364,0.062497611459834,0.310989343572104,0.5442024578860767,0.4588518664962055,0.0659918112813768,0.4257709902230329,0.503480762976426,0.370855928930181,0.4557288257711109,0.415549406572991,0.0672477185441864,0.2619910579235517,0.5246858311909537,0.4263721350481931,0.0570990395920912,0.0,0.0,3.0,0.0,0.0,0.0,0.0,8.0,0.0,0.0,18,0,0,0,349,12,2,True,0.0017218823208295275,0.002969643863399122,0.9932523020470636,0.0012003102109360148,0.0008558615577716948,0.9932523020470636,[0.9932523],0.0490823986536731,False,0.9902826581836645,False,0.9932523020470636,False,0,False,2025-07-25 13:25:48.851583,98,0.2
2015-05-14 12:00:00,0.4205026760185942,0.5300522000024541,0.5185149280742682,0.5853430078593843,0,0,0,1,0.7583340467687151,0.661503318583348,0.7716229217409211,0.6319863766330308,0.6285983076069964,0.1418475024474583,0.3223353981895583,0.9514356852170256,0.6619918831160033,0.177940869036549,0.5069532042595126,0.6801835815597046,0.5107126037375047,0.7582343263980258,0.5832332300025576,0.1139318186255639,0.3606887924567073,0.8180123708933671,0.526473579638459,0.1242385546043946,0.3878733746601888,0.307857543306296,0.3969007393676234,0.3899497339743065,0.3761543463460209,0.0626181235721231,0.2809969639751126,0.5185149280742682,0.416926446783767,0.0705975495934996,0.4123526329220413,0.6057252967041707,0.2621124408756899,0.4153249709188391,0.4544555460499184,0.1073103138767669,0.2621124408756899,0.6636637110169169,0.4961266122157953,0.1173241470939669,0.0,1.0,0.0,0.0,0.0,0.0,0.0,1.0,0.0,0.0,12,3,0,1,342,6,1,True,0.0033986089597029846,0.9931859966424806,0.001774246810425436,0.0008751287322632966,0.0007660188551277642,0.9931859966424806,[0.993186],0.049006057948279724,False,0.9897873876827776,False,0.9931859966424806,False,0,False,2025-07-25 13:25:48.851583,98,0.2
2015-02-13 19:00:00,0.666338093452603,0.587954997372024,0.4483083995513186,0.5973852170412289,0,0,0,1,0.3516672022925947,0.7335084581675445,0.6363632126749265,0.6710370540177687,0.6139101433860558,0.1309182688990433,0.3516672022925947,0.8263608417128429,0.5896522796566736,0.1523767750067488,0.4322244499804413,0.5551403381987292,0.6129571279146928,0.5187019239315409,0.5854232009331374,0.1087661093722782,0.4100003262899971,0.7894487264829158,0.5251988813917592,0.0651307633262589,0.4968612882213463,0.3897824467043566,0.535203791124335,0.4234214696282413,0.4249826827055554,0.0994811425220245,0.2371362494532485,0.6222877777821407,0.4117354811415391,0.092530539372338,0.3822930698334996,0.270183069013147,0.538429346222837,0.4174294849025118,0.4633760114513927,0.1286873379425183,0.270183069013147,0.713764709225473,0.4707496504994218,0.1249720943273139,0.0,0.0,0.0,0.0,0.0,0.0,0.0,1.0,0.0,0.0,19,4,0,0,349,13,1,True,0.004109511288422899,0.9931687475879105,0.0010391283453695538,0.000914525692869163,0.0007680870854278334,0.9931687475879105,[0.99316875],0.04843298627942528,False,0.9890592362994877,False,0.9931687475879105,False,0,False,2025-07-25 13:25:48.851583,98,0.2
2015-02-28 18:00:00,0.3529828380944438,0.6868968493704144,0.4504398151279118,0.7792636520899122,0,0,0,4,0.4203306949874298,0.3789400172918015,0.4168316582940109,0.6887179356392509,0.4377612503960283,0.1411316365575096,0.1273786850967674,0.7502632635054881,0.4396829118265802,0.0594769103346851,0.66458594238274,0.3245345186525195,0.5149475598855522,0.4871849604598579,0.5926141394092989,0.1184985790009496,0.3245345186525195,0.8000236592232863,0.589684050800908,0.1120527871358039,0.318495352690739,0.5250511556199133,0.3230758251190859,0.5936064039403226,0.4102774787331198,0.0944736204000637,0.2122876994227726,0.5661882847433379,0.3824704536946168,0.0894478595579251,0.6461372547006502,0.6948569222964404,0.726913615334818,0.4924196034650874,0.6887256327657219,0.1014903878917859,0.4926607522806122,0.8849552173773639,0.7020390981560852,0.1276723489979492,0.0,0.0,5.0,0.0,0.0,0.0,4.0,9.0,0.0,0.0,18,5,1,0,348,2,4,True,0.0017571800062152062,0.0008275505113130823,0.003216999183765909,0.000877337836784653,0.9933209324619211,0.9933209324619211,[0.99332093],0.048316090629611355,False,0.9901039332781552,False,0.9933209324619211,False,0,False,2025-07-25 13:25:48.851583,98,0.2
2015-02-13 18:00:00,0.3516672022925947,0.4322244499804413,0.4968612882213463,0.3822930698334996,0,0,0,1,0.5522125015395912,0.8263608417128429,0.6445655013135488,0.8086616138805621,0.6141059334096043,0.1310035704766584,0.3516672022925947,0.8263608417128429,0.6008473404424971,0.1613414500675537,0.5137996168418513,0.6833549306565612,0.7318024292562606,0.5201091911569256,0.5825376562064505,0.109611372104048,0.4100003262899971,0.7894487264829158,0.5197297715295434,0.0599812894559476,0.4385214778649761,0.3382601188926718,0.4457219362581401,0.3611782688688689,0.4239457272920939,0.0993570612324898,0.2371362494532485,0.6222877777821407,0.4019811556670453,0.0909757987048166,0.4095915783991727,0.6868577191915471,0.5017952604921138,0.50272198390708,0.4558778559456127,0.1257487473928778,0.270183069013147,0.713764709225473,0.4162159591614081,0.1299515046106072,0.0,0.0,1.0,0.0,0.0,0.0,0.0,1.0,0.0,0.0,18,4,0,0,348,12,1,True,0.003382665386400106,0.9933575052529181,0.0012144948908342846,0.0009683051037493829,0.0010770293660979165,0.9933575052529181,[0.99335751],0.04809803336059544,False,0.989974839866518,False,0.9933575052529181,False,0,False,2025-07-25 13:25:48.851583,98,0.2
2015-08-12 12:00:00,0.815077782819965,0.4366154446390242,0.4179994738336217,0.4854978522129655,0,0,0,1,0.7322142233422241,0.6609355634202324,0.4425481432476775,0.744829937613703,0.5988172926981493,0.1397617927285576,0.3838396066583226,0.8339619821248402,0.6863017263632655,0.1536444872825152,0.5297819909949548,0.5797413799860089,0.4309083657543593,0.5246395698711781,0.5659204063821465,0.1017807597868008,0.4049898298629655,0.7920737466512469,0.5476443913601193,0.1140335220801677,0.2798986557600251,0.4076562343477714,0.5311241486713809,0.5733560017747434,0.4077760556925107,0.0755496933550378,0.2364091194136379,0.5626101751887358,0.3930595986491199,0.0909578449545302,0.285777972492604,0.5253913575065146,0.4410627699080662,0.2497692140171519,0.4527101507301942,0.0958857154328518,0.2795339190029285,0.5923617406120857,0.4635552563878769,0.1184361126906546,0.0,1.0,0.0,0.0,0.0,0.0,0.0,1.0,0.0,0.0,12,2,0,1,342,6,1,True,0.0037443662400253545,0.9933489473071991,0.0016125631062577845,0.0007816515619392564,0.0005124717845784334,0.9933489473071991,[0.99334895],0.04739384708020201,False,0.9896045810671737,False,0.9933489473071991,False,0,False,2025-07-25 13:25:48.851583,98,0.2
2015-06-29 05:00:00,0.503210032999657,0.4849768725700812,0.3599145840855258,0.6026893584563681,0,0,0,4,0.4338451318772708,0.6526608906305632,0.6432281826941711,0.6935264744570072,0.6029820632509592,0.1107314054525812,0.4338451318772708,0.8253546660864753,0.6144952101940818,0.1458378059537881,0.6159332861984947,0.8206672154184562,0.5381025275544986,0.4029668177981086,0.6118407954912218,0.1201385318833665,0.4029668177981086,0.8206672154184562,0.5320818224620469,0.0719920169066638,0.4668889507029068,0.3092659150145274,0.1598481752584524,0.1859434385227004,0.3892773013677519,0.0951754492778401,0.1598481752584524,0.5338385648721473,0.4212207231000508,0.0716247701703028,0.5768849309975485,0.6965909405338894,0.6217648884429673,0.847001267659753,0.7122815459873877,0.1058290738127658,0.551764070182334,0.8702463986238375,0.6621470965026001,0.1238780039549565,0.0,0.0,0.0,0.0,0.0,0.0,0.0,5.0,0.0,0.0,5,0,0,0,360,23,4,True,0.0011960979320163913,0.003816736498010201,0.0010889641257270867,0.0005009003709778464,0.9933973010732685,0.9933973010732685,[0.9933973],0.047117868986897106,False,0.9895805645752583,False,0.9933973010732685,False,0,False,2025-07-25 13:25:48.851583,98,0.2
2015-03-01 02:00:00,0.5585057522989519,0.7237343604119653,0.3804124828082789,0.6247200259751834,0,0,0,4,0.4908556305715735,0.2223051847954066,0.4132722453834697,0.5783095241915418,0.4522804769976185,0.1249494275550411,0.2223051847954066,0.7502632635054881,0.4581133284121486,0.1145144628686532,0.4729556578982268,0.6947626133837237,0.4576837347765857,0.5926349671132161,0.5939923657984257,0.1183613619756701,0.3245345186525195,0.7870777300850731,0.6195052717802486,0.1010574666755767,0.4755573111340798,0.4397874526146899,0.4608867206772797,0.523217819834539,0.407888379618466,0.0912527488199898,0.2122876994227726,0.5597426354151684,0.4165481253837196,0.0804425643751896,0.6937298580401795,0.4558275351008974,0.6366700320206812,0.7264406141332048,0.6513788056282314,0.1264032849527324,0.3498720436400689,0.8849552173773639,0.5573114461598799,0.138811765447078,0.0,0.0,0.0,0.0,0.0,0.0,0.0,9.0,0.0,0.0,2,6,1,0,356,10,4,True,0.0019743333096349687,0.0009199615314847129,0.002840318509667958,0.0006801812011885005,0.993585205448024,0.993585205448024,[0.99358521],0.04673683475797327,False,0.990744886938356,False,0.993585205448024,False,0,False,2025-07-25 13:25:48.851583,98,0.2
2015-02-13 10:00:00,0.6427785949336485,0.7894487264829158,0.4576212805582555,0.3011847508007721,0,0,0,1,0.7504510015107201,0.5259379989216607,0.7766991756505074,0.5856540617017373,0.6106713490462733,0.1168625077349394,0.383656059729116,0.8086616138805621,0.6032833782478318,0.1113573292749242,0.6444136254973984,0.5978444546781301,0.468960866863445,0.6684686442888952,0.6001746712647582,0.122818319653216,0.4100003262899971,0.8645451475409527,0.717319468199903,0.0733788041127388,0.6222877777821407,0.445372362589476,0.351797197900355,0.3878721152084615,0.4309548795100137,0.0913513211530114,0.2371362494532485,0.6222877777821407,0.5185777607982788,0.0711397054202485,0.3288918604296412,0.4450633426763817,0.4006327282157303,0.2907733296042938,0.4465848697184474,0.0955548023285934,0.3011847508007721,0.713764709225473,0.4565953556224798,0.1328775211383009,0.0,0.0,0.0,0.0,0.0,0.0,1.0,1.0,0.0,0.0,10,4,0,1,340,4,1,True,0.003560880259816641,0.9934755923609461,0.0006046093816598176,0.0017795740747827214,0.0005793439227946384,0.9934755923609461,[0.99347559],0.04664450512225649,False,0.9899147121011295,False,0.9934755923609461,False,0,False,2025-07-25 13:25:48.851583,98,0.2
2015-04-14 23:00:00,0.488340228678317,0.5079449017012152,0.6331623692812003,0.4037777665615168,0,0,0,3,0.2638174361424777,0.4149665162756054,0.4509271275125358,0.501823292013902,0.4613101957727873,0.1402396135197585,0.2429426779094264,0.8477799999089778,0.474771178193001,0.2242801225821406,0.5900623108259071,0.5396932008565387,0.5079778293360369,0.7240948997965977,0.5724671337609295,0.083894421011011,0.3954498985999683,0.7482728176441591,0.5919386863933251,0.0533429818254237,0.7257495514820231,0.7788341380394332,0.7536410129643702,0.5486125873495282,0.6637516649912181,0.0706209461494514,0.527515566984289,0.7788341380394332,0.6480693683132367,0.0732822423292062,0.3986364209343291,0.4404106217203395,0.6492974427767965,0.4683900443542944,0.4568571719498336,0.1046671187602325,0.2486572345301875,0.6492974427767965,0.4443673889174772,0.1243371371457389,0.0,0.0,0.0,0.0,0.0,0.0,0.0,4.0,0.0,0.0,23,1,0,0,353,17,3,True,0.0024930006468535087,0.0019189714155681062,0.0015358120268105593,0.9936213005916595,0.0004309153191084613,0.9936213005916595,[0.9936213],0.04659652618857208,False,0.991128299944806,False,0.9936213005916595,False,0,False,2025-07-25 13:25:48.851583,98,0.2
2015-06-28 10:00:00,0.553327769629807,0.5465545362488307,0.4029920942005638,0.7662720340718102,0,0,0,4,0.6061749645588627,0.6598894020187985,0.6264876111372376,0.6196286590615302,0.5793999250819543,0.105818929621353,0.3849985854645371,0.8503737654785656,0.5990323520839597,0.0832269762373503,0.5029061996590902,0.6934363460105104,0.6489899229552964,0.8844736987328348,0.5977997701847627,0.1363626957309127,0.3176753681138914,0.8101553755301993,0.5791763402061313,0.187288564412257,0.5338385648721473,0.3677506083487503,0.3731382847113955,0.4089483872994747,0.3814287312687626,0.0983643358977287,0.1859434385227004,0.5613228615993651,0.3471842507157213,0.1373075240385302,0.7325402934045157,0.6150408474842103,0.6478314933263768,0.8013560959314424,0.7142939174481251,0.1133283789657964,0.5049450708922094,0.9203724793706066,0.7635424686483315,0.104104401990157,0.0,0.0,0.0,0.0,0.0,0.0,6.0,6.0,0.0,0.0,10,6,1,1,341,4,4,True,0.000949933090475192,0.003547581124711533,0.0016075350991499814,0.00039119374815593463,0.9935037569375074,0.9935037569375074,[0.99350376],0.0465102198508274,False,0.9899561758127958,False,0.9935037569375074,False,0,False,2025-07-25 13:25:48.851583,98,0.2
2015-02-28 15:00:00,0.5281206158929056,0.4374263671044626,0.3441820430275929,0.7444940473835017,0,0,0,4,0.4132722453834697,0.4905510180718347,0.3400796568548204,0.4275796541380671,0.4459758797740458,0.1511802569171396,0.1273786850967674,0.7502632635054881,0.4655491872300372,0.1072782194057793,0.4576837347765857,0.6707963305189137,0.5148011429806527,0.7387150467681698,0.579229322431248,0.1173127115717263,0.3245345186525195,0.8000236592232863,0.5275022431842151,0.1685250839695301,0.4608867206772797,0.2122876994227726,0.4069599170253068,0.487624754808214,0.4274545272043479,0.0931556909658856,0.2122876994227726,0.5936064039403226,0.4611991477849327,0.0775846103931208,0.6366700320206812,0.6505399219007327,0.7052678658750259,0.6569303517252075,0.667096310456368,0.0990516066775152,0.4924196034650874,0.8628752286785283,0.6586258961967286,0.1024046434598205,0.0,0.0,0.0,0.0,0.0,0.0,0.0,5.0,0.0,0.0,15,5,1,1,345,9,4,True,0.0017100112317264835,0.0007187259766231465,0.0028747857172822014,0.0010563704492289301,0.9936401066251392,0.9936401066251392,[0.99364011],0.046498528063608845,False,0.9907653209078571,False,0.9936401066251392,False,0,False,2025-07-25 13:25:48.851583,98,0.2
2015-08-12 22:00:00,0.8181079486313488,0.4437338013997706,0.5256822143437336,0.4262396916802724,0,0,0,1,0.835491028441674,0.8974330280880826,0.673926544591099,0.5040306798184339,0.6627317788903235,0.1463551517122902,0.3955440089103544,0.8974330280880826,0.7167168115029624,0.1310982523928142,0.6363188928481742,0.6128499673323105,0.580190196836248,0.6232979707156354,0.5711002116344887,0.093724061649564,0.4049898298629655,0.760437560536664,0.5916680845107812,0.1120519117549885,0.495053769865722,0.32559761155872,0.5271551916950428,0.3799204339445872,0.4195842694109672,0.0750585087390182,0.2798986557600251,0.5468681934567383,0.4761189712150545,0.0669302476358387,0.4361194658084084,0.6133426327132879,0.5909890281055507,0.5315463844369707,0.4511425928178182,0.0889653318799424,0.2795339190029285,0.6133426327132879,0.3992523773910492,0.0314051284854787,0.0,0.0,0.0,0.0,0.0,0.0,0.0,1.0,0.0,0.0,22,2,0,0,352,16,1,True,0.0030141913853065226,0.9936537563674315,0.0011338449795541391,0.0014167803251253822,0.0007814269425826251,0.9936537563674315,[0.99365376],0.04639541940948077,False,0.9906395649821249,False,0.9936537563674315,False,0,False,2025-07-25 13:25:48.851583,98,0.2
2015-10-26 15:00:00,0.2866956030322108,0.1650373368389303,0.5391129876702494,0.4817176450432149,0,0,0,2,0.4507471526745777,0.4997321189233624,0.4417319115051351,0.4715195961263255,0.449991766160382,0.1246430332997428,0.27462037163395,0.8450277649182109,0.5088791144529191,0.1907411763359399,0.3285281164764991,0.4109019771416887,0.3099984822870973,0.3691189998260148,0.2718039591903248,0.115200646389685,0.094282785740336,0.5107310129352349,0.1989879694833028,0.0861568199965848,0.4636125527734349,0.384033326437771,0.4812320340557812,0.4537493891334018,0.4187024380447131,0.074513318092167,0.2736678447545767,0.5473727163131106,0.4252660581685512,0.0810106166041097,0.346945497606029,0.4802177864567649,0.3350866638505184,0.5533355226125455,0.4071771216949316,0.070091822979222,0.2619910579235517,0.5246858311909537,0.4121540245709876,0.0749933727711078,0.0,0.0,3.0,0.0,0.0,0.0,0.0,8.0,0.0,0.0,15,0,0,1,346,9,2,True,0.0024783299536902874,0.0016923015771216528,0.9936897559509211,0.0015722209539560676,0.0005673915643107945,0.9936897559509211,[0.99368976],0.04635044754360276,False,0.9912114259972309,False,0.9936897559509211,False,0,False,2025-07-25 13:25:48.851583,98,0.2
2015-02-28 23:00:00,0.4905314218594264,0.5165870833153388,0.3345630540125548,0.6929713245417927,0,0,0,4,0.5320435795041846,0.4203306949874298,0.3724788132879578,0.3038608075237211,0.4463537488981798,0.1302593760438912,0.2223051847954066,0.7502632635054881,0.3611499249574684,0.1272311467505698,0.6827750268051811,0.66458594238274,0.4922380220289189,0.7049828300769738,0.5960634148520157,0.1196535178721734,0.3245345186525195,0.8000236592232863,0.6318601262588021,0.0733053544752169,0.5502544054850744,0.318495352690739,0.4103784474812165,0.5661882847433379,0.4099736652109916,0.0932972037948866,0.2122876994227726,0.5597426354151684,0.4314424899039621,0.0747181638502582,0.4523219823388423,0.6461372547006502,0.5690372676123815,0.7273932038528367,0.6701021340978803,0.1311415059953183,0.3498720436400689,0.8849552173773639,0.5931511441214535,0.1989658997516314,0.0,0.0,0.0,0.0,0.0,0.0,0.0,9.0,0.0,0.0,23,5,1,0,353,7,4,True,0.0021596220469158748,0.0009477962056057299,0.0023148823737801044,0.0008764133805970205,0.9937012859931014,0.9937012859931014,[0.99370129],0.046349458922007834,False,0.9913864036193213,False,0.9937012859931014,False,0,False,2025-07-25 13:25:48.851583,98,0.2
2015-11-25 17:00:00,0.4186505280351281,0.6224021473170529,0.8329483691296249,0.4544315235393339,0,0,0,3,0.367969460624226,0.4602632331998711,0.6000156446065633,0.3481991659350437,0.4441025865080238,0.1055750541348993,0.2766557714348562,0.6447160429524356,0.4396162703839162,0.1036360849781253,0.633647534411707,0.7602310432724293,0.5153532528303362,0.3544693650323741,0.5776986946246297,0.0867718975874865,0.3813798044220095,0.7602310432724293,0.5725815989716742,0.0667617230362468,0.681709017724752,0.5780697292948214,0.4440768151760063,0.7035634537651643,0.6358904608271355,0.1018629332658657,0.4440768151760063,0.8515482122701108,0.645439089585642,0.1191087358282619,0.5880833939929474,0.4284870460048395,0.5032518072906411,0.4008481946966571,0.4575300679538263,0.0984783180962503,0.1879053126554049,0.6153530210274006,0.5208007593308589,0.0529898777356087,0.0,0.0,0.0,0.0,0.0,0.0,0.0,4.0,0.0,0.0,17,2,0,1,347,11,3,True,0.0033309256682702575,0.0010620612974558577,0.0015958526944995172,0.9935745447060456,0.0004366156337286823,0.9935745447060456,[0.99357454],0.04633426397966004,False,0.9902436190377752,False,0.9935745447060456,False,0,False,2025-07-25 13:25:48.851583,98,0.2
2015-06-28 20:00:00,0.6615360099154924,0.5881756759528034,0.4304157618636649,0.6868213602716663,0,0,0,4,0.6008552807534243,0.7435028042582962,0.564570973567902,0.7649980798240027,0.603511645600792,0.1125114519034553,0.4250907218552232,0.8503737654785656,0.6537582917790893,0.1045055811748101,0.6751707359516708,0.7295463223479977,0.8101553755301993,0.3176753681138914,0.6052658240844468,0.1136228594783947,0.4029668177981086,0.8101553755301993,0.5719315459071316,0.0606521512168303,0.3154698583860532,0.267730138868155,0.3635965706923882,0.5573956177281605,0.3689644676552173,0.0994147881641127,0.1598481752584524,0.5613228615993651,0.3647281170495846,0.1109281852263331,0.795245642951823,0.659894355410026,0.8160355903968001,0.7550817352562601,0.7184885916114067,0.1091963909016623,0.5049450708922094,0.9203724793706066,0.6854166170189632,0.0903329369618894,0.0,0.0,0.0,0.0,0.0,0.0,0.0,6.0,0.0,0.0,20,6,1,0,351,14,4,True,0.0010247067818476778,0.004000622234252864,0.0009686840903273503,0.00047994713522004126,0.9935260397583521,0.9935260397583521,[0.99352604],0.04598495911913294,False,0.9895254175240992,False,0.9935260397583521,False,0,False,2025-07-25 13:25:48.851583,98,0.2
2015-06-28 18:00:00,0.4888983795461191,0.4985251070662819,0.429135045475311,0.6216602356652455,0,0,0,4,0.6432281826941711,0.4769341774413703,0.6935264744570072,0.4896996031392652,0.6064472336478439,0.117013957084886,0.4250907218552232,0.8503737654785656,0.6589193595454642,0.1186912255237364,0.5381025275544986,0.6322002401956341,0.4029668177981086,0.4826788660435978,0.5936018491232881,0.1276637033858999,0.3176753681138914,0.8101553755301993,0.5911624038296998,0.0849268041194281,0.1598481752584524,0.3352183838671337,0.1859434385227004,0.3448435989155674,0.380324227796059,0.1066446009730216,0.1598481752584524,0.5613228615993651,0.3528433344287862,0.1141220139404486,0.6217648884429673,0.6280784801379197,0.847001267659753,0.607356741706622,0.7203597695687228,0.108640061431466,0.5049450708922094,0.9203724793706066,0.6925490327316505,0.1107432688945174,0.0,0.0,5.0,0.0,0.0,0.0,0.0,6.0,0.0,0.0,18,6,1,0,349,12,4,True,0.0010780687887144574,0.002966127022633577,0.0018122612340412227,0.0004384659869669538,0.9937050769676438,0.9937050769676438,[0.99370508],0.045736850718036,False,0.9907389499450102,False,0.9937050769676438,False,0,False,2025-07-25 13:25:48.851583,98,0.2
2015-05-15 00:00:00,0.4746393532698146,0.4584501985510607,0.3785861862672973,0.5095739520715973,0,0,0,1,0.6953036380616623,0.6467637307630395,0.4205026760185942,0.7716229217409211,0.6136139728764178,0.1333736004801667,0.3223353981895583,0.945268259654117,0.6193248573021203,0.1355300278600838,0.4023953166756678,0.6426477640127009,0.5300522000024541,0.5107126037375047,0.5826668364148172,0.1264393821721839,0.3606887924567073,0.8963842981676489,0.5449789775185907,0.137436454818064,0.2972711635532677,0.3864940093714148,0.5185149280742682,0.3969007393676234,0.3984677467980874,0.0803872410446115,0.2634477445556717,0.5932940080061984,0.4322087807128571,0.1230222939963992,0.4127829483602273,0.3578823025444586,0.5853430078593843,0.2621124408756899,0.4434794394642329,0.1107180860541346,0.2941306012548419,0.6636637110169169,0.4500106957318257,0.1350816127127254,0.0,0.0,0.0,0.0,0.0,0.0,0.0,1.0,0.0,0.0,0,4,0,0,354,18,1,True,0.0036284280105667852,0.9936751959081074,0.0012474583745757343,0.0009094804706752376,0.0005394372360747931,0.9936751959081074,[0.9936752],0.04546206843470596,False,0.9900467678975406,False,0.9936751959081074,False,0,False,2025-07-25 13:25:48.851583,98,0.2
2015-02-13 16:00:00,0.5592547001781868,0.6116478060709165,0.2765312220546501,0.6158445455435154,0,0,0,1,0.8160200788755269,0.6427785949336485,0.5259379989216607,0.5638890796423114,0.6343841294234219,0.1235419619203794,0.4016892816025931,0.8263608417128429,0.6668647857875115,0.1460079767269072,0.499683037762331,0.7894487264829158,0.5978444546781301,0.6720114744086367,0.6008139175345999,0.1187666794683538,0.4100003262899971,0.8645451475409527,0.5741014243657184,0.0694497657604437,0.4921000067603596,0.4576212805582555,0.445372362589476,0.3913796890818102,0.4220938677769548,0.1014196916902412,0.2371362494532485,0.6222877777821407,0.3940450154799815,0.1062935032145645,0.5145249819777524,0.3011847508007721,0.4450633426763817,0.4330726728617159,0.4589202421377176,0.1262997776108884,0.270183069013147,0.713764709225473,0.5040993246078987,0.1771171387717318,0.0,0.0,0.0,0.0,0.0,0.0,0.0,1.0,0.0,0.0,16,4,0,1,346,10,1,True,0.0041716531214346046,0.9935762221141612,0.0007928331397553854,0.0006720657933813409,0.0007872258312675136,0.9935762221141612,[0.99357622],0.04545802693240331,False,0.9894045689927266,False,0.9935762221141612,False,0,False,2025-07-25 13:25:48.851583,98,0.2
2015-10-26 22:00:00,0.2787570965593203,0.2919870992350423,0.4511205914087705,0.3631324671264105,0,0,0,2,0.3793086782061191,0.4111031995753914,0.5906788443647365,0.4947157878522156,0.4667363526781274,0.1430956311733149,0.27462037163395,0.8450277649182109,0.4753057145811682,0.1742062882392954,0.2052389685806375,0.3556256241897579,0.1743049134076444,0.188599104248359,0.2766323787429335,0.1218482760260118,0.094282785740336,0.5107310129352349,0.2761221571613356,0.0919648157128559,0.3764773944319782,0.5300079248680374,0.4765576213315712,0.3724534438995309,0.4345485531799912,0.0637316368521234,0.310989343572104,0.5442024578860767,0.4416711803335367,0.0425284038083681,0.4485344491759362,0.4967454314873993,0.4058728498852909,0.3753456608307739,0.4161347036083036,0.0675884352126296,0.2619910579235517,0.5246858311909537,0.4026510708500103,0.0330649337797199,0.0,0.0,0.0,0.0,0.0,0.0,0.0,8.0,0.0,0.0,22,0,0,0,353,16,2,True,0.0021655910417128716,0.0018899793231166278,0.9938556127381833,0.0015035886983980032,0.0005852281985891406,0.9938556127381833,[0.99385561],0.04539325294137612,False,0.9916900216964705,False,0.9938556127381833,False,0,False,2025-07-25 13:25:48.851583,98,0.2
2015-04-15 04:00:00,0.5196181744412031,0.5962161671308686,0.6430358477297493,0.3864035574971083,0,0,0,3,0.3594775777660161,0.2638174361424777,0.3963463013926681,0.3645316456455026,0.4407961096223069,0.1375780543506393,0.2429426779094264,0.8477799999089778,0.4480958585616882,0.1194347459854931,0.6841705499189801,0.5900623108259071,0.4699453126962152,0.5068040851562663,0.5786255511973124,0.0791422873724099,0.3954498985999683,0.6853333385326557,0.5960828701966215,0.0679280967567153,0.7167562469700963,0.7257495514820231,0.6468860754039572,0.6817752235082708,0.6582872844198174,0.0784871524900275,0.4859179592715934,0.7788341380394332,0.6366923793271255,0.0912425885123718,0.644277468903463,0.3986364209343291,0.5723920194255393,0.4327251951112433,0.4808770316556089,0.1147567419710731,0.2486572345301875,0.6492974427767965,0.4991017567343048,0.1260309127185143,0.0,0.0,0.0,0.0,0.0,0.0,0.0,4.0,0.0,0.0,4,2,0,0,358,22,3,True,0.00241248955720049,0.0015972154991041937,0.0016418714628306922,0.9938456455956569,0.0005027778852077434,0.9938456455956569,[0.99384565],0.04530726814371644,False,0.9914331560384564,False,0.9938456455956569,False,0,False,2025-07-25 13:25:48.851583,98,0.2
2015-11-25 12:00:00,0.3691793192970002,0.5187141080809463,0.5779681931368053,0.5421954368652394,0,0,0,3,0.4602632331998711,0.3794658036635215,0.3816648483579702,0.2158070618099697,0.4418620213959354,0.1208981083706737,0.2766557714348562,0.7460289230452687,0.4127027018418989,0.0833039885616173,0.7602310432724293,0.3813798044220095,0.6485300887521499,0.6942097960722424,0.5547497827759506,0.0973505711371888,0.3544693650323741,0.7602310432724293,0.5720503204257854,0.0946301375514847,0.5780697292948214,0.5239477898109821,0.6144563750929215,0.7245732481210179,0.6333732616056736,0.0967699331518121,0.4440768151760063,0.8515482122701108,0.5973984879947367,0.0595096945020116,0.4284870460048395,0.3948719721581112,0.5383569645630818,0.6597674648519692,0.4353517172399279,0.1024294272078036,0.1879053126554049,0.6153530210274006,0.4570970895370245,0.1000116275958561,0.0,4.0,0.0,0.0,0.0,0.0,0.0,4.0,0.0,0.0,12,2,0,1,342,6,3,True,0.0025870631089699252,0.0011253820549269105,0.0017247168891920469,0.993861379995263,0.000701457951647976,0.993861379995263,[0.99386138],0.04524048124833499,False,0.9912743168862931,False,0.993861379995263,False,0,False,2025-07-25 13:25:48.851583,98,0.2
2015-05-15 01:00:00,0.5401122475637946,0.8909799220597026,0.2767780091054377,0.5264058916100056,0,0,0,1,0.4746393532698146,0.6022441845574679,0.5663174652352411,0.5848096501938919,0.6117515811001638,0.1341033781242384,0.3223353981895583,0.945268259654117,0.6089695344698415,0.1394140840468836,0.4584501985510607,0.7526670943968528,0.5330170880056977,0.6906082196909922,0.5910156573468467,0.1397873926745615,0.3606887924567073,0.8963842981676489,0.568031115462399,0.1832145130239466,0.3785861862672973,0.5932940080061984,0.3741001318400686,0.3916424426655395,0.3936817287330831,0.0841428806187123,0.2634477445556717,0.5932940080061984,0.379456114229397,0.106944504753,0.5095739520715973,0.2941306012548419,0.4300456173413578,0.3493856548325629,0.4508552826632931,0.1100716877031649,0.2941306012548419,0.6636637110169169,0.488723244124353,0.1129432283461062,0.0,0.0,0.0,0.0,0.0,0.0,0.0,1.0,0.0,0.0,1,4,0,0,355,19,1,True,0.004494052189205953,0.9935066813313527,0.0009523339684007236,0.0007346231911557045,0.00031230931988495195,0.9935066813313527,[0.99350668],0.04520950965391844,False,0.9890126291421467,False,0.9935066813313527,False,0,False,2025-07-25 13:25:48.851583,98,0.2
2015-08-13 01:00:00,0.6364725821337293,0.6136002200308861,0.2169669082565626,0.3655768520990673,0,0,0,1,0.6126960229158721,0.5026430469606608,0.6236201748393037,0.4596630033852732,0.6690117281141491,0.1279420038824539,0.3955440089103544,0.8974330280880826,0.6922287788154512,0.1049482179706366,0.5844313266264951,0.6466001171328861,0.6307248967625312,0.6260060962006844,0.5703074199852008,0.0921023550726568,0.4049898298629655,0.760437560536664,0.5414921699918968,0.0832750326250784,0.4143173565089622,0.3678799216188362,0.479873673372484,0.3712362869533314,0.4062335917291161,0.0822020475720241,0.2169669082565626,0.5468681934567383,0.4172358527701936,0.1163742880773612,0.2633660050385762,0.3523455806080932,0.4150114614582033,0.2795339190029285,0.4465292055294485,0.0921136321386137,0.2633660050385762,0.6133426327132879,0.3825532056535143,0.0650949740649868,0.0,0.0,0.0,0.0,0.0,0.0,0.0,1.0,0.0,0.0,1,3,0,0,355,19,1,True,0.004131278167283508,0.9936129180955465,0.0011434286960101535,0.0005901131626260834,0.0005222618785336397,0.9936129180955465,[0.99361292],0.04512371092713793,False,0.989481639928263,False,0.9936129180955465,False,0,False,2025-07-25 13:25:48.851583,98,0.2
2015-08-28 00:00:00,0.3626085632269985,0.2878425730661277,0.438406711800825,0.5087002495118069,0,0,0,2,0.2406986436763373,0.4295595201822612,0.3072734096413733,0.5324469851542785,0.4292419276813171,0.1339393038308979,0.23424419130066,0.7109312556744055,0.3833805718848947,0.1357544485754541,0.5328601044925303,0.5291777649488592,0.364776906555376,0.5551201142777447,0.4085866962278361,0.0947090181152011,0.2821896149802074,0.5578489553860808,0.4440971041525821,0.0969366650741242,0.3675923179562155,0.3236023478755643,0.438387972672899,0.2798251293771533,0.3715332060586225,0.1004365044394793,0.1325463385053824,0.5226256976617172,0.3842369060592955,0.089914763629471,0.4617584419075538,0.539889932683075,0.284793204016659,0.4332145984202746,0.463791448456881,0.0930437021348371,0.284793204016659,0.7360034216270802,0.4546046790408249,0.0545199267654487,0.0,0.0,0.0,0.0,0.0,0.0,0.0,5.0,0.0,0.0,0,4,0,0,355,18,2,True,0.003009510029657696,0.0006498020760667243,0.993816726651585,0.0007871531140179658,0.001736808128672605,0.993816726651585,[0.99381673],0.045070555837067525,False,0.9908072166219274,False,0.993816726651585,False,0,False,2025-07-25 13:25:48.851583,98,0.2
2015-07-28 13:00:00,0.4370604520662974,0.6366310747147756,0.627191080557675,0.3551349324064787,0,0,0,3,0.406547726452512,0.4759924063951112,0.5127880346711694,0.3912190942364365,0.4591910679695883,0.1247366515562156,0.2494074973047614,0.7861824292675327,0.4978432027362864,0.1476886524308828,0.5139703363054686,0.4167345043423073,0.7369353768199469,0.405018045171541,0.6260858045746632,0.116342505484116,0.4167345043423073,0.9460090382907512,0.6219559291844085,0.0722711768369463,0.596132163658323,0.6654241883472216,0.6723913275769036,0.6052456986763535,0.6354008810618751,0.0939313575976738,0.51185780813231,0.8300002078034654,0.6545054717746478,0.1065235814177213,0.5546291784569571,0.4686191072508529,0.4649624278361225,0.4460352043459109,0.4710358209883779,0.1236351740909631,0.2061622545892621,0.747523667995628,0.4791611605368938,0.1116167505105335,0.0,0.0,0.0,0.0,0.0,0.0,0.0,4.0,0.0,0.0,13,1,0,1,343,7,3,True,0.0027311053707133547,0.0020681621322183696,0.000621137881980901,0.9938370378983316,0.0007425567167558291,0.9938370378983316,[0.99383704],0.0449861685679598,False,0.9911059325276182,False,0.9938370378983316,False,0,False,2025-07-25 13:25:48.851583,98,0.2
2015-10-26 17:00:00,0.4846132658734897,0.1806019213057841,0.4281299761301219,0.4257709902230329,0,0,0,2,0.4111031995753914,0.4420151503302864,0.5467871547122695,0.3584200954341304,0.4568290781574031,0.1224091780983414,0.27462037163395,0.8450277649182109,0.4860495262452289,0.1885581165525752,0.3556256241897579,0.094282785740336,0.1584666062418012,0.3095687055793928,0.2678999465863094,0.1172941385516877,0.094282785740336,0.5107310129352349,0.2435946105412297,0.0877239379877999,0.5300079248680374,0.3220168214193666,0.4243574849262517,0.2736678447545767,0.4244148272084828,0.0665304630889944,0.310989343572104,0.5442024578860767,0.4518599678764214,0.0724679448258003,0.4967454314873993,0.3097799781292153,0.370855928930181,0.3300759755865967,0.4186245313074652,0.0673307112221566,0.2619910579235517,0.5246858311909537,0.4466312901869753,0.0596810993014912,0.0,0.0,2.0,0.0,0.0,0.0,0.0,8.0,0.0,0.0,17,0,0,1,348,11,2,True,0.0019954334618340133,0.0018369684954140204,0.9939298829881048,0.0017282357772395128,0.0005094792774075557,0.9939298829881048,[0.99392988],0.04488493574574565,False,0.9919344495262707,False,0.9939298829881048,False,0,False,2025-07-25 13:25:48.851583,98,0.2
2015-07-29 01:00:00,0.3593916477756295,0.3592960149354462,0.5494093379999032,0.5606107406268955,0,0,0,3,0.5697040645519978,0.3515822181711606,0.4370604520662974,0.5127880346711694,0.4614430468186131,0.1037215588523406,0.330167056549573,0.7861824292675327,0.4422216716534457,0.0938416535325931,0.7033193713067689,0.8266689202728388,0.6366310747147756,0.7369353768199469,0.6012305889524193,0.1427756378359597,0.2913505497140738,0.8600537703019018,0.4889313982128344,0.1480781867868635,0.8538628183314754,0.6909052002041678,0.627191080557675,0.6723913275769036,0.6511408523456196,0.0986553248059692,0.4894954148147978,0.8538628183314754,0.6358697745954752,0.1374108346340658,0.4112739365952222,0.77160970449412,0.3551349324064787,0.4649624278361225,0.5002754548898446,0.1521100371254137,0.219350942942693,0.77160970449412,0.5182785701730647,0.1235841860907353,0.0,0.0,0.0,0.0,0.0,0.0,0.0,4.0,0.0,0.0,1,2,0,0,355,19,3,True,0.0018634785858649794,0.0010590234551335147,0.0018599611403300902,0.9940043903388263,0.0012131464798451118,0.9940043903388263,[0.99400439],0.04478454859609373,False,0.9921409117529613,False,0.9940043903388263,False,0,False,2025-07-25 13:25:48.851583,98,0.2
2015-04-29 15:00:00,0.7529696627027652,0.1830764234788327,0.4519761757953092,0.571762083064768,0,0,0,4,0.4940938812820742,0.5400582429874136,0.5101661685347755,0.4825739455591095,0.4628572199635887,0.1588952686156566,0.1065363082926541,0.7529696627027652,0.5482694062264099,0.1117964405974685,0.414239933466243,0.3699157642283204,0.4098539762578848,0.366037575009163,0.4058372796725001,0.1020640224282594,0.1830764234788327,0.6081051077744999,0.3982356988479145,0.1298734376985079,0.5836437985777616,0.4287433142199597,0.3835790046163192,0.4479497966935942,0.3859518866496785,0.0928681085082561,0.2033404936877426,0.5836437985777616,0.4162013722431205,0.1403675369992463,0.6336005030256303,0.777685655368919,0.6811516333797737,0.960345170252691,0.6473115897704856,0.1083910447308155,0.4757454263053381,0.8578756705926073,0.6125743715033812,0.081854703468362,0.0,0.0,0.0,0.0,0.0,0.0,0.0,10.0,0.0,0.0,15,2,0,1,347,9,4,True,0.0010643041479800844,0.000752183574108538,0.0038631278053528964,0.0005867303706665276,0.9937336541018921,0.9937336541018921,[0.99373365],0.04477283861814613,False,0.9898705262965392,False,0.9937336541018921,False,0,False,2025-07-25 13:25:48.851583,98,0.2
2015-06-28 21:00:00,0.6054327958786841,0.6510134572897199,0.5107415821636427,0.7464356305063856,0,0,0,4,0.6615360099154924,0.7725213956578568,0.6061749645588627,0.4693930100858962,0.6091799700088248,0.1088273026413632,0.4250907218552232,0.8503737654785656,0.6259101918158939,0.0873895430416756,0.5881756759528034,0.5450313985450592,0.5029061996590902,0.5112947462053556,0.6110874370462954,0.1121688247621,0.4029668177981086,0.8101553755301993,0.589595222364575,0.066410413671365,0.4304157618636649,0.4047656754231709,0.5338385648721473,0.5613228615993651,0.3668569143453954,0.0956234231279199,0.1598481752584524,0.5338385648721473,0.3823907681729965,0.1259923980515411,0.6868213602716663,0.5922896927783156,0.7325402934045157,0.6903243885714622,0.7208265600253618,0.1091678443290979,0.5049450708922094,0.9203724793706066,0.7111076066403083,0.0798632979570893,0.0,0.0,0.0,0.0,0.0,0.0,0.0,6.0,0.0,0.0,21,6,1,0,352,15,4,True,0.0012031865930944177,0.0029547448464459303,0.0011957682397233812,0.0007199486765223196,0.993926351644214,0.993926351644214,[0.99392635],0.04460944505759633,False,0.990971606797768,False,0.993926351644214,False,0,False,2025-07-25 13:25:48.851583,98,0.2
2015-04-29 08:00:00,0.4825563947476358,0.6081051077744999,0.3225532585401004,0.8578756705926073,0,0,0,4,0.5229993395108242,0.3368724580907688,0.1065363082926541,0.5814541030775334,0.4233562652291756,0.1520826073013868,0.1065363082926541,0.7072782225436555,0.5265664474013958,0.0267691951991501,0.5430726313667957,0.5077791866057519,0.344001765646241,0.526692462304228,0.4291068889977119,0.0957515810912153,0.1964975357436878,0.6081051077744999,0.45179980229924,0.0986067059259977,0.5022736796206217,0.3190397884560392,0.3472451270169624,0.5162923606849497,0.3873378522003052,0.0925968234782785,0.2400653861039742,0.6730167768726574,0.3782702433859092,0.0637414088082236,0.8270203788704064,0.5722952519756915,0.7295614305272634,0.8228296633872952,0.6831625216009892,0.1286582767852732,0.4757454263053381,0.960345170252691,0.6891174677703972,0.1243379441404217,0.0,0.0,0.0,0.0,0.0,0.0,10.0,10.0,0.0,0.0,8,2,0,1,340,2,4,True,0.0012558527051351833,0.00038339469292450413,0.004077824646636653,0.0005766910780454945,0.9937062368772582,0.9937062368772582,[0.99370624],0.044416942186510884,False,0.9896284122306216,False,0.9937062368772582,False,0,False,2025-07-25 13:25:48.851583,98,0.2
2015-04-14 22:00:00,0.2638174361424777,0.5900623108259071,0.7257495514820231,0.3986364209343291,0,0,0,3,0.2429426779094264,0.3963463013926681,0.2780584851529216,0.6283767879618402,0.4618719900784367,0.1403795391358574,0.2429426779094264,0.8477799999089778,0.4625422261258824,0.2253899118289556,0.5846595145071536,0.4699453126962152,0.6284748951880785,0.5185849329061567,0.5814733836815704,0.0881602935531244,0.3954498985999683,0.7482728176441591,0.5972300695858791,0.0441225815782914,0.6812392614656464,0.6468860754039572,0.6869616156117109,0.6873939602354122,0.6602287574107316,0.0742298884858952,0.527515566984289,0.7788341380394332,0.6723479964396089,0.0896570475570039,0.5363053950557408,0.5723920194255393,0.3115331707105222,0.3898509564661478,0.4595493501911994,0.1040717495688096,0.2486572345301875,0.6492974427767965,0.450472864777281,0.122835740661093,0.0,0.0,0.0,0.0,0.0,0.0,0.0,4.0,0.0,0.0,22,1,0,0,352,16,3,True,0.002369812328982538,0.002064689666534456,0.0011461886700499324,0.993980722916009,0.0004385864184241218,0.993980722916009,[0.99398072],0.04424435284521144,False,0.9916109105870264,False,0.993980722916009,False,0,False,2025-07-25 13:25:48.851583,98,0.2
2015-11-26 05:00:00,0.2318431678605147,0.6601712091248362,0.8013818459923105,0.533029386602928,0,0,0,3,0.4281905961736109,0.6634658310150495,0.4186505280351281,0.6000156446065633,0.4570207911250639,0.1144653610274352,0.2318431678605147,0.6634658310150495,0.4478112453982388,0.1422137817554773,0.5230109269937013,0.5606706308710805,0.6224021473170529,0.5153532528303362,0.5709468294084372,0.1060749038913764,0.3683123933068482,0.8114603965480744,0.5936974821771106,0.0834159669868573,0.5231427589996984,0.6504424249358038,0.8329483691296249,0.4440768151760063,0.6358508302842768,0.0849394035025359,0.4820374101699987,0.8329483691296249,0.680903145553168,0.0938621758391063,0.6877342613049714,0.4659969879996878,0.4544315235393339,0.5032518072906411,0.4929469772359722,0.0865060194487348,0.29992028757067,0.6877342613049714,0.5179535054478466,0.1245637697739987,0.0,0.0,0.0,0.0,0.0,0.0,0.0,4.0,0.0,0.0,5,3,0,0,359,23,3,True,0.002714597828341296,0.0009799110399153013,0.0012895226620241076,0.9940358034380191,0.0009801650317003948,0.9940358034380191,[0.9940358],0.044146301828618395,False,0.9913212056096778,False,0.9940358034380191,False,0,False,2025-07-25 13:25:48.851583,98,0.2
2015-08-12 16:00:00,0.8974330280880826,0.6128499673323105,0.32559761155872,0.6133426327132879,0,0,0,1,0.8048066575661103,0.673926544591099,0.5677013240608132,0.4351673282491556,0.6368001846375785,0.1414710125641816,0.3955440089103544,0.8974330280880826,0.7496782988313653,0.1103707239838808,0.4527671165694703,0.580190196836248,0.6297072519532791,0.4687604280525929,0.5725004656834843,0.1006541668774301,0.4049898298629655,0.7920737466512469,0.5468836861056318,0.0869807583978334,0.4371031765648372,0.5271551916950428,0.4220585023924248,0.4335391706420269,0.3941835058198264,0.0701537619405999,0.2364091194136379,0.5311241486713809,0.3762623315590081,0.0794125878096859,0.5168667768220536,0.5909890281055507,0.4138145520103893,0.327401897763263,0.4781275361681465,0.0922926499211894,0.2795339190029285,0.6133426327132879,0.4774470491387548,0.1146520998521883,0.0,0.0,0.0,0.0,0.0,0.0,0.0,1.0,0.0,0.0,16,2,0,1,346,10,1,True,0.0028995275712449843,0.9939907024779856,0.0016691644819460678,0.000628085702664319,0.0008125197661589782,0.9939907024779856,[0.9939907],0.04402092475092149,False,0.9910911749067406,False,0.9939907024779856,False,0,False,2025-07-25 13:25:48.851583,98,0.2
2015-08-27 21:00:00,0.3929170669982184,0.5165617869767256,0.2235004664908653,0.3502379066622205,0,0,0,2,0.23424419130066,0.3717074978409073,0.3337149273238445,0.6706166730891926,0.4392943046786946,0.1292919803353706,0.23424419130066,0.7109312556744055,0.421612020608818,0.1484599133047563,0.3791981711057268,0.2821896149802074,0.5578489553860808,0.5141743509690175,0.4149921528086063,0.0944114739044303,0.2821896149802074,0.5578489553860808,0.4299257538382457,0.1020492317769815,0.4031373639532092,0.3964815272045109,0.20173981643239,0.3061222553461092,0.3660577720462172,0.1032594285433126,0.1325463385053824,0.5226256976617172,0.3694305887847612,0.1151465286476392,0.4796293850921002,0.6102730884385247,0.4632487344881816,0.4047667384186407,0.4534232633015133,0.0960151289875089,0.284793204016659,0.7360034216270802,0.5140906983007228,0.1278508153704364,0.0,0.0,0.0,0.0,0.0,0.0,0.0,5.0,0.0,0.0,21,3,0,0,352,15,2,True,0.0026844762480615967,0.0007369487251120614,0.9940418812134794,0.0006784726011750154,0.0018582212121717736,0.9940418812134794,[0.99404188],0.04378341872851107,False,0.9913574049654178,False,0.9940418812134794,False,0,False,2025-07-25 13:25:48.851583,98,0.2
2015-08-27 20:00:00,0.23424419130066,0.3791981711057268,0.4031373639532092,0.4796293850921002,0,0,0,2,0.5742986507798539,0.3140292023417715,0.5189752300934002,0.280285450740619,0.4508651215991519,0.1371485311574999,0.23424419130066,0.7109312556744055,0.4180770924159327,0.1495284695422809,0.5154766886400708,0.316026929130653,0.4281884005176793,0.5772050061987464,0.4148926763082851,0.0943009953526855,0.2821896149802074,0.5578489553860808,0.3908637251721594,0.1069909720649452,0.4892038179022346,0.3410563024353792,0.4769220777064162,0.4501688504998938,0.3695003465818524,0.0996129399529497,0.1325463385053824,0.5226256976617172,0.3982607655703687,0.0902692565758119,0.4535943954567856,0.4142709318467369,0.4090667448453746,0.3367223761046219,0.4556952979580308,0.0940931922563067,0.284793204016659,0.7360034216270802,0.5574298952634401,0.1028229097420201,0.0,0.0,0.0,0.0,0.0,0.0,0.0,5.0,0.0,0.0,20,3,0,0,351,14,2,True,0.002328006471144159,0.0006541389299440262,0.9940830980690123,0.0009624640864066154,0.0019722924434927855,0.9940830980690123,[0.9940831],0.04377956640773869,False,0.9917550915978681,False,0.9940830980690123,False,0,False,2025-07-25 13:25:48.851583,98,0.2
2015-07-28 11:00:00,0.7861824292675327,0.6336779299137123,0.6672023496573263,0.3217230666963737,0,0,0,3,0.402916596093818,0.6187403388581051,0.367672966213974,0.2670405717472602,0.4589578786584095,0.1249998023688616,0.2494074973047614,0.7861824292675327,0.5319495626532159,0.1386111356776179,0.7364579839123289,0.7134747852313272,0.6593072253835104,0.5723281891186927,0.6165756120829254,0.1246147896104779,0.405018045171541,0.9460090382907512,0.5982418287445443,0.1038302516629059,0.8300002078034654,0.7829471374662091,0.5385684125499903,0.702477725095513,0.6351755386296924,0.0938886263192158,0.51185780813231,0.8300002078034654,0.6690488604504173,0.1015089697043486,0.5183445270630402,0.6626136509929702,0.5224315895053567,0.4502866138420373,0.4705383407539736,0.1201699422541671,0.2061622545892621,0.747523667995628,0.4950718518879242,0.0928504969963266,0.0,0.0,0.0,0.0,0.0,0.0,4.0,4.0,0.0,0.0,11,1,0,1,341,5,3,True,0.002351704029869162,0.002238847547884812,0.00047622104069892815,0.9940406607374017,0.0008925666441453919,0.9940406607374017,[0.99404066],0.043746482259968425,False,0.9916889567075325,False,0.9940406607374017,False,0,False,2025-07-25 13:25:48.851583,98,0.2
2015-02-28 08:00:00,0.4842761330700588,0.7186919686235238,0.2797277236821425,0.6668006106418877,0,0,0,4,0.660913866426084,0.5783095241915418,0.2027344554964968,0.4030794569458772,0.460181786743959,0.1515597874079425,0.1273786850967674,0.7502632635054881,0.5039616532411157,0.1659554884554022,0.5437794960737083,0.5926349671132161,0.6373202200472325,0.5485097485566968,0.6105481273918786,0.0962587689869945,0.44945596035172,0.8000236592232863,0.5770046026489123,0.1146442759325485,0.4779282930585109,0.523217819834539,0.4542957073882037,0.4327076588008235,0.4258545540949967,0.0851193204331474,0.2797277236821425,0.5936064039403226,0.4006596290991525,0.0861955505252433,0.7645707469835074,0.7264406141332048,0.639287525863904,0.7745303984409974,0.6578009639737837,0.1008041443217539,0.4924196034650874,0.8628752286785283,0.6820155621251893,0.0617529838067508,0.0,0.0,0.0,0.0,0.0,0.0,5.0,5.0,0.0,0.0,8,5,1,1,338,2,4,True,0.0023973632738845253,0.0007970245300675119,0.0011620781297284673,0.0014735933539053844,0.994169940712414,0.994169940712414,[0.99416994],0.04342441969404566,False,0.9917725774385295,False,0.994169940712414,False,0,False,2025-07-25 13:25:48.851583,98,0.2
2015-07-28 21:00:00,0.4789894473334205,0.5729311962748869,0.734568173857397,0.5330420120808472,0,0,0,3,0.5158360779439423,0.4742684946614356,0.4323126175736677,0.2707689496202946,0.4665743753278199,0.0984637259624118,0.330167056549573,0.7861824292675327,0.4577725929300668,0.0609070464391196,0.5167343096902808,0.5650115941352889,0.6204922602901088,0.4276455177424494,0.6469644187011598,0.1288674823579849,0.4167345043423073,0.9460090382907512,0.694162273241227,0.1420445753821576,0.5453126668499448,0.6516021396201814,0.5127833299257176,0.6465285250771935,0.6509142955765398,0.0883533353400579,0.4980222442382072,0.8300002078034654,0.6422761777435531,0.0983032544427937,0.4689322243091542,0.3356182481246562,0.5404520204184459,0.4266566399569196,0.4951712136978246,0.1424482137754221,0.219350942942693,0.77160970449412,0.5498340819211643,0.1460798734220889,0.0,0.0,0.0,0.0,0.0,0.0,0.0,4.0,0.0,0.0,21,1,0,0,351,15,3,True,0.0020524718389170653,0.0017800256250949142,0.0007382923746839363,0.9942220163952237,0.0012071937660804895,0.9942220163952237,[0.99422202],0.04316862009895107,False,0.9921695445563066,False,0.9942220163952237,False,0,False,2025-07-25 13:25:48.851583,98,0.2
2015-02-28 22:00:00,0.5320435795041846,0.6827750268051811,0.5502544054850744,0.4523219823388423,0,0,0,4,0.2403298925153821,0.4741100657179523,0.6512024206408081,0.1273786850967674,0.4385758066341922,0.1330500517754743,0.2223051847954066,0.7502632635054881,0.3494498038121356,0.1156548817034371,0.6408951715654982,0.6254583247135144,0.7870777300850731,0.5399576986052681,0.6039132376337507,0.1203903539243684,0.3245345186525195,0.8000236592232863,0.6565266027700356,0.0469060107115138,0.3696057409590522,0.2538649061557514,0.5597426354151684,0.3272591516475648,0.4196247164914409,0.0970614528603693,0.2122876994227726,0.5661882847433379,0.4287645396836595,0.0790473557400892,0.3498720436400689,0.8849552173773639,0.7859827225029644,0.8161865320276963,0.6715363790691738,0.131589954861992,0.3498720436400689,0.8849552173773639,0.5853454658145963,0.1951486787718852,0.0,4.0,0.0,0.0,0.0,0.0,0.0,9.0,0.0,0.0,22,5,1,0,352,6,4,True,0.002199174848012146,0.0007012055744137742,0.0018100495162181927,0.0010831373272957793,0.9942064327340601,0.9942064327340601,[0.99420643],0.04315255992199225,False,0.9920072578860479,False,0.9942064327340601,False,0,False,2025-07-25 13:25:48.851583,98,0.2
2015-04-29 22:00:00,0.496062959870165,0.4340343988031713,0.5141125583090602,0.7208747310116671,0,0,0,4,0.4712997161084743,0.4322806414265611,0.4606290197378945,0.7072782225436555,0.4634671529695148,0.123474434085575,0.2108226469444255,0.7529696627027652,0.4283488024774147,0.1132325686240426,0.3628260495517157,0.4451355265969394,0.3314636040874435,0.5290542106702418,0.4154364235291632,0.0993163395689846,0.1830764234788327,0.6081051077744999,0.4249592582773552,0.0553968321807345,0.3657806711086988,0.3988814901872333,0.2953108471681475,0.3771291198146251,0.3993896706463002,0.1036252309074728,0.1791032749820289,0.5836437985777616,0.3730451462390694,0.1349235424229564,0.6349382173316261,0.6858103003627983,0.6364209952274348,0.707366536486406,0.6727532139521505,0.1090785243156767,0.5094737599351343,0.8585150321836484,0.7368298793155891,0.10121179438681,0.0,0.0,0.0,0.0,0.0,0.0,0.0,10.0,0.0,0.0,22,2,0,0,354,16,4,True,0.0008222167148462048,0.0003281551289387228,0.0046266717593545625,0.0004371013544890073,0.9937858550423714,0.9937858550423714,[0.99378586],0.04292162242804777,False,0.9891591832830168,False,0.9937858550423714,False,0,False,2025-07-25 13:25:48.851583,98,0.2
2015-04-30 03:00:00,0.3760712645641654,0.2796001963539478,0.3650897559011181,0.7039904917819871,0,0,0,4,0.7950127082484236,0.4712997161084743,0.7529696627027652,0.5101661685347755,0.4859745067776064,0.1287293005751187,0.2270346223764551,0.7950127082484236,0.4463617450036993,0.1914808225419859,0.5539858162345099,0.3628260495517157,0.1830764234788327,0.4098539762578848,0.4249627670796192,0.1085293068483735,0.1830764234788327,0.6321220145675961,0.4296624895999333,0.1488257980760422,0.3962980199407632,0.3657806711086988,0.4519761757953092,0.3835790046163192,0.3935589028616046,0.0996246807815185,0.1791032749820289,0.5836437985777616,0.4183966426646835,0.0649407328346872,0.6540863202541193,0.6349382173316261,0.571762083064768,0.6811516333797737,0.68834224176686,0.1022804747373712,0.5094737599351343,0.8585150321836484,0.7046023165880261,0.0656819829552361,0.0,0.0,0.0,0.0,0.0,0.0,0.0,10.0,0.0,0.0,3,3,0,0,359,21,4,True,0.0006776999328101851,0.00042978815487867153,0.004760447538959489,0.000351566428089949,0.9937804979452616,0.9937804979452616,[0.9937805],0.0427291056768321,False,0.989020050406302,False,0.9937804979452616,False,0,False,2025-07-25 13:25:48.851583,98,0.2
2015-10-26 07:00:00,0.3078039145368497,0.1801862407257927,0.3905045985584531,0.473693825682548,0,0,0,2,0.5467871547122695,0.3847383584470897,0.3397045354436451,0.3462068455485009,0.439187165912764,0.1033603584776712,0.2682743457018076,0.6625591545853252,0.4890434782107891,0.1127316963577894,0.1584666062418012,0.2458749080453096,0.3010136418929022,0.2607375872643883,0.2792747690194547,0.0928323028626367,0.1271370477055279,0.5107310129352349,0.2886265098728955,0.1490809479090676,0.4243574849262517,0.4501357701853541,0.3894854428058115,0.3706453027467784,0.4186601601697601,0.0660244930980611,0.2736678447545767,0.5473727163131106,0.4597394145509396,0.0566605448428644,0.370855928930181,0.2619910579235517,0.4358136087964512,0.3461560324442971,0.4183003518103036,0.1015327935350377,0.2247836208086991,0.7170945757166011,0.4187307905368437,0.0681358642215272,3.0,0.0,0.0,0.0,0.0,0.0,8.0,8.0,0.0,0.0,7,0,0,0,338,1,2,True,0.0027679174446863805,0.0007489308513243856,0.994248098461815,0.0016343875734889748,0.0006006656686850142,0.994248098461815,[0.9942481],0.042369820924985924,False,0.9914801810171286,False,0.994248098461815,False,0,False,2025-07-25 13:25:48.851583,98,0.2
2015-05-14 08:00:00,0.5711915834194484,0.7118134908450422,0.4123858155383226,0.5355381612352781,0,0,0,1,0.945268259654117,0.3223353981895583,0.6484824383306081,0.2251070170717838,0.6234515009906971,0.1341007394256087,0.3223353981895583,0.9514356852170256,0.6578230731355988,0.1500570945354289,0.3606887924567073,0.4722674754691003,0.8180123708933671,0.615893022412761,0.6005459036628128,0.1148842775900189,0.3606887924567073,0.8180123708933671,0.6144581246486335,0.1327067151666774,0.4655535184177066,0.3421350709711938,0.3715002848763729,0.3841517920533677,0.3718577935261108,0.0534984051821814,0.2809969639751126,0.4655535184177066,0.4052741375553528,0.0573462089229427,0.3610329758869511,0.4061188225986936,0.4687678963521996,0.5302655915264937,0.4350577603046788,0.0947773119475701,0.2621124408756899,0.656350883380456,0.4511681971947994,0.120859099568046,0.0,0.0,0.0,0.0,0.0,0.0,1.0,1.0,0.0,0.0,8,3,0,1,338,2,1,True,0.003720037915568128,0.9941223677325541,0.0009866007937506093,0.0006659865544116212,0.0005050070037154957,0.9941223677325541,[0.99412237],0.042203465395100635,False,0.9904023298169861,False,0.9941223677325541,False,0,False,2025-07-25 13:25:48.851583,98,0.2
2015-05-14 13:00:00,0.5663174652352411,0.5330170880056977,0.3741001318400686,0.4300456173413578,0,0,0,1,0.4205026760185942,0.945268259654117,0.5848096501938919,0.5891617184152814,0.6276464637244946,0.1421998494862835,0.3223353981895583,0.9514356852170256,0.5988334173795239,0.1125068018695361,0.5300522000024541,0.3606887924567073,0.6906082196909922,0.5397211384260703,0.5829538945683753,0.1140512946989026,0.3606887924567073,0.8180123708933671,0.5551949622299573,0.0946412248272346,0.5185149280742682,0.4655535184177066,0.3916424426655395,0.3254905770467733,0.3781797444624082,0.0616873691425833,0.2809969639751126,0.5185149280742682,0.4016842156874941,0.0678168379478795,0.5853430078593843,0.3610329758869511,0.3493856548325629,0.4027272088067384,0.4555938130721941,0.1068817932560916,0.2621124408756899,0.6636637110169169,0.5076287191248631,0.1040647817309906,0.0,0.0,0.0,0.0,0.0,0.0,0.0,1.0,0.0,0.0,13,3,0,1,343,7,1,True,0.003480221754058533,0.9941786082332001,0.00109368563390916,0.0005826869982665495,0.0006647973805658355,0.9941786082332001,[0.99417861],0.042165180888391385,False,0.9906983864791417,False,0.9941786082332001,False,0,False,2025-07-25 13:25:48.851583,98,0.2
2015-04-14 09:00:00,0.4602023517035575,0.3954498985999683,0.7524962760527225,0.573550006455554,0,0,0,3,0.430392704406518,0.6344829110397042,0.3474425092917067,0.4263777132899963,0.4310669729848553,0.1032469259213743,0.2897987441831454,0.6344829110397042,0.3783326681841791,0.0550606959086051,0.6853333385326557,0.5851046528900241,0.502264175485928,0.3392115120999694,0.6027957047510343,0.1044689390911442,0.3954498985999683,0.8062723183553362,0.5362817883857133,0.1077661152757378,0.6267889448022834,0.6294079140865214,0.5748087414115872,0.6320881516643033,0.6591838413186897,0.1097475629677476,0.5033110219903683,1.0,0.6600778090923837,0.0593232251688137,0.5704406505050038,0.3319142930783776,0.6315994552914822,0.51520888155432,0.4498814257295863,0.0930542005307991,0.2649289492893099,0.6534505245169367,0.4960028018527134,0.0750479182849219,0.0,0.0,0.0,0.0,0.0,0.0,4.0,4.0,0.0,0.0,9,1,0,1,339,3,3,True,0.002234846079881436,0.0008863109291274486,0.001843423010462576,0.994360562282491,0.0006748576980374987,0.994360562282491,[0.99436056],0.04202703446921653,False,0.9921257162026096,False,0.994360562282491,False,0,False,2025-07-25 13:25:48.851583,98,0.2
2015-06-28 23:00:00,0.6526608906305632,0.8206672154184562,0.3092659150145274,0.6965909405338894,0,0,0,4,0.4729223645742976,0.6432281826941711,0.4600729423451596,0.6098058507817276,0.6045670447290705,0.1126834471123684,0.4250907218552232,0.8503737654785656,0.5803842868830967,0.0809613920099051,0.7780508126143442,0.5381025275544986,0.727344373177534,0.4742576171474628,0.6308987073767137,0.120073206035753,0.4029668177981086,0.8206672154184562,0.668600500715546,0.1190377423726363,0.4758917745609603,0.1598481752584524,0.4241055460254156,0.4131031398839314,0.3668117587195689,0.0985405244789112,0.1598481752584524,0.5338385648721473,0.4118199895773599,0.0828697472042511,0.8702463986238375,0.6217648884429673,0.8089083310360411,0.5049450708922094,0.7380790923144928,0.1017119074796712,0.5724043586973572,0.9203724793706066,0.7361667014254746,0.0879614366433186,0.0,0.0,0.0,0.0,0.0,0.0,0.0,6.0,0.0,0.0,23,6,1,0,354,17,4,True,0.0010865255263102032,0.003416633130043011,0.0008947656143529004,0.00038650795784577396,0.9942155677714481,0.9942155677714481,[0.99421557],0.04190398869906121,False,0.9907989346414051,False,0.9942155677714481,False,0,False,2025-07-25 13:25:48.851583,98,0.2
2015-08-12 21:00:00,0.835491028441674,0.6363188928481742,0.495053769865722,0.4361194658084084,0,0,0,1,0.6128817856900793,0.8048066575661103,0.807091301095061,0.5490654316489435,0.6496452260231187,0.1458990413136034,0.3955440089103544,0.8974330280880826,0.7299376580790847,0.1464671993627015,0.5228279567570713,0.4527671165694703,0.6324915179249861,0.4099459267521554,0.5785820520226497,0.0902160515412286,0.4049898298629655,0.760437560536664,0.6198541121662046,0.0855284300686983,0.49512101988388,0.4371031765648372,0.3267261676234225,0.2364091194136379,0.4135108618943361,0.0719323683315629,0.2798986557600251,0.5468681934567383,0.4427715374175522,0.0847657322755611,0.3779450054420991,0.5168667768220536,0.5923617406120857,0.543750794132667,0.4555303716826807,0.0902710048061932,0.2795339190029285,0.6133426327132879,0.4304362008965518,0.0940246219634084,0.0,0.0,0.0,0.0,0.0,0.0,0.0,1.0,0.0,0.0,21,2,0,0,351,15,1,True,0.003537846049295122,0.9942107161522944,0.0009416416371528334,0.0007796664928869112,0.0005301296683707095,0.9942107161522944,[0.99421072],0.04188042656248783,False,0.9906728701029993,False,0.9942107161522944,False,0,False,2025-07-25 13:25:48.851583,98,0.2
2015-10-26 10:00:00,0.5906788443647365,0.1743049134076444,0.4765576213315712,0.4058728498852909,0,0,0,2,0.4997321189233624,0.4578381461643709,0.4947157878522156,0.5763474461004477,0.4424955260556536,0.104751837997596,0.2682743457018076,0.6625591545853252,0.4610682598139062,0.1350866611135275,0.4109019771416887,0.5107310129352349,0.188599104248359,0.2671358110334186,0.2913121817671865,0.1053438714441374,0.1271370477055279,0.5107310129352349,0.2581249390787862,0.1412039876670522,0.384033326437771,0.5442024578860767,0.3724534438995309,0.371861206280826,0.4199798286613158,0.0672169120897537,0.2736678447545767,0.5473727163131106,0.4126275498174812,0.0374544609584859,0.4802177864567649,0.4600933057085862,0.3753456608307739,0.4929012870057175,0.4193683957393826,0.10174403817881,0.2247836208086991,0.7170945757166011,0.4376970251793199,0.0642169441598264,0.0,0.0,0.0,0.0,0.0,0.0,5.0,8.0,0.0,0.0,10,0,0,1,341,4,2,True,0.002470998451516616,0.0009205107229209884,0.9943793955155013,0.001600819293271967,0.0006282760167890997,0.9943793955155013,[0.9943794],0.04181025854584053,False,0.9919083970639846,False,0.9943793955155013,False,0,False,2025-07-25 13:25:48.851583,98,0.2
2015-03-01 04:00:00,0.6256557834042001,0.5761110480627101,0.4722306739706752,0.5807233297781053,0,0,0,4,0.5322456345588827,0.5320435795041846,0.4741100657179523,0.3714053412962322,0.470881161156453,0.1265090180867588,0.2223051847954066,0.7502632635054881,0.5223679860694013,0.0655234475717518,0.5713830584722932,0.6827750268051811,0.6254583247135144,0.44945596035172,0.6016272409318687,0.1131536824493564,0.3245345186525195,0.7870777300850731,0.5901425898076359,0.0955282907317445,0.4145993947884133,0.5502544054850744,0.2538649061557514,0.4140417747426904,0.4106312286597615,0.092192652918094,0.2122876994227726,0.5597426354151684,0.4110431124362133,0.0551300041447956,0.712008690834803,0.4523219823388423,0.8849552173773639,0.6262064913038584,0.649764541604649,0.1272719004716472,0.3498720436400689,0.8849552173773639,0.6390677785988794,0.0730265764537499,0.0,0.0,4.0,0.0,0.0,0.0,0.0,9.0,0.0,0.0,4,6,1,0,358,12,4,True,0.0018983151938212382,0.001169228633382753,0.0018236748695739898,0.0006726683060902116,0.9944361129971319,0.9944361129971319,[0.99443611],0.04175374331950788,False,0.9925377978033106,False,0.9944361129971319,False,0,False,2025-07-25 13:25:48.851583,98,0.2
2015-08-12 13:00:00,0.6236201748393037,0.6307248967625312,0.479873673372484,0.4150114614582033,0,0,0,1,0.815077782819965,0.6939564974208899,0.4596630033852732,0.5265208019046196,0.6028630999037611,0.1389812006825691,0.3838396066583226,0.8339619821248402,0.6745790059330011,0.1556142607201052,0.4366154446390242,0.4049898298629655,0.6260060962006844,0.6196858011551454,0.5663803686991209,0.1020588613570144,0.4049898298629655,0.7920737466512469,0.585266902510047,0.0928197685632284,0.4179994738336217,0.351577273977781,0.3712362869533314,0.5052562089362858,0.406718450044019,0.0742929668696076,0.2364091194136379,0.5626101751887358,0.4144423318815703,0.0942753630816194,0.4854978522129655,0.4039129760822768,0.2795339190029285,0.3580625944580315,0.4550830201885348,0.0941302332781438,0.2795339190029285,0.5923617406120857,0.4654050039505313,0.1174004539822707,0.0,0.0,0.0,0.0,0.0,0.0,0.0,1.0,0.0,0.0,13,2,0,1,343,7,1,True,0.0033291512425004614,0.9942730136290016,0.0010242695129505214,0.000885619059649455,0.0004879465558980195,0.9942730136290016,[0.99427301],0.041700286336097465,False,0.9909438623865011,False,0.9942730136290016,False,0,False,2025-07-25 13:25:48.851583,98,0.2
2015-04-29 07:00:00,0.5229993395108242,0.5430726313667957,0.5022736796206217,0.8270203788704064,0,0,0,4,0.5478922605383797,0.3088206129821015,0.3830077074293493,0.7435929978562407,0.4274770030762546,0.1550669542165772,0.1065363082926541,0.7072782225436555,0.502285791291918,0.0825742966514453,0.3832556994654201,0.1964975357436878,0.3918266951879792,0.3476435372714988,0.4257146954364506,0.0904286448975783,0.1964975357436878,0.5567842185806338,0.4350788154377821,0.0716117403863031,0.3537385058461381,0.4347963386574099,0.3476214164430886,0.3962876073511644,0.3954103147896741,0.0951141692797313,0.2400653861039742,0.6730167768726574,0.3776846650385657,0.0643686926435071,0.5895523745931986,0.5267745217140516,0.6239718306962349,0.788488989968615,0.6817022713007678,0.1267741830775996,0.4757454263053381,0.960345170252691,0.6415207313342446,0.0988686248842372,5.0,0.0,0.0,0.0,0.0,0.0,10.0,10.0,0.0,0.0,7,2,0,0,339,1,4,True,0.0011834989078937813,0.00031646651993598934,0.003809454101901772,0.0005340993928443637,0.994156481077424,0.994156481077424,[0.99415648],0.04159660860317979,False,0.9903470269755222,False,0.994156481077424,False,0,False,2025-07-25 13:25:48.851583,98,0.2
2015-07-28 10:00:00,0.402916596093818,0.7364579839123289,0.8300002078034654,0.5183445270630402,0,0,0,3,0.4323126175736677,0.330167056549573,0.3893652485127729,0.5131110886585687,0.4373269679283981,0.1099210583567771,0.2494074973047614,0.6455729065980519,0.504042547584978,0.0828139047459975,0.6204922602901088,0.6942641915809569,0.5992831567874024,0.7126399481376193,0.614019372883133,0.1248776747049996,0.405018045171541,0.9460090382907512,0.6115413046308135,0.1138993120641456,0.5127833299257176,0.5373580739284938,0.7596592352783913,0.6622525847270739,0.6366453459396169,0.0946845392026266,0.51185780813231,0.8300002078034654,0.6883396584185646,0.1115857994905814,0.5404520204184459,0.5246572774815904,0.5684714169920576,0.317618190542726,0.4758951552183763,0.1160423837623357,0.2061622545892621,0.747523667995628,0.5518869492706903,0.0659678639014705,0.0,0.0,0.0,0.0,0.0,0.0,4.0,4.0,0.0,0.0,10,1,0,1,340,4,3,True,0.0032713528118505416,0.0007502339889565566,0.000918487915198809,0.9943283672376343,0.0007315580463598135,0.9943283672376343,[0.99432837],0.04147891022902728,False,0.9910570144257838,False,0.9943283672376343,False,0,False,2025-07-25 13:25:48.851583,98,0.2
2015-05-29 20:00:00,0.449597793932634,0.4229161044003205,0.4672961587103061,0.4303535445134523,0,0,0,3,0.4899220699325476,0.5327425169059733,0.3232608226119763,0.3879238592878405,0.4081942420631493,0.1131701283758034,0.1987452446586824,0.5649211521856813,0.4004202278336896,0.1216085321907802,0.5938944801687516,0.5625908859465285,0.3937027231399123,0.5314141095774292,0.5561485364231767,0.1031064543000305,0.3845908047693528,0.8187162496014417,0.5059894070183375,0.0561368572119892,0.7034264208899355,0.643162428773461,0.6147153507061707,0.6311461342715872,0.6361544272621876,0.0840458042926709,0.4672961587103061,0.7986327970845379,0.5928487826527431,0.1286068414549282,0.3582423805240653,0.5116918003318229,0.4645703068403418,0.6607485028694219,0.4500407147203228,0.1316478517316736,0.2168364561912094,0.6969383990157249,0.4767564996651334,0.1166648129983135,0.0,0.0,0.0,0.0,0.0,0.0,0.0,4.0,0.0,0.0,20,4,0,0,350,14,3,True,0.0026354014725512172,0.0006136516699248161,0.001762771099770844,0.9944460557335271,0.0005421200242261545,0.9944460557335271,[0.99444606],0.040982275868043275,False,0.9918106542609758,False,0.9944460557335271,False,0,False,2025-07-25 13:25:48.851583,98,0.2
2015-06-29 03:00:00,0.5446300830423002,0.4409573549298268,0.333428819867436,0.8583637972933896,0,0,0,4,0.6727892515181554,0.6054327958786841,0.7725213956578568,0.4892726009957319,0.6203304262342457,0.1037691867654422,0.4600729423451596,0.8253546660864753,0.6459165585820705,0.1240162648534105,0.6197132072292475,0.6510134572897199,0.5450313985450592,0.7419402129052621,0.6116530040345569,0.126170908935786,0.4029668177981086,0.8206672154184562,0.615049800672751,0.1543661030864563,0.5303895272206405,0.5107415821636427,0.4047656754231709,0.3533809430170761,0.377897739371211,0.1021841636679668,0.1598481752584524,0.5338385648721473,0.4142797488978933,0.0837140955879555,0.6094174062879566,0.7464356305063856,0.5922896927783156,0.6765670800233258,0.7240510387244729,0.1045764124175665,0.551764070182334,0.8702463986238375,0.7266909381199017,0.1307059239895563,0.0,0.0,0.0,0.0,0.0,0.0,0.0,6.0,0.0,0.0,3,0,0,0,358,21,4,True,0.0010767109124997648,0.0034398368796055225,0.0006878735769865826,0.0004414914092540383,0.9943540872216541,0.9943540872216541,[0.99435409],0.04091961987047643,False,0.9909142503420486,False,0.9943540872216541,False,0,False,2025-07-25 13:25:48.851583,98,0.2
2015-02-28 10:00:00,0.6512024206408081,0.7870777300850731,0.5597426354151684,0.7859827225029644,0,0,0,4,0.4905510180718347,0.3714053412962322,0.1273786850967674,0.5313946044220722,0.4581595717330167,0.1505171529834484,0.1273786850967674,0.7502632635054881,0.5756730600013807,0.1298323301256242,0.6707963305189137,0.44945596035172,0.5399576986052681,0.5653078289228901,0.6169633866129455,0.0996675142232988,0.44945596035172,0.8000236592232863,0.6592740955275146,0.1076072616606986,0.2122876994227726,0.4140417747426904,0.3272591516475648,0.5294655195615643,0.42420220020148,0.0929580134731738,0.2122876994227726,0.5936064039403226,0.3924977362774764,0.1395143555507612,0.6505399219007327,0.6262064913038584,0.8161865320276963,0.8013153078450571,0.6628458666390348,0.0951768584506217,0.4924196034650874,0.8628752286785283,0.6995236099959915,0.0712355654889449,0.0,0.0,0.0,0.0,0.0,0.0,5.0,5.0,0.0,0.0,10,5,1,1,340,4,4,True,0.0024090712469912227,0.0009563734957766483,0.000743994081955079,0.0013044064492025204,0.9945861547260745,0.9945861547260745,[0.99458615],0.040594559472140385,False,0.9921770834790833,False,0.9945861547260745,False,0,False,2025-07-25 13:25:48.851583,98,0.2
2015-02-28 16:00:00,0.4741100657179523,0.6254583247135144,0.2538649061557514,0.8849552173773639,4,0,0,4,0.5281206158929056,0.6512024206408081,0.3714053412962322,0.4405837113500187,0.4473728112060429,0.1512831256999302,0.1273786850967674,0.7502632635054881,0.4360337947428945,0.0598703549295691,0.4374263671044626,0.7870777300850731,0.44945596035172,0.6139331817495797,0.5797095367214119,0.117484409895847,0.3245345186525195,0.8000236592232863,0.5005656756222886,0.1263851321250513,0.3441820430275929,0.5597426354151684,0.4140417747426904,0.4528769117657837,0.4191623603039298,0.0994398270307721,0.2122876994227726,0.5936064039403226,0.4102195262416965,0.0977547919753601,0.7444940473835017,0.7859827225029644,0.6262064913038584,0.590809525355443,0.6793523809572813,0.1070749102810434,0.4924196034650874,0.8849552173773639,0.6751213120091286,0.1310008877626494,0.0,0.0,0.0,0.0,0.0,0.0,4.0,9.0,0.0,0.0,16,5,1,1,346,0,4,True,0.0015163699711921736,0.0007020633986479572,0.002190634818962187,0.0009880917562340283,0.9946028400549636,0.9946028400549636,[0.99460284],0.04057583663448011,False,0.9924122052360014,False,0.9946028400549636,False,0,False,2025-07-25 13:25:48.851583,98,0.2
2015-05-15 03:00:00,0.698563894408564,0.4160885320001287,0.4403403990656392,0.514702397136458,0,0,0,1,0.5158908640056957,0.6758955208347123,0.7466904025713447,0.5749351148817686,0.624967591322786,0.1217699245439685,0.4205026760185942,0.945268259654117,0.6222325533291363,0.1310276043944412,0.4822866401840697,0.5269781131713587,0.6106500060659166,0.5782044594434124,0.5846782922331669,0.1439541286560073,0.3606887924567073,0.8963842981676489,0.5181805620145056,0.1850300988693689,0.3635689678537812,0.3087337681168546,0.3853727819799123,0.4085973373220615,0.3958974353425067,0.0841652133792506,0.2634477445556717,0.5932940080061984,0.3720991091182583,0.0777982334048531,0.4077260299150025,0.6458929154475198,0.3839257079550466,0.5333551987951226,0.4501450495656949,0.10950079433521,0.2941306012548419,0.6636637110169169,0.482362105498025,0.0561924643584179,0.0,0.0,0.0,0.0,0.0,0.0,0.0,1.0,0.0,0.0,3,4,0,0,357,21,1,True,0.003071759097716227,0.9944789970065108,0.0012287943525488537,0.000757443877490128,0.00046300566573395256,0.9944789970065108,[0.994479],0.04050995965508821,False,0.9914072379087946,False,0.9944789970065108,False,0,False,2025-07-25 13:25:48.851583,98,0.2
2015-02-28 11:00:00,0.3724788132879578,0.4922380220289189,0.4103784474812165,0.5690372676123815,0,0,0,4,0.6512024206408081,0.7502632635054881,0.3038608075237211,0.4739814090175965,0.4539302969109485,0.1514762266225802,0.1273786850967674,0.7502632635054881,0.5127089849651257,0.1194164846208834,0.7870777300850731,0.7203514879783162,0.7049828300769738,0.6174346538969617,0.6117468602851103,0.1028667798141919,0.44945596035172,0.8000236592232863,0.6212551845359483,0.1211565848263321,0.5597426354151684,0.5022242409671782,0.5661882847433379,0.4156253510242192,0.4239835792205216,0.092985227648284,0.2122876994227726,0.5936064039403226,0.3771901040298162,0.129765287650647,0.7859827225029644,0.6023340426120388,0.7273932038528367,0.5461698410976376,0.6637986760771492,0.0940660177191901,0.4924196034650874,0.8628752286785283,0.6939741474960486,0.0809550780232988,0.0,0.0,0.0,0.0,0.0,0.0,5.0,5.0,0.0,0.0,11,5,1,1,341,5,4,True,0.0024040637745991987,0.0007533092081717299,0.000987812839579738,0.0012477428133761703,0.9946070713642733,0.9946070713642733,[0.99460707],0.04047198048110999,False,0.9922030075896741,False,0.9946070713642733,False,0,False,2025-07-25 13:25:48.851583,98,0.2
2015-06-13 10:00:00,0.4755549535369759,0.450377424636988,0.3068305108259193,0.6296036212784765,0,0,0,2,0.6076664178606738,0.5927924055498487,0.3153617126663276,0.3611882800860558,0.4649759683782651,0.1036939958654336,0.2983964740614923,0.6283321249511943,0.4484155238794025,0.1062335255696107,0.4202301549538763,0.5714642020065677,0.4881557916374994,0.3704601374025373,0.462720122618412,0.1256058167462078,0.1983909571104041,0.7048261817569759,0.5449335651547138,0.1279249743726861,0.4202835496791034,0.4646806052859797,0.36460087744879,0.4981784610376583,0.3823654693195999,0.0817064096714165,0.1494918488552842,0.4975648571430426,0.2920238810731265,0.0860117300412253,0.4369801254338099,0.6608170451990473,0.3943392140450333,0.7087300965803506,0.4622786516352938,0.1518187001793547,0.1092210411268252,0.6608170451990473,0.5808699795482603,0.086666654108371,0.0,0.0,0.0,0.0,0.0,0.0,5.0,5.0,0.0,0.0,10,5,1,1,341,4,2,True,0.002354115188062912,0.0006649890718503502,0.9946419963899084,0.0009027990167529033,0.0014361003334254809,0.9946419963899084,[0.994642],0.04018374177364413,False,0.9922878812018454,False,0.9946419963899084,False,0,False,2025-07-25 13:25:48.851583,98,0.2
2015-06-28 16:00:00,0.7555105021074723,0.5865838303724755,0.448734185890855,0.7947178820037618,0,0,0,4,0.7725213956578568,0.553327769629807,0.6598894020187985,0.5755949611280012,0.600310659785745,0.1188468202672638,0.4250907218552232,0.8503737654785656,0.6263994524698376,0.1466955530425713,0.5450313985450592,0.5465545362488307,0.6934363460105104,0.7229623023220055,0.6036680992430735,0.1340644310600438,0.3176753681138914,0.8101553755301993,0.644981900288431,0.074183818535242,0.4047656754231709,0.4029920942005638,0.3677506083487503,0.415494365657942,0.3832542866816028,0.0969040840703516,0.1859434385227004,0.5613228615993651,0.3812334526219172,0.0672377312367905,0.5922896927783156,0.7662720340718102,0.6150408474842103,0.6907224998006055,0.7174703839547467,0.1119340326074974,0.5049450708922094,0.9203724793706066,0.7248093139092752,0.1120145753004391,0.0,0.0,0.0,0.0,0.0,0.0,0.0,6.0,0.0,0.0,16,6,1,1,347,10,4,True,0.0009524854027086569,0.0034739586310073905,0.0007696433106648482,0.0003499973747943466,0.9944539152808248,0.9944539152808248,[0.99445392],0.04013088902349844,False,0.9909799566498174,False,0.9944539152808248,False,0,False,2025-07-25 13:25:48.851583,98,0.2
2015-06-29 04:00:00,0.4338451318772708,0.6159332861984947,0.4668889507029068,0.5768849309975485,0,0,0,4,0.5446300830423002,0.4729223645742976,0.7555105021074723,0.6598894020187985,0.6109119149783487,0.1100884756336294,0.4338451318772708,0.8253546660864753,0.6394036864658994,0.1354200602465949,0.4409573549298268,0.7780508126143442,0.5865838303724755,0.6934363460105104,0.6084237098757229,0.1249728293306711,0.4029668177981086,0.8206672154184562,0.588030212936776,0.1328123268636242,0.333428819867436,0.4758917745609603,0.448734185890855,0.3677506083487503,0.3820285036359676,0.103747986949236,0.1598481752584524,0.5338385648721473,0.4127792782548843,0.0824602048698617,0.8583637972933896,0.8702463986238375,0.7947178820037618,0.6150408474842103,0.722461208870862,0.1065766062182703,0.551764070182334,0.8702463986238375,0.6777973601821868,0.120756259115588,0.0,0.0,0.0,0.0,0.0,0.0,0.0,6.0,0.0,0.0,4,0,0,0,359,22,4,True,0.000905828061968759,0.003148053989984027,0.0008627560736898111,0.0005346371485743016,0.9945487247257832,0.9945487247257832,[0.99454872],0.040034052225009734,False,0.9914006707357991,False,0.9945487247257832,False,0,False,2025-07-25 13:25:48.851583,98,0.2
2015-11-26 02:00:00,0.6130456695226679,0.5809432657449183,0.6916005040467039,0.4294291821071107,0,0,0,3,0.5320447287964657,0.5472666574477206,0.408151559946026,0.6167702840551174,0.470167616954168,0.1098738701595937,0.3267910798743457,0.6634658310150495,0.4898341109273617,0.1382739463079162,0.5244464396617539,0.3683123933068482,0.5195933898521499,0.6109525713974451,0.5609844907561382,0.1057788101435462,0.3683123933068482,0.8114603965480744,0.5914482340299386,0.1098976744297885,0.7222900747524665,0.5975382805874885,0.4820374101699987,0.6382869518906724,0.6234590639363311,0.0850059902232337,0.4440768151760063,0.8329483691296249,0.6761498963266998,0.0371432604244792,0.3885465187975908,0.5233172620086548,0.4765875226688456,0.5401906949603483,0.4696409557803564,0.0972522660639179,0.1879053126554049,0.6426531862081725,0.4854791650976093,0.0920731733689638,0.0,0.0,0.0,0.0,0.0,0.0,0.0,4.0,0.0,0.0,2,3,0,0,356,20,3,True,0.002893085309033071,0.0010979269327407602,0.001095014896605284,0.9945773550189139,0.0003366178427069352,0.9945773550189139,[0.99457736],0.03995737432020551,False,0.9916842697098808,False,0.9945773550189139,False,0,False,2025-07-25 13:25:48.851583,98,0.2
2015-02-13 08:00:00,0.5037437971909825,0.7870794634611891,0.5760979115432936,0.6506121598668416,0,0,0,1,0.6363632126749265,0.5618636202551334,0.5949799748392214,0.6225786584454077,0.6042170578724734,0.1132385710161623,0.383656059729116,0.8086616138805621,0.5821292629393932,0.1103388545033877,0.6129571279146928,0.4100003262899971,0.4878550977454943,0.5344434986980753,0.5933475314135834,0.1166013945588625,0.4100003262899971,0.8645451475409527,0.6894940689784392,0.0753147525071559,0.535203791124335,0.2897129635967947,0.2371362494532485,0.4889060380300645,0.4269088931996991,0.0891918430189603,0.2371362494532485,0.5949332716843845,0.4871324040394856,0.0557605705777498,0.538429346222837,0.4417020868186024,0.3896743049807272,0.304852828659155,0.4442961284469625,0.0990120269358236,0.2843734911104811,0.713764709225473,0.4970281878894735,0.0883015048103327,0.0,0.0,0.0,0.0,0.0,0.0,1.0,1.0,0.0,0.0,8,4,0,1,338,2,1,True,0.0026436042769961187,0.9945807438721497,0.0005033367226005102,0.0017899020354909248,0.0004824130927627362,0.9945807438721497,[0.99458074],0.03992466278187851,False,0.9919371395951535,False,0.9945807438721497,False,0,False,2025-07-25 13:25:48.851583,98,0.2
2015-06-28 11:00:00,0.4600729423451596,0.727344373177534,0.4241055460254156,0.8089083310360411,0,0,0,4,0.553327769629807,0.6935264744570072,0.6098058507817276,0.3849985854645371,0.5825280232853135,0.1008136599884094,0.4250907218552232,0.8503737654785656,0.5601234300653184,0.0847712226926674,0.5465545362488307,0.4029668177981086,0.4742576171474628,0.7239814769653947,0.5979398908602686,0.1364996512064705,0.3176753681138914,0.8101553755301993,0.6332392661027023,0.1724831599121393,0.4029920942005638,0.1859434385227004,0.4131031398839314,0.3090916377992087,0.3862209774448545,0.0974846609396851,0.1859434385227004,0.5613228615993651,0.3868779352995071,0.1137818398237532,0.7662720340718102,0.847001267659753,0.5049450708922094,0.7351571714837811,0.7173668824294692,0.1149075944771995,0.5049450708922094,0.9203724793706066,0.757193645877713,0.0990348197382682,0.0,1.0,0.0,0.0,0.0,0.0,5.0,6.0,0.0,0.0,11,6,1,1,342,5,4,True,0.0010569315309275388,0.0027173656585665696,0.0012080834064850227,0.00039247974160914594,0.9946251396624117,0.9946251396624117,[0.99462514],0.039852341781150866,False,0.9919077740038451,False,0.9946251396624117,False,0,False,2025-07-25 13:25:48.851583,98,0.2
2015-05-14 15:00:00,0.7466904025713447,0.6106500060659166,0.3853727819799123,0.3839257079550466,0,0,0,1,0.4634056842313664,0.6148146454467353,0.5749351148817686,0.9514356852170256,0.6148391906544811,0.1308255992619736,0.3223353981895583,0.945268259654117,0.6028483937022785,0.1430909294580001,0.6144415886843482,0.438237056224907,0.5782044594434124,0.5077298011932498,0.5958701000086074,0.1064127231288669,0.3606887924567073,0.8180123708933671,0.56770180351001,0.0494432807600856,0.4329399601860161,0.4064184099295085,0.4085973373220615,0.4498371189344555,0.38182468859809,0.057360385822473,0.2814023274497662,0.5185149280742682,0.4016023018038435,0.0694285602417393,0.5147659407953262,0.6636637110169169,0.5333551987951226,0.5759352742976721,0.4524833310230613,0.1049395893947433,0.2621124408756899,0.6636637110169169,0.4575436818745594,0.0765817830784747,0.0,0.0,0.0,0.0,0.0,0.0,0.0,1.0,0.0,0.0,15,3,0,1,345,9,1,True,0.0033225116070667374,0.9945556824294873,0.0010417315769183108,0.0005774737051109406,0.0005026006814164012,0.9945556824294873,[0.99455568],0.03966833851094733,False,0.9912331708224206,False,0.9945556824294873,False,0,False,2025-07-25 13:25:48.851583,98,0.2
2015-07-28 12:00:00,0.406547726452512,0.5139703363054686,0.596132163658323,0.5546291784569571,0,0,0,3,0.7861824292675327,0.5722539316252754,0.5118301394663586,0.4467925408140806,0.4572810113933441,0.1254392641912619,0.2494074973047614,0.7861824292675327,0.5043318617910887,0.1453203279847711,0.6336779299137123,0.5915823040387522,0.9460090382907512,0.5173387460469983,0.6164352616770283,0.1247332575575864,0.405018045171541,0.9460090382907512,0.585306500788997,0.10950525532102,0.6672023496573263,0.6451593879233941,0.5592814690023089,0.6126693271672596,0.6344864901501533,0.0941213754232329,0.51185780813231,0.8300002078034654,0.660877656406239,0.1057032459032864,0.3217230666963737,0.5366091517187653,0.4293299617063726,0.4517893808918248,0.4748233323191875,0.1213005292859253,0.2061622545892621,0.747523667995628,0.4980751896776228,0.0947350849536362,0.0,4.0,0.0,0.0,0.0,0.0,0.0,4.0,0.0,0.0,12,1,0,1,342,6,3,True,0.0021530676714666993,0.0017213595017459998,0.0006351192962411666,0.9947178349130791,0.0007726186174671001,0.9947178349130791,[0.99471783],0.03965764386900302,False,0.9925647672416124,False,0.9947178349130791,False,0,False,2025-07-25 13:25:48.851583,98,0.2
2015-08-12 23:00:00,0.6377233050800039,0.4480408222889827,0.3562738477623017,0.4260722138526621,0,0,0,1,0.8181079486313488,0.7566413880620458,0.7322142233422241,0.8339619821248402,0.6545551673467886,0.1417832353159762,0.3955440089103544,0.8974330280880826,0.6968971310059554,0.1328328594405775,0.4437338013997706,0.5400901783901211,0.5297819909949548,0.6081849065742255,0.5644275414559369,0.0966248559006592,0.4049898298629655,0.760437560536664,0.5763265251605915,0.1259638710372971,0.5256822143437336,0.4261087081214169,0.2798986557600251,0.4056139412675388,0.4175284321815823,0.0761259077491815,0.2798986557600251,0.5468681934567383,0.4644798278218687,0.0817891184573126,0.4262396916802724,0.410923247478843,0.285777972492604,0.4451396770001847,0.4503481151866714,0.0891062962177587,0.2795339190029285,0.6133426327132879,0.4017772051200191,0.0330945807189117,0.0,0.0,0.0,0.0,0.0,0.0,0.0,1.0,0.0,0.0,23,2,0,0,353,17,1,True,0.0027720780155158385,0.9946337490931276,0.0015210063981186722,0.000676273533086026,0.000396892960151797,0.9946337490931276,[0.99463375],0.03958759725495569,False,0.9918616710776118,False,0.9946337490931276,False,0,False,2025-07-25 13:25:48.851583,98,0.2
2015-08-12 14:00:00,0.6249179263325059,0.6185627003354996,0.3171013982643608,0.5481855991334149,0,0,0,1,0.6236201748393037,0.3955440089103544,0.4968826299716319,0.6936606434676048,0.599998820023132,0.137731327679909,0.3838396066583226,0.8339619821248402,0.7128079921700264,0.085925492874605,0.6307248967625312,0.7017973679025375,0.5278580809831714,0.6112383400238268,0.5666855503787739,0.1022096694262924,0.4049898298629655,0.7920737466512469,0.5713944579155407,0.0767491233236363,0.479873673372484,0.4550008290048259,0.3741288888882937,0.3844915019377772,0.4039105290576266,0.076412833535661,0.2364091194136379,0.5626101751887358,0.3914590934248261,0.0990960247332575,0.4150114614582033,0.4227919688217786,0.5085825333456107,0.4698981228885373,0.4583449983654047,0.096003792880257,0.2795339190029285,0.5923617406120857,0.486303942335804,0.119440776452915,0.0,0.0,0.0,0.0,0.0,0.0,0.0,1.0,0.0,0.0,14,2,0,1,344,8,1,True,0.003225963854789255,0.9945975224313941,0.0009291262604016564,0.00060011642157928,0.0006472710318355506,0.9945975224313941,[0.99459752],0.039584794518784785,False,0.9913715585766049,False,0.9945975224313941,False,0,False,2025-07-25 13:25:48.851583,98,0.2
2015-10-26 08:00:00,0.27462037163395,0.4664232907139892,0.3759547827245885,0.5246858311909537,0,0,0,2,0.3078039145368497,0.6333125876338405,0.480613452568566,0.4373026620408341,0.4324087371458105,0.1086864883634187,0.2682743457018076,0.6625591545853252,0.4292614422108074,0.1159849288046059,0.1801862407257927,0.4139101108056459,0.2645448731722457,0.2669567678891527,0.2875858741371562,0.100309366514384,0.1271370477055279,0.5107310129352349,0.2973787065242861,0.1591111272568717,0.3905045985584531,0.4937824269528232,0.4463367188930646,0.4010234259665551,0.4176156333680114,0.0665121384290497,0.2736678447545767,0.5473727163131106,0.4401014738462338,0.0626085174007571,0.473693825682548,0.5017990901190474,0.3693522205860056,0.3862137398496519,0.4240700222828579,0.103544627843119,0.2247836208086991,0.7170945757166011,0.4225452473821614,0.0740962991308724,0.0,0.0,0.0,0.0,0.0,0.0,8.0,8.0,0.0,0.0,8,0,0,1,339,2,2,True,0.002399582596560719,0.000727413809285612,0.9947511063940339,0.0015037545913467738,0.0006181426087731273,0.9947511063940339,[0.99475111],0.039308199980027124,False,0.9923515237974732,False,0.9947511063940339,False,0,False,2025-07-25 13:25:48.851583,98,0.2
2015-05-29 06:00:00,0.199596143686873,0.4156273682522904,0.6911453028837777,0.5905810996737796,4,0,0,3,0.5322678326308038,0.3969658854819918,0.5871486170521988,0.5408910503679666,0.3988418029977722,0.1201670749206419,0.0876781641061986,0.5871486170521988,0.4002813645648075,0.1183146257728408,0.3845908047693528,0.6872560836683856,0.4354147242145665,0.7139399946002374,0.5974466293597717,0.117285274771042,0.3845908047693528,0.8187162496014417,0.5328732996398003,0.1099363399866185,0.7072946190398499,0.6398392982331944,0.6964769737176724,0.6276108005136876,0.6396830911511159,0.0887228054270477,0.4606208542934917,0.84241424416301,0.6642843688957132,0.0774441259991286,0.4606738909920362,0.5095407408723989,0.3072315208313293,0.4925976243142559,0.4428973495319073,0.1223689137411711,0.2274704854722991,0.7018520246950589,0.4822318791277613,0.1038387760275743,0.0,0.0,0.0,0.0,0.0,0.0,4.0,4.0,0.0,0.0,6,4,0,0,336,0,3,True,0.0028176388222256486,0.0008796251442697761,0.0010268465017200003,0.9947242109668641,0.0005516785649205516,0.9947242109668641,[0.99472421],0.03920066592886657,False,0.9919065721446385,False,0.9947242109668641,False,0,False,2025-07-25 13:25:48.851583,98,0.2
2015-04-29 18:00:00,0.238948745039964,0.3776787127908331,0.3682480591258831,0.7789119015093601,0,0,0,4,0.5362216190552808,0.4681417574065541,0.5478922605383797,0.228254856828333,0.4665615958853852,0.1576425294375696,0.1065363082926541,0.7529696627027652,0.5087779241490192,0.1716076374782833,0.5104071963787822,0.5466181768138056,0.3832556994654201,0.3605783452648283,0.4133434388966213,0.1031317549425865,0.1830764234788327,0.6081051077744999,0.4057431322743954,0.1204869216282737,0.2803648065024362,0.2033404936877426,0.3537385058461381,0.2781425188742517,0.3942829589687933,0.0865312414056754,0.2033404936877426,0.5836437985777616,0.4241931679567289,0.1020649496162638,0.8585150321836484,0.5094737599351343,0.5895523745931986,0.7024503850764064,0.6745538221964608,0.1061125739253104,0.5094737599351343,0.8585150321836484,0.7130218252346072,0.1037740170866805,0.0,0.0,5.0,0.0,0.0,0.0,0.0,10.0,0.0,0.0,18,2,0,0,350,12,4,True,0.0008713021784717037,0.0004092138202280041,0.0038065738071159415,0.00040567156926223764,0.9945072386249221,0.9945072386249221,[0.99450724],0.039183617165496364,False,0.9907006648178062,False,0.9945072386249221,False,0,False,2025-07-25 13:25:48.851583,98,0.2
2015-07-28 17:00:00,0.4252883577148773,0.7636743341734151,0.4980222442382072,0.4721930215912789,0,0,0,3,0.5052370776241374,0.7861824292675327,0.6187403388581051,0.5587080257441143,0.4595092176896309,0.1141789510551989,0.2707689496202946,0.7861824292675327,0.4499126743402843,0.0355173180472948,0.8600537703019018,0.6336779299137123,0.7134747852313272,0.5085790147929639,0.6358597252121774,0.1282966982653269,0.4167345043423073,0.9460090382907512,0.6444805884049171,0.139830856855764,0.6593015246497234,0.6672023496573263,0.7829471374662091,0.557984386118042,0.6482751850581802,0.090038791681368,0.4980222442382072,0.8300002078034654,0.6214866459982248,0.0691496960634454,0.3790017128094533,0.3217230666963737,0.6626136509929702,0.2061622545892621,0.4635135153512402,0.124317348345545,0.219350942942693,0.747523667995628,0.3877545541402004,0.1129053104540865,0.0,0.0,0.0,0.0,0.0,0.0,0.0,4.0,0.0,0.0,17,1,0,1,347,11,3,True,0.0019079956293594912,0.0020287828511920953,0.0006192556539829244,0.9947810967199185,0.0006628691455468186,0.9947810967199185,[0.9947811],0.03915759357047211,False,0.9927523138687264,False,0.9947810967199185,False,0,False,2025-07-25 13:25:48.851583,98,0.2
2015-08-13 04:00:00,0.5956405190830837,0.4989585423756084,0.4525314155009328,0.5593393045603502,0,0,0,1,0.7714326802746588,0.8181079486313488,0.8974330280880826,0.5677013240608132,0.6875038475842367,0.1173426224192383,0.3955440089103544,0.8974330280880826,0.6493484062538507,0.0624269284762718,0.518060724127761,0.4437338013997706,0.6128499673323105,0.6297072519532791,0.5670253495452741,0.0963336938521431,0.4049898298629655,0.760437560536664,0.5657756781590243,0.1007206146051476,0.3004627538442839,0.5256822143437336,0.32559761155872,0.4220585023924248,0.4006165124140837,0.0885475186729292,0.2169669082565626,0.5468681934567383,0.33776742924352,0.087214690695607,0.4411500783542689,0.4262396916802724,0.6133426327132879,0.4138145520103893,0.4488530978881769,0.093115721486421,0.2633660050385762,0.6133426327132879,0.4279726666692574,0.1053939853313395,0.0,0.0,0.0,0.0,0.0,0.0,0.0,1.0,0.0,0.0,4,3,0,0,358,22,1,True,0.002919053665637776,0.9947080840947515,0.001168594368429911,0.000668035349554696,0.000536232521626307,0.9947080840947515,[0.99470808],0.03912768396258091,False,0.9917890304291137,False,0.9947080840947515,False,0,False,2025-07-25 13:25:48.851583,98,0.2
2015-04-29 11:00:00,0.5156291208417015,0.4100950543064193,0.5008922406780121,0.5746577565058816,0,0,0,4,0.4606290197378945,0.5478922605383797,0.2752491322057627,0.2853562165045143,0.4418803695797683,0.1506742101457535,0.1065363082926541,0.7072782225436555,0.5116273963939749,0.0338075312808107,0.3314636040874435,0.3832556994654201,0.3355490242838693,0.5567842185806338,0.4138168390285279,0.0905289584107687,0.1964975357436878,0.6081051077744999,0.4409846435381498,0.1092553414903367,0.2953108471681475,0.3537385058461381,0.4965321915087302,0.2984767752441764,0.391090148030019,0.0953633904742407,0.2400653861039742,0.6730167768726574,0.4005853076788299,0.090067990650174,0.6364209952274348,0.5895523745931986,0.7788063849290358,0.6316968273996245,0.6759169466177622,0.1295209144132424,0.4757454263053381,0.960345170252691,0.7105354718597412,0.1252035413793982,0.0,3.0,0.0,0.0,0.0,0.0,5.0,10.0,0.0,0.0,11,2,0,1,343,5,4,True,0.001179018453686416,0.0004220582121431754,0.0032516302442757035,0.0005118418041287478,0.994635451285766,0.994635451285766,[0.99463545],0.03908565185369261,False,0.9913838210414904,False,0.994635451285766,False,0,False,2025-07-25 13:25:48.851583,98,0.2
2015-04-30 02:00:00,0.7950127082484236,0.5539858162345099,0.3962980199407632,0.6540863202541193,0,0,0,4,0.4050343925022527,0.4835819360964323,0.4940938812820742,0.3368724580907688,0.4915617944430484,0.1266449405188373,0.2270346223764551,0.7950127082484236,0.4622331535944175,0.1884113946157495,0.6321220145675961,0.4620144344619719,0.414239933466243,0.5077791866057519,0.43039000790895,0.1041109609136545,0.1830764234788327,0.6321220145675961,0.4435334651328946,0.1353067514616423,0.4851075488565763,0.1791032749820289,0.5836437985777616,0.3190397884560392,0.3943292882247379,0.0994663223916147,0.1791032749820289,0.5836437985777616,0.4185117951992803,0.0648278190767673,0.826563089981326,0.8209914643356339,0.6336005030256303,0.5722952519756915,0.6873906226667676,0.1022347894531329,0.5094737599351343,0.8585150321836484,0.6930936041796327,0.0715941674334958,0.0,0.0,0.0,0.0,0.0,0.0,0.0,10.0,0.0,0.0,2,3,0,0,358,20,4,True,0.0008063406049938123,0.0004653631728879584,0.0037167025555339002,0.0004305024719196612,0.9945810911946646,0.9945810911946646,[0.99458109],0.03884963726083601,False,0.9908643886391307,False,0.9945810911946646,False,0,False,2025-07-25 13:25:48.851583,98,0.2
2015-08-27 15:00:00,0.3717074978409073,0.2821896149802074,0.3964815272045109,0.6102730884385247,0,0,0,2,0.3140292023417715,0.3337149273238445,0.2460063263371631,0.4373346425300234,0.461648481846352,0.1359479069632925,0.2460063263371631,0.7109312556744055,0.3650712401032244,0.0957436638438352,0.316026929130653,0.5578489553860808,0.2838103628585977,0.5696832282382092,0.4281054981584156,0.0920941465810333,0.2821896149802074,0.5772050061987464,0.3532182318180039,0.0475837798474783,0.3410563024353792,0.20173981643239,0.1325463385053824,0.484467582737963,0.3731257358116844,0.0931789684861575,0.1325463385053824,0.5226256976617172,0.3935948808288678,0.0566345684521092,0.4142709318467369,0.4632487344881816,0.3645780332681503,0.4002575737576425,0.4467735506663646,0.0918824097179652,0.284793204016659,0.6383358079952323,0.430154468512698,0.1130803238515191,0.0,0.0,0.0,0.0,0.0,0.0,0.0,5.0,0.0,0.0,15,3,0,1,346,9,2,True,0.0025874888125204357,0.0006272341748687455,0.9948399817699785,0.0008483461023640435,0.0010969491402684217,0.9948399817699785,[0.99483998],0.03866151587785793,False,0.992252492957458,False,0.9948399817699785,False,0,False,2025-07-25 13:25:48.851583,98,0.2
2015-06-29 00:00:00,0.8253546660864753,0.5234702394181299,0.4092739283761313,0.7737630157980032,0,0,0,4,0.6526608906305632,0.4888983795461191,0.4769341774413703,0.8503737654785656,0.6035245822544001,0.1104032157551248,0.4250907218552232,0.8253546660864753,0.6364603346398229,0.1144966476667308,0.8206672154184562,0.4985251070662819,0.6322002401956341,0.5825777113570036,0.6284358960459273,0.1217025252671389,0.4029668177981086,0.8206672154184562,0.6727580227741874,0.1121457657044315,0.3092659150145274,0.429135045475311,0.3352183838671337,0.348527973702972,0.3693428401642838,0.0988301991964895,0.1598481752584524,0.5338385648721473,0.4085098033941634,0.082435310735108,0.6965909405338894,0.6216602356652455,0.6280784801379197,0.6955897493905224,0.7413363117481376,0.1015436401114781,0.5724043586973572,0.9203724793706066,0.7615171647809342,0.0680175681442131,0.0,0.0,0.0,0.0,0.0,0.0,0.0,6.0,0.0,0.0,0,0,0,0,355,18,4,True,0.0009664292947076902,0.0031322297875765867,0.000702298017718222,0.00043890814790020804,0.9947601347520973,0.9947601347520973,[0.99476013],0.0384882279592188,False,0.9916279049645208,False,0.9947601347520973,False,0,False,2025-07-25 13:25:48.851583,98,0.2
2015-10-26 12:00:00,0.8450277649182109,0.275208860089914,0.3809443378948397,0.503480762976426,0,0,0,2,0.4420151503302864,0.5467871547122695,0.4266625824632194,0.4249533397798025,0.459441773214931,0.1330322439243239,0.2682743457018076,0.8450277649182109,0.4933130274512327,0.2088521699527387,0.094282785740336,0.1584666062418012,0.4507944229289273,0.2309652105150936,0.2866614806471412,0.111990447041606,0.094282785740336,0.5107310129352349,0.2668846779698942,0.1459486056615429,0.3220168214193666,0.4243574849262517,0.310989343572104,0.3637058601394404,0.4170041980380736,0.0696485575665452,0.2736678447545767,0.5473727163131106,0.3883352480610983,0.0498245621033941,0.3097799781292153,0.370855928930181,0.4317548719683243,0.2247836208086991,0.4140093350968968,0.0751762173273737,0.2619910579235517,0.5533355226125455,0.4496218390535331,0.0793985884755232,0.0,3.0,0.0,0.0,0.0,0.0,0.0,8.0,0.0,0.0,12,0,0,1,343,6,2,True,0.0018645750459840317,0.0018043532708282236,0.994910620495285,0.0007905652604743384,0.0006298859274285515,0.994910620495285,[0.99491062],0.038482900924847,False,0.993046045449301,False,0.994910620495285,False,0,False,2025-07-25 13:25:48.851583,98,0.2
2015-06-29 01:00:00,0.7071420956406317,0.5074399744265012,0.4274285283476643,0.551764070182334,0,0,0,4,0.8253546660864753,0.6008552807534243,0.5498548930088701,0.6068578518338378,0.6077030924130166,0.1124143056793333,0.4250907218552232,0.8253546660864753,0.6541748037876908,0.1160971908423069,0.5234702394181299,0.6751707359516708,0.6491852370918856,0.5678059644493252,0.625920646461643,0.12361876809966,0.4029668177981086,0.8206672154184562,0.6448028958533257,0.1307812410285271,0.4092739283761313,0.3154698583860532,0.4068467856567732,0.2854557776244351,0.3752583714444183,0.0978346995316593,0.1598481752584524,0.5338385648721473,0.4271695817210985,0.0686880849979978,0.7737630157980032,0.795245642951823,0.8649671420895871,0.8374522669377035,0.7294326368833306,0.1064147276515327,0.551764070182334,0.9203724793706066,0.720936902652686,0.1059340854388656,0.0,0.0,0.0,0.0,0.0,0.0,0.0,6.0,0.0,0.0,1,0,0,0,356,19,4,True,0.0009152466268791203,0.0033675658442777717,0.0005772334551247796,0.00041320706684424706,0.994726747006874,0.994726747006874,[0.99472675],0.03836024576708312,False,0.9913591811625962,False,0.994726747006874,False,0,False,2025-07-25 13:25:48.851583,98,0.2
2015-01-29 15:00:00,0.4985798655942653,0.4263106751385369,0.7570683162259664,0.3048113923824891,0,0,0,3,0.3805524232764609,0.2906460621701564,0.347960082445354,0.6214476469620606,0.4210501375030276,0.1145324698926328,0.2172935444607792,0.662948428217918,0.4111297604125658,0.0770372737539511,0.5822706305943008,0.5025908489601856,0.815630334264829,0.6736669821862162,0.6465451590286662,0.1302312507434644,0.3810403049874535,0.961372599281255,0.6053979228394392,0.1016527811966781,0.4767195429274136,0.7441312338372963,0.588360983663768,0.6209714860352906,0.6770311864231188,0.0906851846585719,0.4767195429274136,0.8324998761895785,0.6926073318407666,0.1225729085537511,0.3458470776334803,0.2783935016760899,0.3310429711802128,0.5506212521883783,0.3787831528336713,0.0877654868305697,0.2565133220004311,0.6469328881288335,0.3728460386022174,0.0633973317598507,0.0,0.0,0.0,0.0,0.0,0.0,0.0,4.0,0.0,0.0,15,3,0,1,681,9,3,True,0.0033877522779342958,0.0005627425482716442,0.0008479575474158261,0.994735159142571,0.0004663884838070373,0.994735159142571,[0.99473516],0.038304686429123574,False,0.9913474068646367,False,0.994735159142571,False,0,False,2025-07-25 13:25:48.851583,98,0.2
2015-11-26 04:00:00,0.4281905961736109,0.5230109269937013,0.5231427589996984,0.6877342613049714,0,0,0,3,0.5398731897138126,0.4588515459658994,0.367969460624226,0.3617671086118285,0.4723613109894826,0.1074300466103845,0.3267910798743457,0.6634658310150495,0.5197483559239946,0.1182698618950932,0.7281865456820367,0.5257421654983871,0.633647534411707,0.7063635951567406,0.5649127478961664,0.1048910766060463,0.3683123933068482,0.8114603965480744,0.5771140524681514,0.0772179686720137,0.6366900698323381,0.6299651995481252,0.681709017724752,0.6642847655910624,0.6209631206669307,0.0859715459286274,0.4440768151760063,0.8329483691296249,0.6557465753770836,0.0730289810542855,0.4263284976663059,0.4449079860757063,0.5880833939929474,0.1879053126554049,0.4917062447646269,0.0861188123143826,0.29992028757067,0.6877342613049714,0.5067814390139732,0.1259396449128473,0.0,0.0,0.0,0.0,0.0,0.0,0.0,4.0,0.0,0.0,4,3,0,0,358,22,3,True,0.0020286544943304806,0.0010880275581788396,0.0009078616721897023,0.9949859905983304,0.0009894656769706505,0.9949859905983304,[0.99498599],0.03820839512749204,False,0.9929573361039999,False,0.9949859905983304,False,0,False,2025-07-25 13:25:48.851583,98,0.2
2015-06-28 13:00:00,0.5498548930088701,0.6491852370918856,0.4068467856567732,0.8649671420895871,0,0,0,4,0.4769341774413703,0.4830674558331723,0.6068578518338378,0.6057980941014841,0.5747133266650115,0.10284891360143,0.4250907218552232,0.8503737654785656,0.5351559534253286,0.0556461154673223,0.6322002401956341,0.8095082942024507,0.5678059644493252,0.6038161835852829,0.6068920986817098,0.1338552202383207,0.3176753681138914,0.8101553755301993,0.6447243269838623,0.1132430530990058,0.3352183838671337,0.4107913974838274,0.2854557776244351,0.4575101134132926,0.3874018464873709,0.0931535147359411,0.1859434385227004,0.5613228615993651,0.4110996575524037,0.0683115260628945,0.6280784801379197,0.5724043586973572,0.8374522669377035,0.6783190898502872,0.7202519915286575,0.1199509966129377,0.5049450708922094,0.9203724793706066,0.7694669785227789,0.0827152130634178,0.0,0.0,0.0,0.0,0.0,0.0,0.0,6.0,0.0,0.0,13,6,1,1,344,7,4,True,0.0011056160910695614,0.0025247923762329325,0.0011300189746566716,0.00035258516103219944,0.9948869873970085,0.9948869873970085,[0.99488699],0.03819942228748322,False,0.9923621950207756,False,0.9948869873970085,False,0,False,2025-07-25 13:25:48.851583,98,0.2
2015-08-12 11:00:00,0.7322142233422241,0.5297819909949548,0.2798986557600251,0.285777972492604,0,0,0,1,0.673926544591099,0.5741773270549725,0.8339619821248402,0.6143106032754876,0.5958902991478884,0.1357127285933457,0.3838396066583226,0.8339619821248402,0.6606113564633102,0.1400952113627507,0.580190196836248,0.4834334039212081,0.6081849065742255,0.4051187267465218,0.5695880782668196,0.0984501465466423,0.4049898298629655,0.7920737466512469,0.5714987139179502,0.1003063689211574,0.5271551916950428,0.4057882091836713,0.4056139412675388,0.3230042626901739,0.4142492443567241,0.0827739036720307,0.2364091194136379,0.5733560017747434,0.3913357254014782,0.0904874375363993,0.5909890281055507,0.4089947189936697,0.4451396770001847,0.6342709101576861,0.4428881241387021,0.1041024322537379,0.2497692140171519,0.5923617406120857,0.4702041739368017,0.1210062322435865,0.0,0.0,0.0,0.0,0.0,0.0,1.0,1.0,0.0,0.0,11,2,0,1,341,5,1,True,0.0030402144095993153,0.9948059887772414,0.0011925458188562982,0.00047425481537815986,0.00048699617892488073,0.9948059887772414,[0.99480599],0.03817315373334009,False,0.991765774367642,False,0.9948059887772414,False,0,False,2025-07-25 13:25:48.851583,98,0.2
2015-02-28 12:00:00,0.3789400172918015,0.3245345186525195,0.5250511556199133,0.6948569222964404,0,0,0,4,0.3724788132879578,0.4168316582940109,0.2840111299767961,0.5536924899610162,0.4466489438830645,0.1506701982536044,0.1273786850967674,0.7502632635054881,0.5063937114647575,0.1263042856458393,0.4922380220289189,0.5149475598855522,0.8000236592232863,0.6860317344434386,0.596684476293822,0.1170105695218776,0.3245345186525195,0.8000236592232863,0.5895196776637762,0.1697607601059764,0.4103784474812165,0.3230758251190859,0.3757333009834456,0.3876451825319984,0.4297088280991847,0.094861753283966,0.2122876994227726,0.5936064039403226,0.4108526591132874,0.1388025065350698,0.5690372676123815,0.726913615334818,0.8628752286785283,0.636160555825528,0.6662443580134371,0.0940792351491092,0.4924196034650874,0.8628752286785283,0.6886313653229856,0.0793890699158846,0.0,5.0,0.0,0.0,0.0,0.0,0.0,5.0,0.0,0.0,12,5,1,1,342,6,4,True,0.0016148055292699865,0.0007272684137515526,0.0017550378273532518,0.0008746898573725956,0.9950281983722525,0.9950281983722525,[0.9950282],0.03789109419631843,False,0.9932731605448993,False,0.9950281983722525,False,0,False,2025-07-25 13:25:48.851583,98,0.2
2015-10-26 09:00:00,0.4997321189233624,0.4109019771416887,0.384033326437771,0.4802177864567649,0,0,0,2,0.27462037163395,0.4417319115051351,0.4501691350907076,0.2719805833514163,0.4418983844613082,0.1039078347403192,0.2682743457018076,0.6625591545853252,0.4389281434471786,0.1195930194820689,0.4664232907139892,0.3099984822870973,0.2723667659666457,0.2286396963951879,0.2951801358349271,0.1025274828848359,0.1271370477055279,0.5107310129352349,0.314195955666718,0.1658994328524474,0.3759547827245885,0.4812320340557812,0.4532563279946322,0.4319890544492112,0.4156174780342014,0.0667813557536452,0.2736678447545767,0.5473727163131106,0.4239016892432321,0.062412255686153,0.5246858311909537,0.3350866638505184,0.413650983672565,0.5060283863797436,0.4229945806194004,0.1027876471073051,0.2247836208086991,0.7170945757166011,0.4467337678165359,0.0626385161535364,0.0,3.0,0.0,0.0,0.0,0.0,5.0,8.0,0.0,0.0,9,0,0,1,340,3,2,True,0.002429809795826636,0.0005993494871203407,0.9949533022551785,0.0014628552274948074,0.000554683234379777,0.9949533022551785,[0.9949533],0.03781534204348614,False,0.9925234924593519,False,0.9949533022551785,False,0,False,2025-07-25 13:25:48.851583,98,0.2
2015-02-28 14:00:00,0.4132722453834697,0.4576837347765857,0.4608867206772797,0.6366700320206812,0,0,0,4,0.44928101088328,0.4842761330700588,0.5783095241915418,0.4809852485894857,0.4417866730342608,0.150194842794321,0.1273786850967674,0.7502632635054881,0.4592875875931919,0.1039401211032864,0.666053086457731,0.7186919686235238,0.5926349671132161,0.5226278177895829,0.5917830174172358,0.1175987272106122,0.3245345186525195,0.8000236592232863,0.5663972370866236,0.1704969960698577,0.4669538844884255,0.2797277236821425,0.523217819834539,0.5009720778021522,0.4334313068618738,0.0921771516657319,0.2122876994227726,0.5936064039403226,0.4392167571841294,0.1228506509466369,0.5207143853644028,0.6668006106418877,0.7264406141332048,0.621039549378365,0.6634478231372724,0.0976799432188336,0.4924196034650874,0.8628752286785283,0.6429668752829338,0.0934391448878615,0.0,0.0,0.0,0.0,0.0,0.0,0.0,5.0,0.0,0.0,14,5,1,1,344,8,4,True,0.0017847565124169246,0.0005414383279200457,0.0016795678065406653,0.0009716237625880332,0.9950226135905342,0.9950226135905342,[0.99502261],0.03780290714932489,False,0.9932378570781173,False,0.9950226135905342,False,0,False,2025-07-25 13:25:48.851583,98,0.2
2015-06-28 17:00:00,0.6432281826941711,0.5381025275544986,0.1598481752584524,0.6217648884429673,0,0,0,4,0.7555105021074723,0.4600729423451596,0.6935264744570072,0.4951491864106524,0.6064806179642249,0.1169790711291886,0.4250907218552232,0.8503737654785656,0.6569253258613396,0.122168450039406,0.5865838303724755,0.727344373177534,0.4029668177981086,0.7955387714520326,0.5929415890806762,0.128216587373292,0.3176753681138914,0.8101553755301993,0.6134415926845918,0.0723699827490244,0.448734185890855,0.4241055460254156,0.1859434385227004,0.3144610350712465,0.3768120841894031,0.1063548135747779,0.1598481752584524,0.5613228615993651,0.33719055749409,0.1078325808672036,0.7947178820037618,0.8089083310360411,0.847001267659753,0.5667231276661634,0.7197637906537803,0.1092426118350666,0.5049450708922094,0.9203724793706066,0.693618740143763,0.1099497366852243,0.0,0.0,1.0,0.0,0.0,0.0,0.0,6.0,0.0,0.0,17,6,1,1,348,11,4,True,0.0009677245348523893,0.002674438449459275,0.0010067434187128641,0.0004109465412269531,0.9949401470557485,0.9949401470557485,[0.99494015],0.03775873940824098,False,0.9922657086062893,False,0.9949401470557485,False,0,False,2025-07-25 13:25:48.851583,98,0.2
2015-06-14 01:00:00,0.2998336315193385,0.388873237831813,0.2940199598907215,0.7283624253586297,0,0,0,2,0.3573199168616222,0.4525426413740724,0.529858350766489,0.492097362759243,0.4452939883522406,0.0924066872557753,0.2980598130141886,0.6076664178606738,0.410974354122987,0.0915528770338355,0.3080394646182057,0.3419558047506197,0.5310699444600586,0.3508425128097542,0.4757715643527131,0.1209517043073228,0.2646524812588769,0.7048261817569759,0.3834582382164826,0.0683914283775881,0.4541506056470624,0.4129593938308123,0.4443641840260055,0.3146619731671843,0.3882963012497247,0.0933473353971712,0.1494918488552842,0.5716502583424687,0.3820177272302077,0.0826295839309087,0.9258431208373292,0.6011270313933249,0.5880420883416443,0.4256226987632169,0.641443288938968,0.1696920112504672,0.2144279778833715,0.9816728501764714,0.7803771665159219,0.1880161760187404,0.0,0.0,0.0,0.0,0.0,0.0,0.0,5.0,0.0,0.0,1,6,1,0,356,19,2,True,0.0009534581374296932,0.0003565759482507129,0.9947858261005896,0.00045128438124801703,0.0034528554324818436,0.9947858261005896,[0.99478583],0.03771222278329966,False,0.9913329706681078,False,0.9947858261005896,False,0,False,2025-07-25 13:25:48.851583,98,0.2
2015-01-29 20:00:00,0.2228673862317595,0.4727345310597148,0.7291327286792935,0.538514967512116,0,0,0,3,0.4449885578732221,0.3805524232764609,0.2976934419342919,0.3964452355812772,0.4099228413027214,0.111805239528973,0.2172935444607792,0.662948428217918,0.4195644326958823,0.1105148541806177,0.536569167946175,0.5822706305943008,0.7836914063196365,0.7169595799215074,0.6171718315128225,0.118109318415618,0.3810403049874535,0.815630334264829,0.5825727132755841,0.1349266216950085,0.6282575246834357,0.4767195429274136,0.7640018542137279,0.5775990395590449,0.6768292261268462,0.0898124421930222,0.4767195429274136,0.8324998761895785,0.6847461501088995,0.0617359998401694,0.5018053035259188,0.3458470776334803,0.3267295163922035,0.4835455328735826,0.3920401920137724,0.0962177950073805,0.2565133220004311,0.6469328881288335,0.4195540915062261,0.0996929231017495,0.0,0.0,0.0,0.0,0.0,0.0,0.0,4.0,0.0,0.0,20,3,0,0,686,14,3,True,0.002871133338869199,0.000537656580814318,0.0013153230657778137,0.9948959500150096,0.00037993699952909885,0.9948959500150096,[0.99489595],0.03766113788988479,False,0.9920248166761404,False,0.9948959500150096,False,0,False,2025-07-25 13:25:48.851583,98,0.2
2015-05-30 03:00:00,0.0493816304734572,0.8227817717389403,0.7910738641536319,0.3356096140372991,0,0,0,3,0.213495974386768,0.3424521020672516,0.4148475116325977,0.4379541764082312,0.3982981404929808,0.1492921471672108,0.0493816304734572,0.6114692265980147,0.4118975548468719,0.2266653610940354,0.5413766574316059,0.5872778550679569,0.5026918469967714,0.5839089052107433,0.5768747607677669,0.1280620491266514,0.3845908047693528,0.8527770761586795,0.7089074509933093,0.1351149814170036,0.5434625391864647,0.6578268751966305,0.7986327970845379,0.5465241236513636,0.6334271057588592,0.1102197867357858,0.350071524993008,0.8215818222150477,0.6308744152227478,0.1728340940296912,0.3819718198369592,0.3994961616846618,0.5950025899431494,0.3051074998559664,0.4473733422236907,0.1224312902024112,0.2168364561912094,0.6969383990157249,0.3713240564108469,0.0694975489387641,0.0,0.0,0.0,0.0,0.0,0.0,0.0,4.0,0.0,0.0,3,5,1,0,357,21,3,True,0.0032799466030315433,0.00046908449153664145,0.0008151712320678726,0.9948516591481856,0.0005841385251782104,0.9948516591481856,[0.99485166],0.03763824683207327,False,0.9915717125451541,False,0.9948516591481856,False,0,False,2025-07-25 13:25:48.851583,98,0.2
2015-08-28 01:00:00,0.6973508558389893,0.3029393159206616,0.2911567974070275,0.3227500513642842,0,0,0,2,0.3626085632269985,0.5742986507798539,0.2508044087216668,0.5574723767121016,0.4350701976449374,0.1425296389172069,0.23424419130066,0.7109312556744055,0.403889272728084,0.1742127073641577,0.2878425730661277,0.5154766886400708,0.4098156189410931,0.3661249396287124,0.4059539619066672,0.0967959246842666,0.2821896149802074,0.5578489553860808,0.4086742086993473,0.1041972860890734,0.438406711800825,0.4892038179022346,0.4499495024295125,0.5226256976617172,0.3618886685480105,0.0963262839001644,0.1325463385053824,0.5040760398356008,0.3512290693100943,0.0794129383871697,0.5087002495118069,0.4535943954567856,0.5022767579889105,0.3632742136310305,0.4621029416957665,0.0952877877879097,0.284793204016659,0.7360034216270802,0.4327972883587412,0.0766724989930315,0.0,0.0,0.0,0.0,0.0,0.0,0.0,5.0,0.0,0.0,1,4,0,0,356,19,2,True,0.001994215858019846,0.0006425238945700087,0.9950443756441495,0.0007780192747686765,0.0015408653284918435,0.9950443756441495,[0.99504438],0.03761237846161851,False,0.9930501597861296,False,0.9950443756441495,False,0,False,2025-07-25 13:25:48.851583,98,0.2
2015-04-29 10:00:00,0.4606290197378945,0.3314636040874435,0.2953108471681475,0.6364209952274348,0,0,0,4,0.5400582429874136,0.5478922605383797,0.7072782225436555,0.4391842721365017,0.4322856652323856,0.1530862269976965,0.1065363082926541,0.7072782225436555,0.5170045863434213,0.0369875314095357,0.3699157642283204,0.3832556994654201,0.5290542106702418,0.3838490597234132,0.4199288875399535,0.0951030497837508,0.1964975357436878,0.6081051077744999,0.4365114177313167,0.1113032380364418,0.4287433142199597,0.3537385058461381,0.3771291198146251,0.4403187032974903,0.3826561703036091,0.0941736655068753,0.2400653861039742,0.6730167768726574,0.3760596852068509,0.0762696791486897,0.777685655368919,0.5895523745931986,0.707366536486406,0.7530510804292,0.6782935745716682,0.1280975820175993,0.4757454263053381,0.960345170252691,0.7130179082076274,0.1220793309473858,0.0,2.0,0.0,0.0,0.0,0.0,8.0,10.0,0.0,0.0,10,2,0,1,342,4,4,True,0.0009842273699224933,0.0003529387988341903,0.00342655185353003,0.00043084319463893977,0.9948054387830744,0.9948054387830744,[0.99480544],0.037589812175778975,False,0.9913788869295443,False,0.9948054387830744,False,0,False,2025-07-25 13:25:48.851583,98,0.2
2015-08-12 18:00:00,0.7745356712319659,0.760437560536664,0.5468681934567383,0.3919412733285792,0,0,0,1,0.7566413880620458,0.815077782819965,0.6609355634202324,0.6142798057318973,0.6456149341523266,0.1454507165354842,0.3955440089103544,0.8974330280880826,0.7469924743533357,0.1067234639435024,0.5400901783901211,0.4366154446390242,0.5797413799860089,0.6904114209404986,0.5649189061557777,0.0946147447622862,0.4049898298629655,0.760437560536664,0.6025720699877661,0.1023923249474063,0.4261087081214169,0.4179994738336217,0.4076562343477714,0.4556719017767097,0.3998791680181928,0.0759816421889453,0.2364091194136379,0.5468681934567383,0.4221087935564262,0.0888633573061428,0.410923247478843,0.4854978522129655,0.5253913575065146,0.4970470102484869,0.4671939431305766,0.092433909778445,0.2795339190029285,0.6133426327132879,0.482711831822397,0.0899933507477131,0.0,0.0,1.0,0.0,0.0,0.0,0.0,1.0,0.0,0.0,18,2,0,0,348,12,1,True,0.003185340200661816,0.9948889416381591,0.0006596010965595457,0.0007421196099685466,0.0005239974546511422,0.9948889416381591,[0.99488894],0.03754795920859305,False,0.9917036014374973,False,0.9948889416381591,False,0,False,2025-07-25 13:25:48.851583,98,0.2
2015-04-29 19:00:00,0.3439778386941722,0.4027947576776569,0.5306615074063092,0.6067479295215986,0,0,0,4,0.238948745039964,0.5981529953874697,0.5229993395108242,0.3830077074293493,0.4649353513547528,0.1587394496531637,0.1065363082926541,0.7529696627027652,0.4664153980334696,0.1764367134686503,0.3776787127908331,0.5039210009347423,0.5430726313667957,0.3918266951879792,0.413800441500358,0.1030565370721308,0.1830764234788327,0.6081051077744999,0.3888887583982146,0.1106805049887419,0.3682480591258831,0.4620446775517501,0.5022736796206217,0.3476214164430886,0.4019096294255941,0.0902272263138421,0.2033404936877426,0.5836437985777616,0.4356293062658221,0.1106384460039393,0.7789119015093601,0.7495311312614384,0.8270203788704064,0.6239718306962349,0.6738361596475176,0.1065269800903159,0.5094737599351343,0.8585150321836484,0.689224624944634,0.1099168814560759,0.0,0.0,0.0,0.0,0.0,0.0,0.0,10.0,0.0,0.0,19,2,0,0,351,13,4,True,0.0007700422047118107,0.0003149818472752726,0.003636388717248054,0.0004949960714177201,0.994783591159347,0.994783591159347,[0.99478359],0.03745509281934143,False,0.991147202442099,False,0.994783591159347,False,0,False,2025-07-25 13:25:48.851583,98,0.2
2015-04-14 06:00:00,0.3165597476031611,0.499348895893263,0.67202294731851,0.4500819326838646,4,0,0,3,0.3534237637021314,0.5016443935506135,0.4170771686236482,0.2600348867318559,0.4390731083908707,0.1032622220411943,0.2897987441831454,0.6344829110397042,0.4768186846763371,0.1470167419569286,0.643132082963394,0.5695531647675203,0.5633142856187605,0.6411856758483616,0.597751091234121,0.1072363865369441,0.3392115120999694,0.8062723183553362,0.5822796858490765,0.0989114446397109,0.6526153950672207,0.6210132760161948,1.0,0.5740789222837321,0.6572521104376179,0.1090546650726273,0.5033110219903683,1.0,0.6702936844607836,0.0556757999243274,0.5438130557204571,0.4265012133120328,0.6534505245169367,0.2906994767079947,0.4430464937603798,0.0905892612973161,0.2649289492893099,0.6534505245169367,0.4302916526663323,0.0707019999970214,0.0,0.0,0.0,0.0,0.0,0.0,4.0,4.0,0.0,0.0,6,1,0,0,336,0,3,True,0.0026528834792223137,0.0008553296278812116,0.000998313147466757,0.9950759776174528,0.00041749612797687893,0.9950759776174528,[0.99507598],0.03683756323248506,False,0.9924230941382305,False,0.9950759776174528,False,0,False,2025-07-25 13:25:48.851583,98,0.2
2015-07-28 15:00:00,0.4742684946614356,0.5650115941352889,0.6516021396201814,0.3356182481246562,0,0,0,3,0.4510739375224465,0.4323126175736677,0.4000037467831684,0.5088073288203107,0.4544088046775418,0.1233488948436707,0.2494074973047614,0.7861824292675327,0.4930082726773404,0.1461388714282327,0.5275424207986528,0.6204922602901088,0.7446178596814663,0.6438142634620818,0.6164577366579113,0.1178306488664792,0.4167345043423073,0.9460090382907512,0.6022152232967045,0.0835975705986629,0.6966707232652389,0.5127833299257176,0.7274745792575668,0.51185780813231,0.6448395620351909,0.0906248311491406,0.5127833299257176,0.8300002078034654,0.6781331107603683,0.0819144407005366,0.229950231452378,0.5404520204184459,0.219350942942693,0.5332500009635196,0.4531560493292181,0.1345515880973238,0.2061622545892621,0.747523667995628,0.3859000306999807,0.1248397704625497,0.0,0.0,0.0,0.0,0.0,0.0,0.0,4.0,0.0,0.0,15,1,0,1,345,9,3,True,0.002351142785849769,0.0014320591850728683,0.0005987212645083454,0.9951221514063209,0.0004959253582480313,0.9951221514063209,[0.99512215],0.036691576026692437,False,0.9927710086204711,False,0.9951221514063209,False,0,False,2025-07-25 13:25:48.851583,98,0.2
2015-08-13 05:00:00,0.5186860913920267,0.8228281343597372,0.2505270917906689,0.5039082948360321,0,0,0,1,0.5956405190830837,0.6377233050800039,0.7566413880620458,0.5741773270549725,0.6851917127649472,0.1201849887836882,0.3955440089103544,0.8974330280880826,0.6295088706391878,0.0825366118788783,0.4989585423756084,0.4480408222889827,0.5400901783901211,0.4834334039212081,0.5811667966468795,0.1077622326065732,0.4049898298629655,0.8228281343597372,0.6282402301708168,0.1261164211639936,0.4525314155009328,0.3562738477623017,0.4261087081214169,0.4057882091836713,0.3941472991893753,0.0936763440310926,0.2169669082565626,0.5468681934567383,0.3201429699149145,0.0932058698992649,0.5593393045603502,0.4260722138526621,0.410923247478843,0.4089947189936697,0.452807830214942,0.0933645009995958,0.2633660050385762,0.6133426327132879,0.4409453468331524,0.1098110431973755,0.0,0.0,0.0,0.0,0.0,0.0,0.0,1.0,0.0,0.0,5,3,0,0,359,23,1,True,0.0032441716062699996,0.9949959800433567,0.0007508668658335971,0.0003990913881578377,0.0006098900963820663,0.9949959800433567,[0.99499598],0.03662339898987401,False,0.9917518084370867,False,0.9949959800433567,False,0,False,2025-07-25 13:25:48.851583,98,0.2
2015-10-26 13:00:00,0.438110171397493,0.1565658043464931,0.3693520279218452,0.42512741378575,0,0,0,2,0.8450277649182109,0.3078039145368497,0.3847383584470897,0.2682743457018076,0.4665182659522512,0.1267919388036403,0.27462037163395,0.8450277649182109,0.5150307369280066,0.1917810811224828,0.275208860089914,0.1801862407257927,0.2458749080453096,0.2832076031414972,0.2813847390306827,0.1151006147623678,0.094282785740336,0.5107310129352349,0.2629479385733442,0.1490406822496806,0.3809443378948397,0.3905045985584531,0.4501357701853541,0.4181070198674621,0.4149727400403395,0.0703227545330904,0.2736678447545767,0.5473727163131106,0.3848098196216636,0.0503855527610057,0.503480762976426,0.473693825682548,0.2619910579235517,0.3822217078974342,0.4157970728422433,0.0748970650928036,0.2619910579235517,0.5533355226125455,0.4415274370707334,0.07892791588241,0.0,0.0,0.0,0.0,0.0,0.0,0.0,8.0,0.0,0.0,13,0,0,1,344,7,2,True,0.0017766819658444873,0.0014291810563756887,0.995270825790652,0.0009083711124121983,0.0006149400747154542,0.995270825790652,[0.99527083],0.03624074426632455,False,0.9934941438248075,False,0.995270825790652,False,0,False,2025-07-25 13:25:48.851583,98,0.2
2015-04-29 23:00:00,0.3789545224607343,0.4267644038939402,0.3615015797276086,0.6545120480828498,0,0,0,4,0.496062959870165,0.5362216190552808,0.5156291208417015,0.2752491322057627,0.4677882108968053,0.1183077728068589,0.2108226469444255,0.7529696627027652,0.402137619711657,0.1007860771297678,0.4340343988031713,0.5104071963787822,0.4100950543064193,0.3355490242838693,0.4192370643462496,0.0978609398718536,0.1830764234788327,0.6081051077744999,0.4110187928632148,0.0370942961853623,0.5141125583090602,0.2803648065024362,0.5008922406780121,0.4965321915087302,0.3937633951554201,0.1017707256333943,0.1791032749820289,0.5836437985777616,0.3865679417765981,0.1276465620837509,0.7208747310116671,0.8585150321836484,0.5746577565058816,0.7788063849290358,0.667574283250226,0.1067501381811999,0.5094737599351343,0.8585150321836484,0.702829381965456,0.0851491428083567,0.0,0.0,0.0,0.0,0.0,0.0,0.0,10.0,0.0,0.0,23,2,0,0,355,17,4,True,0.0007709482985329926,0.000269149860748148,0.003451017429176225,0.0005089721854771728,0.9949999122260655,0.9949999122260655,[0.99499991],0.03614982597495119,False,0.9915488947968893,False,0.9949999122260655,False,0,False,2025-07-25 13:25:48.851583,98,0.2
2015-10-26 11:00:00,0.4420151503302864,0.094282785740336,0.3220168214193666,0.3097799781292153,0,0,0,2,0.5906788443647365,0.5467871547122695,0.3654459897627838,0.4553796436460379,0.4419386721674973,0.104715885214481,0.2682743457018076,0.6625591545853252,0.4436062590835757,0.1283961006225398,0.1743049134076444,0.1584666062418012,0.1271370477055279,0.2501432621962441,0.2848179952481903,0.1125499183404795,0.094282785740336,0.5107310129352349,0.2474276356618754,0.1522620798293242,0.4765576213315712,0.4243574849262517,0.4179842102137682,0.4106704341325776,0.4162859281315987,0.0701238697699232,0.2736678447545767,0.5473727163131106,0.3955707725663336,0.051655191511528,0.4058728498852909,0.370855928930181,0.3906225918252428,0.7170945757166011,0.4023969541732415,0.0819725726007072,0.2247836208086991,0.5533355226125455,0.4275177000458257,0.0798653947630924,0.0,2.0,0.0,0.0,0.0,0.0,3.0,8.0,0.0,0.0,11,0,0,1,342,5,2,True,0.002286609815229776,0.0006066229893896356,0.9952540077831755,0.001287374772853802,0.0005653846393512335,0.9952540077831755,[0.99525401],0.03592810915221597,False,0.9929673979679458,False,0.9952540077831755,False,0,False,2025-07-25 13:25:48.851583,98,0.2
2015-08-27 13:00:00,0.2508044087216668,0.4098156189410931,0.4499495024295125,0.5022767579889105,0,0,0,2,0.3072734096413733,0.5471402766431109,0.5574723767121016,0.4568914642054081,0.4723573621893583,0.1310419283083378,0.2460063263371631,0.7109312556744055,0.3928968163089854,0.1124357564429775,0.364776906555376,0.3949364680463232,0.3661249396287124,0.5873236627388769,0.4523628934808565,0.0933633443014377,0.2838103628585977,0.6107108036112334,0.4178550337834871,0.0739183134687143,0.438387972672899,0.2583641860009673,0.5226256976617172,0.4258077534797349,0.3777202892695137,0.0955773215111182,0.1325463385053824,0.5226256976617172,0.3837822249120206,0.1062476305138786,0.284793204016659,0.4626688527424299,0.3632742136310305,0.3893036617223266,0.4330782143171153,0.0901453737208103,0.284793204016659,0.6383358079952323,0.4047830450207471,0.0760505910308351,0.0,0.0,0.0,0.0,0.0,0.0,0.0,5.0,0.0,0.0,13,3,0,1,344,7,2,True,0.002570944029881784,0.0007518032648341507,0.9952521902161733,0.0005655596389033854,0.0008595028502074121,0.9952521902161733,[0.99525219],0.03577249460720097,False,0.9926812461862915,False,0.9952521902161733,False,0,False,2025-07-25 13:25:48.851583,98,0.2
2015-06-28 12:00:00,0.4769341774413703,0.6322002401956341,0.3352183838671337,0.6280784801379197,0,0,0,4,0.4600729423451596,0.6935264744570072,0.8503737654785656,0.6085436952360032,0.5770442933772038,0.1028949648005598,0.4250907218552232,0.8503737654785656,0.5240247138960457,0.0587131614355599,0.727344373177534,0.4029668177981086,0.5825777113570036,0.4627163059876488,0.6050017214522679,0.1335519841350767,0.3176753681138914,0.8101553755301993,0.6714448365022898,0.1318862295584189,0.4241055460254156,0.1859434385227004,0.348527973702972,0.2562141990902219,0.3895128184772258,0.0941816913441916,0.1859434385227004,0.5613228615993651,0.4117570928569127,0.0682813850812051,0.8089083310360411,0.847001267659753,0.6955897493905224,0.7454839139967021,0.71247498935202,0.1161509302339391,0.5049450708922094,0.9203724793706066,0.720706514624074,0.099656339702101,0.0,5.0,0.0,0.0,0.0,0.0,0.0,6.0,0.0,0.0,12,6,1,1,343,6,4,True,0.000914591873522109,0.0021810517977495347,0.0012962074983183614,0.0003150094207501404,0.9952931394096599,0.9952931394096599,[0.99529314],0.035618051289141285,False,0.9931120876119104,False,0.9952931394096599,False,0,False,2025-07-25 13:25:48.851583,98,0.2
2015-03-01 00:00:00,0.436413693723373,0.6800843306852817,0.3888957579032778,0.5302534424232127,0,0,0,4,0.4905314218594264,0.3529828380944438,0.3789400172918015,0.2840111299767961,0.4527038557209539,0.1256337884328336,0.2223051847954066,0.7502632635054881,0.3750550675622899,0.1306725978567672,0.5165870833153388,0.6868968493704144,0.3245345186525195,0.8000236592232863,0.591065942829599,0.1130891374816702,0.3245345186525195,0.7870777300850731,0.6307247064779465,0.0723286567093791,0.3345630540125548,0.4504398151279118,0.5250511556199133,0.3757333009834456,0.4105221009159847,0.0931257042691602,0.2122876994227726,0.5597426354151684,0.4211851470331898,0.075805102186373,0.6929713245417927,0.7792636520899122,0.6948569222964404,0.8628752286785283,0.6562428930039088,0.1274059722712264,0.3498720436400689,0.8849552173773639,0.5516494425103369,0.1771558941479417,0.0,0.0,0.0,0.0,0.0,0.0,0.0,9.0,0.0,0.0,0,6,1,0,354,8,4,True,0.0017970908688364287,0.0006681430918841903,0.0015995798751611008,0.0005888371311619113,0.9953463490329565,0.9953463490329565,[0.99534635],0.03556558200954808,False,0.9935492581641201,False,0.9953463490329565,False,0,False,2025-07-25 13:25:48.851583,98,0.2
2015-05-30 04:00:00,0.5554164970031684,0.6214062679175691,0.6020319730826853,0.3661072360438336,0,0,0,3,0.0493816304734572,0.4912583037726169,0.2988258105007572,0.4915735829329469,0.4009582619125733,0.1515776999229158,0.0493816304734572,0.6114692265980147,0.4225905870519638,0.2325938272012478,0.8227817717389403,0.5879671160054609,0.489375589893029,0.6641608152317833,0.5750933212963413,0.1270887175570599,0.3845908047693528,0.8527770761586795,0.7144806429786609,0.1297103084691683,0.7910738641536319,0.6210343083462495,0.5266698631555364,0.7657384077013896,0.6266060043164132,0.1066844081070732,0.350071524993008,0.8215818222150477,0.627707359345487,0.1732241308842417,0.3356096140372991,0.4583019247579321,0.629294116908144,0.5461687601469912,0.4398707787193924,0.1216283364556269,0.2168364561912094,0.6969383990157249,0.3559582749584972,0.0551270690988922,0.0,0.0,0.0,0.0,0.0,0.0,0.0,4.0,0.0,0.0,4,5,1,0,358,22,3,True,0.0029095188910551197,0.0005307598498982669,0.0007788258075467949,0.9952165643714667,0.0005643310800332816,0.9952165643714667,[0.99521656],0.03556119917178835,False,0.9923070454804115,False,0.9952165643714667,False,0,False,2025-07-25 13:25:48.851583,98,0.2
2015-08-13 02:00:00,0.6421253280357563,0.7315624335044126,0.2860522935880769,0.51233154611062,0,0,0,1,0.6364725821337293,0.6128817856900793,0.6249179263325059,0.4968826299716319,0.6750635072001542,0.122776940120092,0.3955440089103544,0.8974330280880826,0.6971027025397308,0.1011360686829741,0.6136002200308861,0.5228279567570713,0.6185627003354996,0.5278580809831714,0.5787951013402527,0.0972620089817726,0.4049898298629655,0.760437560536664,0.5762812494497869,0.1124191506927684,0.2169669082565626,0.49512101988388,0.3171013982643608,0.3741288888882937,0.4025637335916072,0.0855937488179019,0.2169669082565626,0.5468681934567383,0.3823910650542265,0.1196435925447746,0.3655768520990673,0.3779450054420991,0.5481855991334149,0.5085825333456107,0.4466854143946572,0.0922265488270315,0.2633660050385762,0.6133426327132879,0.404950962431601,0.0836636161459407,0.0,0.0,0.0,0.0,0.0,0.0,0.0,1.0,0.0,0.0,2,3,0,0,356,20,1,True,0.002755969405365275,0.995243927154633,0.0011434927447921033,0.0003938801368177036,0.00046273055839210194,0.995243927154633,[0.99524393],0.03537485304167408,False,0.9924879577492677,False,0.995243927154633,False,0,False,2025-07-25 13:25:48.851583,98,0.2
2015-06-13 21:00:00,0.3472175735433432,0.3830473939276893,0.305950350347153,0.5311984584383402,0,0,0,2,0.543690537628848,0.4499440116072818,0.6076664178606738,0.5805101641380065,0.4647166579440538,0.1012620908721422,0.2980598130141886,0.6283321249511943,0.4558564040492863,0.0720353457741417,0.4492537434235767,0.4844433757116446,0.4202301549538763,0.5007026629453715,0.4941650843929834,0.1116871328665635,0.2646524812588769,0.7048261817569759,0.4782763136090282,0.1119679017797846,0.492865176688612,0.4636903251323956,0.4202835496791034,0.4244364600875756,0.390387877000393,0.0919407350383312,0.1494918488552842,0.5716502583424687,0.4177839625401904,0.1001005452480227,0.6006913125492758,0.4628026383294804,0.4369801254338099,0.3099591839036036,0.5591816276116935,0.152599677202749,0.1935608304434668,0.864390986321813,0.6459154820105913,0.1392955427790428,0.0,0.0,0.0,0.0,0.0,0.0,0.0,5.0,0.0,0.0,21,5,1,0,352,15,2,True,0.001416254321724559,0.0004311572533406469,0.9953677450879852,0.0005987807510943201,0.002186062585855268,0.9953677450879852,[0.99536775],0.03508720526503936,False,0.9931816825021299,False,0.9953677450879852,False,0,False,2025-07-25 13:25:48.851583,98,0.2
2015-07-29 03:00:00,0.4819432323611058,0.5230020681351699,0.7025376830260004,0.2482900790564208,0,0,0,3,0.5003085904976673,0.4789894473334205,0.4742684946614356,0.4000037467831684,0.4707061361296729,0.1006997917181809,0.330167056549573,0.7861824292675327,0.4401260545836807,0.0918540934386159,0.737054909361301,0.5729311962748869,0.5650115941352889,0.7446178596814663,0.6045541198120588,0.1391255894494551,0.2913505497140738,0.8600537703019018,0.5173299768013851,0.1787142919790339,0.5720019152107443,0.734568173857397,0.6516021396201814,0.7274745792575668,0.6487387063650917,0.0988279452583476,0.4894954148147978,0.8538628183314754,0.6349795675170423,0.1303730664355835,0.3440532752640696,0.5330420120808472,0.3356182481246562,0.219350942942693,0.4846699858641016,0.1435828288281332,0.229950231452378,0.77160970449412,0.4500067564948127,0.1726234223131512,0.0,0.0,0.0,0.0,0.0,0.0,0.0,4.0,0.0,0.0,3,2,0,0,357,21,3,True,0.0016648782288377203,0.0013187282828463023,0.0010753381256485932,0.9954428030883997,0.0004982522742677989,0.9954428030883997,[0.9954428],0.035082272385702606,False,0.993777924859562,False,0.9954428030883997,False,0,False,2025-07-25 13:25:48.851583,98,0.2
2015-08-13 03:00:00,0.7714326802746588,0.518060724127761,0.3004627538442839,0.4411500783542689,0,0,0,1,0.6421253280357563,0.835491028441674,0.8048066575661103,0.500803706078952,0.6863397144583088,0.1184271822517373,0.3955440089103544,0.8974330280880826,0.6864263111785616,0.0858279986861951,0.7315624335044126,0.6363188928481742,0.4527671165694703,0.6697860576295758,0.5724732124443437,0.0960135368048307,0.4049898298629655,0.760437560536664,0.5565715546630514,0.1101313813087261,0.2860522935880769,0.495053769865722,0.4371031765648372,0.3776689752133527,0.3993468077012294,0.0879874399688805,0.2169669082565626,0.5468681934567383,0.3499592290506535,0.1088865146728429,0.51233154611062,0.4361194658084084,0.5168667768220536,0.5346504270597578,0.4427895665319285,0.0903039477337198,0.2633660050385762,0.6133426327132879,0.4057893978559111,0.0840626978869282,0.0,0.0,0.0,0.0,0.0,0.0,0.0,1.0,0.0,0.0,3,3,0,0,357,21,1,True,0.0025645626864977834,0.9953421251844544,0.0010335015410534107,0.0004779523796760719,0.0005818582083185262,0.9953421251844544,[0.99534213],0.035041076393404993,False,0.9927775624979567,False,0.9953421251844544,False,0,False,2025-07-25 13:25:48.851583,98,0.2
2015-07-28 22:00:00,0.3973379692953401,0.2913505497140738,0.642570235719333,0.7345562101816151,0,0,0,3,0.4789894473334205,0.5052370776241374,0.402916596093818,0.3893652485127729,0.4669065720270935,0.0982050217312576,0.330167056549573,0.7861824292675327,0.4397894082086005,0.0600123959860366,0.5729311962748869,0.8600537703019018,0.7364579839123289,0.5992831567874024,0.6341338934064378,0.1477650644402499,0.2913505497140738,0.9460090382907512,0.5993784031432557,0.1906392984706345,0.734568173857397,0.6593015246497234,0.8300002078034654,0.7596592352783913,0.646035587261579,0.0852663579256446,0.4980222442382072,0.8300002078034654,0.639487629588488,0.0979604177187523,0.5330420120808472,0.3790017128094533,0.5183445270630402,0.5684714169920576,0.5020914134140563,0.1499981550291551,0.219350942942693,0.77160970449412,0.6090931648165248,0.1345848282639787,0.0,0.0,0.0,0.0,0.0,0.0,0.0,4.0,0.0,0.0,22,1,0,0,352,16,3,True,0.0016788007556458567,0.0009858188165749603,0.0007238295547371094,0.995497643347989,0.0011139075250529572,0.995497643347989,[0.99549764],0.03485149021514568,False,0.9938188425923431,False,0.995497643347989,False,0,False,2025-07-25 13:25:48.851583,98,0.2
2015-03-01 03:00:00,0.5322456345588827,0.5713830584722932,0.4145993947884133,0.712008690834803,0,0,0,4,0.5585057522989519,0.2403298925153821,0.5281206158929056,0.3400796568548204,0.4602873927352877,0.1235966463695876,0.2223051847954066,0.7502632635054881,0.5067659520860653,0.0434311366463699,0.7237343604119653,0.6408951715654982,0.4374263671044626,0.5148011429806527,0.5963499456105775,0.1172739288321256,0.3245345186525195,0.7870777300850731,0.6079199195980478,0.102094030329051,0.3804124828082789,0.3696057409590522,0.3441820430275929,0.4069599170253068,0.4082066911919288,0.0912626929333627,0.2122876994227726,0.5597426354151684,0.4240470676886132,0.077224136249737,0.6247200259751834,0.3498720436400689,0.7444940473835017,0.7052678658750259,0.6516596733348887,0.1265356521616132,0.3498720436400689,0.8849552173773639,0.617667554025669,0.1052487571277392,0.0,0.0,0.0,0.0,0.0,0.0,0.0,9.0,0.0,0.0,3,6,1,0,357,11,4,True,0.0016673138302798524,0.0008131747417299128,0.0016273328688986915,0.0004365244703659651,0.9954556540887255,0.9954556540887255,[0.99545565],0.0348104742995016,False,0.9937883402584456,False,0.9954556540887255,False,0,False,2025-07-25 13:25:48.851583,98,0.2
2015-06-28 14:00:00,0.7435028042582962,0.7295463223479977,0.267730138868155,0.659894355410026,0,0,0,4,0.5498548930088701,0.564570973567902,0.4250907218552232,0.5220126655147442,0.5839420824459928,0.1077356118364992,0.4250907218552232,0.8503737654785656,0.564977925207061,0.1026542913563162,0.6491852370918856,0.8101553755301993,0.6611537675038801,0.6539973865512458,0.6100399710065744,0.1358841244990162,0.3176753681138914,0.8101553755301993,0.6312894847868287,0.0925897559573185,0.4068467856567732,0.3635965706923882,0.4470925738279759,0.3899270768163911,0.3823103074061944,0.0962959768014362,0.1859434385227004,0.5613228615993651,0.3951219189150314,0.0895531906745322,0.8649671420895871,0.8160355903968001,0.9203724793706066,0.8946463992152033,0.7104706563701084,0.1145621158491011,0.5049450708922094,0.9203724793706066,0.7434434393583166,0.0894239441544636,0.0,0.0,0.0,0.0,0.0,0.0,0.0,6.0,0.0,0.0,14,6,1,1,345,8,4,True,0.0008740307147548315,0.0024459996164387164,0.0009605433439466524,0.00032152855064963235,0.9953978977742102,0.9953978977742102,[0.9953979],0.034715033409260215,False,0.9929518981577714,False,0.9953978977742102,False,0,False,2025-07-25 13:25:48.851583,98,0.2
2015-08-27 16:00:00,0.6064235907922443,0.3348090559107903,0.2730634966510931,0.525189148283075,0,0,0,2,0.3717074978409073,0.4323327363193644,0.5067345055578786,0.564677901919377,0.4633878855493881,0.137580699882082,0.2460063263371631,0.7109312556744055,0.3940863825153711,0.1374844159938903,0.2821896149802074,0.3538414051382251,0.4427947471887097,0.4509837471402755,0.4232648860238537,0.093875284387397,0.2821896149802074,0.5772050061987464,0.3500461736134314,0.0481647551970171,0.3964815272045109,0.3097067950401088,0.3835414422175027,0.4049523978414721,0.367630364928752,0.0950899118523025,0.1325463385053824,0.5226256976617172,0.3874876644306986,0.0682703256188031,0.6102730884385247,0.3650461298686954,0.490391072814586,0.3911080767362045,0.4523602619808175,0.0924252846735258,0.284793204016659,0.6383358079952323,0.4568449715817613,0.1135376546220858,0.0,0.0,0.0,0.0,0.0,0.0,0.0,5.0,0.0,0.0,16,3,0,1,347,10,2,True,0.0020077584745997004,0.0009235473627233838,0.9954815007726742,0.0005732912887530034,0.001013902101249564,0.9954815007726742,[0.9954815],0.03469992764791828,False,0.9934737422980745,False,0.9954815007726742,False,0,False,2025-07-25 13:25:48.851583,98,0.2
2015-07-28 14:00:00,0.4510739375224465,0.5275424207986528,0.6966707232652389,0.229950231452378,0,0,0,3,0.4370604520662974,0.5220393949638907,0.3599339326101681,0.5313094223726879,0.455847922767495,0.1237913625985577,0.2494074973047614,0.7861824292675327,0.4860156264960457,0.1482040818441014,0.6366310747147756,0.5905059899700562,0.435674377183661,0.679813381473904,0.6197411812131944,0.1174320065002619,0.4167345043423073,0.9460090382907512,0.6114620009891746,0.0817064155648825,0.627191080557675,0.6937236990453799,0.6047165225118469,0.6098867113935318,0.6390168815565296,0.0945746790965998,0.51185780813231,0.8300002078034654,0.6549966424779576,0.1067471391479291,0.3551349324064787,0.584683238180067,0.747523667995628,0.4614329984333478,0.4613907056975041,0.1330850436788575,0.2061622545892621,0.747523667995628,0.4200389927489456,0.1358602877473848,0.0,0.0,0.0,0.0,0.0,0.0,0.0,4.0,0.0,0.0,14,1,0,1,344,8,3,True,0.0019772053288154546,0.0013620284546697772,0.0005236831717276367,0.9954802873406553,0.000656795704131965,0.9954802873406553,[0.99548029],0.034576748281694075,False,0.9935030820118399,False,0.9954802873406553,False,0,False,2025-07-25 13:25:48.851583,98,0.2
2015-01-30 02:00:00,0.5115153843216257,0.607733886027803,0.6875874468087575,0.4595071496120551,0,0,0,3,0.4194472537816675,0.2228673862317595,0.3805524232764609,0.662948428217918,0.3971823606201507,0.0947646775719928,0.2172935444607792,0.5782011727982231,0.4492763937516457,0.0874502224978503,0.5474639484460142,0.4727345310597148,0.5822706305943008,0.6595706782684638,0.6222543241806159,0.135557491230687,0.3810403049874535,0.982413494448754,0.6722191325175361,0.1652233518735472,0.5349025628148081,0.7291327286792935,0.4767195429274136,0.61520641071487,0.6799530583109213,0.0864502921214606,0.4767195429274136,0.7996281001689967,0.6521991566241533,0.0964469851335862,0.508579055086368,0.538514967512116,0.3458470776334803,0.3718351306248342,0.4016876315505306,0.1066685055847265,0.2325697931657514,0.6469328881288335,0.423065982647253,0.1344188847807931,0.0,0.0,0.0,0.0,0.0,0.0,0.0,4.0,0.0,0.0,2,4,0,0,692,20,3,True,0.0030923469876423773,0.000593494206148153,0.000626693141778925,0.9953080328172258,0.00037943284720484834,0.9953080328172258,[0.99530803],0.03457105382326187,False,0.9922156858295834,False,0.9953080328172258,False,0,False,2025-07-25 13:25:48.851583,98,0.2
2015-02-28 20:00:00,0.2223051847954066,0.6947626133837237,0.4397874526146899,0.4558275351008974,0,0,0,4,0.3287066329759668,0.4132722453834697,0.4842761330700588,0.2027344554964968,0.4327851007161487,0.1413756804816529,0.1273786850967674,0.7502632635054881,0.3877593387440175,0.1098092286960769,0.5692440131126559,0.4576837347765857,0.7186919686235238,0.6373202200472325,0.5963592393269694,0.1195088599209861,0.3245345186525195,0.8000236592232863,0.6130623516779186,0.0976758437185233,0.4440044712244898,0.4608867206772797,0.2797277236821425,0.4542957073882037,0.410790677888662,0.0944774829457269,0.2122876994227726,0.5661882847433379,0.3751290068068624,0.0818123823335062,0.8286503270172073,0.6366700320206812,0.6668006106418877,0.639287525863904,0.6926469314995654,0.1120883973921063,0.4558275351008974,0.8849552173773639,0.7232213389449221,0.1538231389119688,0.0,0.0,0.0,0.0,0.0,0.0,4.0,9.0,0.0,0.0,20,5,1,0,350,4,4,True,0.0015794670545957814,0.0006416427762889257,0.0018139408777036227,0.0004851704625925423,0.9954797788288191,0.9954797788288191,[0.99547978],0.03456802506336065,False,0.9936658379511155,False,0.9954797788288191,False,0,False,2025-07-25 13:25:48.851583,98,0.2
2015-11-25 19:00:00,0.542579100787114,0.6708102281522237,0.6253044160815406,0.5162701448995775,0,0,0,3,0.6155412917331776,0.6447160429524356,0.4261361459473746,0.6061762275146375,0.4532629233491543,0.1052164985123103,0.2766557714348562,0.6447160429524356,0.4636537754290589,0.0946140131803862,0.4730859856373952,0.4986046815452213,0.5665980104284525,0.6338385372533608,0.5751077450512622,0.0907567989427062,0.3813798044220095,0.7602310432724293,0.5936778363322494,0.0784720086475061,0.616458115212619,0.6091007607568211,0.5322639566425902,0.6678933328206544,0.6329400135176692,0.1016876362443114,0.4440768151760063,0.8515482122701108,0.6545546858190642,0.1147243619532782,0.5111092820950673,0.5667915099287154,0.3983928256814657,0.6153530210274006,0.4586356666428318,0.0930749464754982,0.1879053126554049,0.5880833939929474,0.5071995060309739,0.0457629566243059,0.0,0.0,0.0,0.0,0.0,0.0,0.0,4.0,0.0,0.0,19,2,0,0,349,13,3,True,0.0022424502666395043,0.0007787602154103225,0.0010624177897327202,0.9954638992214152,0.00045247250680229814,0.9954638992214152,[0.9954639],0.03453836469753426,False,0.9932214489547757,False,0.9954638992214152,False,0,False,2025-07-25 13:25:48.851583,98,0.2
2015-08-27 14:00:00,0.3140292023417715,0.316026929130653,0.3410563024353792,0.4142709318467369,0,0,0,2,0.2508044087216668,0.5189752300934002,0.7109312556744055,0.5054151858848083,0.4643829462083984,0.134714592906827,0.2460063263371631,0.7109312556744055,0.3587391450170473,0.0964705672176562,0.4098156189410931,0.4281884005176793,0.2930288850840846,0.6107108036112334,0.4400843987108324,0.0909800703167751,0.2838103628585977,0.5772050061987464,0.3991614552189828,0.0842437777905728,0.4499495024295125,0.4769220777064162,0.3175306438238531,0.3633395298898271,0.3767918214589116,0.0958309910245844,0.1325463385053824,0.5226256976617172,0.3611379290335144,0.0964538049088652,0.5022767579889105,0.4090667448453746,0.4394011334020231,0.2955983741456361,0.4380229042213279,0.0854065830110807,0.284793204016659,0.6383358079952323,0.4056504095209741,0.0761388441807129,0.0,0.0,0.0,0.0,0.0,0.0,0.0,5.0,0.0,0.0,14,3,0,1,345,8,2,True,0.0025154941196663103,0.0007490247564253897,0.9954386182463673,0.000482003908849232,0.0008148589686917866,0.9954386182463673,[0.99543862],0.03447446314168762,False,0.9929231241267009,False,0.9954386182463673,False,0,False,2025-07-25 13:25:48.851583,98,0.2
2015-04-14 16:00:00,0.3963463013926681,0.4699453126962152,0.6468860754039572,0.5723920194255393,0,0,0,3,0.5357096946884176,0.2780584851529216,0.3645316456455026,0.3146724053591171,0.4510205928516715,0.1108700997989532,0.2780584851529216,0.6344829110397042,0.4886258790329081,0.0823313702109996,0.6843455902662103,0.6284748951880785,0.5068040851562663,0.6565331870756828,0.5812323134232996,0.1015972513949262,0.3954498985999683,0.8062723183553362,0.5646290082824005,0.0894677392686707,0.5508929387910149,0.6869616156117109,0.6817752235082708,0.6334044865575166,0.6703755905403618,0.0959571631758398,0.5486125873495282,1.0,0.6631665541362451,0.0870106668787122,0.333019729261197,0.3115331707105222,0.4327251951112433,0.4507529586365538,0.4627935295046365,0.1114987274066847,0.2649289492893099,0.6534505245169367,0.4981293739915901,0.1286933284973191,0.0,0.0,0.0,0.0,0.0,0.0,0.0,4.0,0.0,0.0,16,1,0,1,346,10,3,True,0.002029652514471779,0.0010133728483258018,0.0009785817774070114,0.995557922633327,0.0004204702264684147,0.995557922633327,[0.99555792],0.03405227340605998,False,0.9935282701188553,False,0.995557922633327,False,0,False,2025-07-25 13:25:48.851583,98,0.2
2015-05-14 22:00:00,0.8088853226652865,0.458882762616404,0.4760499288641266,0.5229814138948591,0,0,0,1,0.6758955208347123,0.6102801070303646,0.6618400873884095,0.4726286757201655,0.6223829289833642,0.1329095025486166,0.3223353981895583,0.945268259654117,0.6434206259691229,0.1137979762093588,0.5269781131713587,0.4810258263268561,0.6110967340421307,0.6816823547594777,0.5983357138636236,0.1215219303004099,0.3606887924567073,0.8963842981676489,0.6580100686775275,0.1568408693294114,0.3087337681168546,0.2634477445556717,0.3108126340826075,0.355724030497008,0.4055337618660899,0.0778247666129684,0.2634477445556717,0.5932940080061984,0.44041104484274,0.1140543579176324,0.6458929154475198,0.409787293739604,0.4188291843742003,0.3318626947169535,0.4352891740843974,0.1157821528478362,0.2621124408756899,0.6636637110169169,0.4066538150176393,0.144728815133007,0.0,0.0,0.0,0.0,0.0,0.0,0.0,1.0,0.0,0.0,22,3,0,0,352,16,1,True,0.00297662065667266,0.9954375078028745,0.00044639971051935797,0.0007140789269628722,0.000425392902970733,0.9954375078028745,[0.99543751],0.03378589834912796,False,0.9924608871462018,False,0.9954375078028745,False,0,False,2025-07-25 13:25:48.851583,98,0.2
2015-11-25 16:00:00,0.367969460624226,0.633647534411707,0.681709017724752,0.5880833939929474,0,0,0,3,0.4290307114486816,0.3453404123543638,0.3617671086118285,0.7460289230452687,0.441167113087187,0.1072791904077925,0.2766557714348562,0.6447160429524356,0.4465517212447067,0.1033443974266618,0.6425277326229677,0.5050310207097433,0.7063635951567406,0.4696938718697841,0.5665348286961015,0.0973601784723285,0.3544693650323741,0.7602310432724293,0.5955530816309036,0.1018329329140732,0.6888707865958499,0.6656635642446491,0.6642847655910624,0.5569621667488103,0.6304994226869497,0.0941090049579988,0.4440768151760063,0.8515482122701108,0.6029593162798413,0.0767934485529225,0.4967151689900713,0.29992028757067,0.1879053126554049,0.5626831491834664,0.455297429252048,0.0991566879656359,0.1879053126554049,0.6153530210274006,0.5164766797417765,0.060073947656043,0.0,0.0,0.0,0.0,0.0,0.0,0.0,4.0,0.0,0.0,16,2,0,1,346,10,3,True,0.0022248191931893194,0.0006713105413451325,0.0011658285990877452,0.9955600862088402,0.00037795545753765904,0.9955600862088402,[0.99556009],0.03377714662795477,False,0.9933352670156509,False,0.9955600862088402,False,0,False,2025-07-25 13:25:48.851583,98,0.2
2015-06-13 17:00:00,0.443299389712949,0.5195223404537717,0.3928970178978141,0.7654921356148868,0,0,0,2,0.42134047576108,0.4199758719122538,0.4745335692741695,0.3026805063466472,0.4665876276633597,0.1021951235354456,0.2980598130141886,0.6283321249511943,0.4113127493549647,0.0858845183672961,0.5229903134738452,0.4973462107465483,0.7048261817569759,0.4432199015788783,0.4858207160917573,0.1193813611346141,0.1983909571104041,0.7048261817569759,0.4891787620962869,0.117843390415386,0.3303815781342819,0.4561221423266459,0.2927434089216553,0.41655821952938,0.3810718986039095,0.0791534727504857,0.1494918488552842,0.4793280771671961,0.4305592942462469,0.0581309535628128,0.864390986321813,0.5722760457682347,0.6594454857724582,0.1092210411268252,0.5374318902547774,0.1646835818960801,0.1935608304434668,0.864390986321813,0.6750378850191012,0.1392788565919104,0.0,0.0,2.0,0.0,0.0,0.0,0.0,5.0,0.0,0.0,17,5,1,1,348,11,2,True,0.001139049200980983,0.0003596959185195253,0.9955221175034751,0.0005028852157248514,0.0024762521612994525,0.9955221175034751,[0.99552212],0.03371979596609015,False,0.9930458653421756,False,0.9955221175034751,False,0,False,2025-07-25 13:25:48.851583,98,0.2
2015-01-29 06:00:00,0.3319412248854166,0.4850558792745574,0.6566161349844333,0.3178522469866114,4,0,0,3,0.3849963501300922,0.3849281076212049,0.5065368572085936,0.2913622519747557,0.4485820050451468,0.1180585090750236,0.2172935444607792,0.662948428217918,0.3811858317938575,0.1492191713015575,0.3810403049874535,0.6789256559497574,0.6838104756625893,0.3891644191495977,0.6598926663180047,0.1268794522129377,0.3810403049874535,0.961372599281255,0.6066776371335127,0.1560262011236542,0.7362349630653175,0.5312814480137238,0.7319373663989919,0.6334085979279611,0.668963162871651,0.0767735084162626,0.5312814480137238,0.8324998761895785,0.6373903633374447,0.0568473330600936,0.6469328881288335,0.2565133220004311,0.3676418992848989,0.586810763409065,0.410907980722702,0.0999461887300487,0.2565133220004311,0.6469328881288335,0.4274093680666898,0.1215043961739353,0.0,0.0,0.0,0.0,0.0,0.0,4.0,4.0,0.0,0.0,6,3,0,0,672,0,3,True,0.0026469998909143034,0.0006312298222202814,0.0007678881968029018,0.9955180387866174,0.0004358433034450007,0.9955180387866174,[0.99551804],0.033710715304654144,False,0.992871038895703,False,0.9955180387866174,False,0,False,2025-07-25 13:25:48.851583,98,0.2
2015-02-13 07:00:00,0.6363632126749265,0.6129571279146928,0.535203791124335,0.538429346222837,0,0,0,1,0.6445655013135488,0.7804565927740433,0.6710370540177687,0.2795291711850446,0.6091685104247412,0.1112346263534033,0.383656059729116,0.8086616138805621,0.5918159001167518,0.1044765461331633,0.7318024292562606,0.6248911757451412,0.5187019239315409,0.6449813273634697,0.5828210328817871,0.1095412591245752,0.4100003262899971,0.8645451475409527,0.6266475461165739,0.1210432072416674,0.4457219362581401,0.3426021794603583,0.4234214696282413,0.339559018590048,0.4232758984699813,0.0845033487789165,0.2371362494532485,0.5949332716843845,0.4394015793817358,0.0811620482245526,0.5017952604921138,0.437803130356501,0.4174294849025118,0.2694722095433328,0.4298894896466421,0.092636426592243,0.2843734911104811,0.713764709225473,0.4622098423814337,0.0472965467380066,1.0,0.0,0.0,0.0,0.0,0.0,1.0,1.0,0.0,0.0,7,4,0,0,337,1,1,True,0.0026190722433913475,0.9955385579644821,0.0005277116439577295,0.0008456649841634455,0.000468993164005494,0.9955385579644821,[0.99553856],0.03358251147699687,False,0.9929194857210908,False,0.9955385579644821,False,0,False,2025-07-25 13:25:48.851583,98,0.2
2015-05-29 16:00:00,0.2988258105007572,0.489375589893029,0.5266698631555364,0.629294116908144,0,0,0,3,0.4148475116325977,0.3809451987050046,0.4915735829329469,0.3782312341719595,0.4077684114831085,0.1132315533242245,0.1987452446586824,0.5871486170521988,0.4476817284119976,0.0864689841346299,0.5026918469967714,0.5497563734789477,0.6641608152317833,0.425260147131381,0.5721950434377754,0.1146203871538088,0.3845908047693528,0.8187162496014417,0.5447919216289467,0.0746527591567695,0.7986327970845379,0.612171726644742,0.7657384077013896,0.566725576144484,0.6548725639496322,0.0835008606610858,0.5109879640227839,0.84241424416301,0.6282320685382983,0.0927453850141286,0.5950025899431494,0.3241631708042757,0.5461687601469912,0.5326345400072414,0.4648501628590895,0.1394194252859137,0.2168364561912094,0.6969383990157249,0.57681107620685,0.1133444589298901,0.0,0.0,0.0,0.0,0.0,0.0,0.0,4.0,0.0,0.0,16,4,0,1,346,10,3,True,0.0018136109254081976,0.0006101223079190994,0.0013921446174169933,0.9956413631723074,0.0005427589769481252,0.9956413631723074,[0.99564136],0.033550390349128385,False,0.9938277522468992,False,0.9956413631723074,False,0,False,2025-07-25 13:25:48.851583,98,0.2
2015-08-27 23:00:00,0.2406986436763373,0.5328601044925303,0.3675923179562155,0.4617584419075538,0,0,0,2,0.4955163153273006,0.2922291035996701,0.5142801857542633,0.4618061714709413,0.4363185285949538,0.1347499057745808,0.23424419130066,0.7109312556744055,0.3945390647107718,0.1364553397192094,0.4326433006343116,0.3043310554473018,0.3926589161624683,0.361887752042518,0.4197232604449867,0.0956037343298621,0.2821896149802074,0.5578489553860808,0.4843196361330373,0.0634030173752567,0.3835807582524237,0.5040760398356008,0.4259871851907968,0.3200886476598602,0.3649256401243029,0.1010601994613853,0.1325463385053824,0.5226256976617172,0.3651028454050855,0.0882823104841122,0.4737076956144822,0.7360034216270802,0.4042666989166616,0.419757555357732,0.4606462129947337,0.0927349483531163,0.284793204016659,0.7360034216270802,0.4598029595693695,0.061720698463434,0.0,0.0,0.0,0.0,0.0,0.0,0.0,5.0,0.0,0.0,23,3,0,0,354,17,2,True,0.0018257332650492163,0.0005505897345070654,0.9956531338562453,0.0005871722887702249,0.0013833708554283962,0.9956531338562453,[0.99565313],0.03345770306655585,False,0.9938274005911961,False,0.9956531338562453,False,0,False,2025-07-25 13:25:48.851583,98,0.2
2015-07-28 06:00:00,0.5722539316252754,0.5915823040387522,0.6451593879233941,0.5366091517187653,4,0,0,3,0.6187403388581051,0.5118301394663586,0.6455729065980519,0.4266903883330805,0.4496475898755811,0.1209391998062889,0.2494074973047614,0.6878439304927474,0.4656478401829099,0.1190495609450922,0.7134747852313272,0.9460090382907512,0.6596342612724837,0.7459534353313384,0.622129862172854,0.11869883683893,0.405018045171541,0.9460090382907512,0.6527581490893518,0.1198341534026456,0.7829471374662091,0.5592814690023089,0.516256608609277,0.6611228623544991,0.6313710246947847,0.0821937728824946,0.51185780813231,0.7829471374662091,0.6616745047774024,0.0873190555826787,0.6626136509929702,0.4293299617063726,0.4331851803221885,0.3620333486588178,0.4651658050137063,0.1210461032025549,0.2061622545892621,0.747523667995628,0.5259528531612948,0.1819942846337056,0.0,0.0,0.0,0.0,0.0,0.0,4.0,4.0,0.0,0.0,6,1,0,0,336,0,3,True,0.0021593461528081467,0.0013169233392133829,0.0004237146185024999,0.9956065603082128,0.0004934555812631965,0.9956065603082128,[0.99560656],0.03342013739693785,False,0.9934472141554047,False,0.9956065603082128,False,0,False,2025-07-25 13:25:48.851583,98,0.2
2015-05-14 19:00:00,0.6022441845574679,0.7526670943968528,0.5932940080061984,0.2941306012548419,0,0,0,1,0.6467637307630395,0.5663174652352411,0.945268259654117,0.6397285591742129,0.6124154228136193,0.1258340872868504,0.3223353981895583,0.945268259654117,0.6228563302873393,0.0937334102971542,0.6426477640127009,0.5330170880056977,0.3606887924567073,0.5134347269564716,0.6124357694731827,0.1270064745015885,0.3606887924567073,0.8963842981676489,0.6663027629423871,0.1421761045735632,0.3864940093714148,0.3741001318400686,0.4655535184177066,0.3190828078210735,0.3939137626313682,0.0707489309424862,0.2634477445556717,0.5932940080061984,0.4000209048879434,0.1106917266621678,0.3578823025444586,0.4300456173413578,0.3610329758869511,0.656350883380456,0.4265155103744025,0.1048990430141454,0.2621124408756899,0.6636637110169169,0.377470859981921,0.0807643079167371,0.0,0.0,0.0,0.0,0.0,0.0,0.0,1.0,0.0,0.0,19,3,0,0,349,13,1,True,0.002824104335685425,0.9955425892681078,0.0005296568072941021,0.0007343796342383842,0.00036926995467434325,0.9955425892681078,[0.99554259],0.03323741515710939,False,0.9927184849324223,False,0.9955425892681078,False,0,False,2025-07-25 13:25:48.851583,98,0.2
2015-07-28 16:00:00,0.5052370776241374,0.8600537703019018,0.6593015246497234,0.3790017128094533,0,0,0,3,0.4742684946614356,0.402916596093818,0.330167056549573,0.2494074973047614,0.4650683705241825,0.115678488438358,0.2707689496202946,0.7861824292675327,0.5100616862657269,0.1393348260143782,0.5650115941352889,0.7364579839123289,0.6942641915809569,0.649501364379969,0.6252307535713252,0.1278132789145667,0.4167345043423073,0.9460090382907512,0.6228145210282999,0.1271663321731265,0.6516021396201814,0.8300002078034654,0.5373580739284938,0.5168844302181475,0.6507736076365066,0.0864486033659454,0.5127833299257176,0.8300002078034654,0.6496833302347447,0.0345963910713747,0.3356182481246562,0.5183445270630402,0.5246572774815904,0.39645329528294,0.4524289000594896,0.13491800411193,0.2061622545892621,0.747523667995628,0.3626762283243828,0.1069530865733942,0.0,0.0,0.0,0.0,0.0,0.0,0.0,4.0,0.0,0.0,16,1,0,1,346,10,3,True,0.0018055246697261389,0.0017073690946729464,0.0004340958788033041,0.9956391173183284,0.0004138930384691781,0.9956391173183284,[0.99563912],0.033222473659335096,False,0.9938335926486023,False,0.9956391173183284,False,0,False,2025-07-25 13:25:48.851583,98,0.2
2015-08-12 19:00:00,0.5026430469606608,0.6466001171328861,0.3678799216188362,0.3523455806080932,0,0,0,1,0.7745356712319659,0.6236201748393037,0.6939564974208899,0.8021970594108997,0.6331335169669001,0.1442778255301761,0.3955440089103544,0.8974330280880826,0.7268296197068952,0.1407097458709149,0.760437560536664,0.6307248967625312,0.4049898298629655,0.5037374394567977,0.5708715177256146,0.095091052621471,0.4049898298629655,0.760437560536664,0.6052179400494919,0.1034648003432838,0.5468681934567383,0.479873673372484,0.351577273977781,0.4266769021974488,0.3974292938274173,0.0760279173128943,0.2364091194136379,0.5468681934567383,0.4034431682641515,0.0860198083754513,0.3919412733285792,0.4150114614582033,0.4039129760822768,0.5551638783296228,0.4587431807255129,0.0933087684493077,0.2795339190029285,0.6133426327132879,0.4722675183473786,0.1022267412162197,0.0,0.0,0.0,0.0,0.0,0.0,0.0,1.0,0.0,0.0,19,2,0,0,349,13,1,True,0.0029678665302898177,0.9955167470570003,0.0006158059885133045,0.0005477400806756459,0.00035184034352083945,0.9955167470570003,[0.99551675],0.033209624177145354,False,0.9925488805267105,False,0.9955167470570003,False,0,False,2025-07-25 13:25:48.851583,98,0.2
2015-01-30 05:00:00,0.4519463285557769,0.6340317003009952,0.7136238235101109,0.6300596206756149,0,0,0,3,0.6446762289661377,0.321982382601876,0.5239217085947078,0.3849963501300922,0.4254611820797389,0.1010678312553082,0.2228673862317595,0.6446762289661377,0.4977109752113188,0.0852026170868974,0.4766551703931169,0.6490157381980097,0.7312863713856887,0.3810403049874535,0.6220713890167303,0.1234673808987384,0.4263106751385369,0.982413494448754,0.5797611584298291,0.0730644339918924,0.6487004468988904,0.7500833454660076,0.6316058043055046,0.7362349630653175,0.6777362176371269,0.0876787371684004,0.4767195429274136,0.7996281001689967,0.6111278238591932,0.0822199659299876,0.3346229739253501,0.577569033151481,0.4739219743465006,0.6469328881288335,0.4016716765201352,0.1051368104507487,0.2325697931657514,0.6300596206756149,0.435515438568171,0.1380415450493434,0.0,0.0,0.0,0.0,0.0,0.0,0.0,4.0,0.0,0.0,5,4,0,0,695,23,3,True,0.002378986479347333,0.0008410046259885795,0.000652015738658594,0.9956689723527278,0.00045902080327766534,0.9956689723527278,[0.99566897],0.03295941292119471,False,0.9932899858733805,False,0.9956689723527278,False,0,False,2025-07-25 13:25:48.851583,98,0.2
2015-07-28 20:00:00,0.5158360779439423,0.5167343096902808,0.5453126668499448,0.4689322243091542,0,0,0,3,0.3515822181711606,0.4510739375224465,0.5220393949638907,0.4031688357885138,0.4578985212564396,0.1061923117396375,0.2707689496202946,0.7861824292675327,0.4569857674847359,0.060607898539967,0.8266689202728388,0.5275424207986528,0.5905059899700562,0.5728161340009139,0.6409108487623083,0.1357262925879452,0.4167345043423073,0.9460090382907512,0.692842339551294,0.1434264811803724,0.6909052002041678,0.6966707232652389,0.6937236990453799,0.7411730683559736,0.6472459768773645,0.086538124057236,0.4980222442382072,0.8300002078034654,0.6284485053706838,0.0880222506517091,0.77160970449412,0.229950231452378,0.584683238180067,0.4434710063514053,0.4907384898593277,0.1428731309283567,0.219350942942693,0.77160970449412,0.5169301212617993,0.1707671356978504,0.0,0.0,0.0,0.0,0.0,0.0,0.0,4.0,0.0,0.0,20,1,0,0,350,14,3,True,0.0014990709726838028,0.0014364131568182117,0.0006015621783848979,0.9957728040347675,0.0006901496573456057,0.9957728040347675,[0.9957728],0.032853264436059675,False,0.9942737330620838,False,0.9957728040347675,False,0,False,2025-07-25 13:25:48.851583,98,0.2
2015-10-26 23:00:00,0.2832215160172665,0.2691425500597543,0.2597137912933442,0.5844249160852973,0,0,0,2,0.2787570965593203,0.4846132658734897,0.4420151503302864,0.3654459897627838,0.4633103329387307,0.1465683587636607,0.27462037163395,0.8450277649182109,0.4417404229384643,0.190677261527997,0.2919870992350423,0.1806019213057841,0.094282785740336,0.1271370477055279,0.2825492746743596,0.1176487155594916,0.094282785740336,0.5107310129352349,0.2908789286203306,0.0798819908108602,0.4511205914087705,0.4281299761301219,0.3220168214193666,0.4179842102137682,0.4279539523916402,0.0730302741278199,0.2597137912933442,0.5442024578860767,0.4136018161940738,0.0863030910782703,0.3631324671264105,0.4257709902230329,0.3097799781292153,0.3906225918252428,0.4242098004524726,0.0755197286185386,0.2619910579235517,0.5844249160852973,0.4290933918270543,0.0821930305283549,0.0,0.0,0.0,0.0,0.0,0.0,0.0,8.0,0.0,0.0,23,0,0,0,354,17,2,True,0.0018763896785664858,0.000947874870891669,0.9957696717483893,0.000806713627571906,0.0005993500745807752,0.9957696717483893,[0.99576967],0.032793361135273674,False,0.9938932820698227,False,0.9957696717483893,False,0,False,2025-07-25 13:25:48.851583,98,0.2
2015-04-29 09:00:00,0.5400582429874136,0.3699157642283204,0.4287433142199597,0.777685655368919,0,0,0,4,0.4825563947476358,0.5101661685347755,0.6723668424844734,0.3471973905117657,0.4313921340823275,0.1529761447870054,0.1065363082926541,0.7072782225436555,0.5315484598101688,0.0258730971220529,0.6081051077744999,0.4098539762578848,0.346555337809048,0.537802343578552,0.4221116148581189,0.0935732394464986,0.1964975357436878,0.6081051077744999,0.445143433627646,0.1032435103752638,0.3225532585401004,0.3835790046163192,0.3951012682712552,0.3960958236113221,0.3886981643089985,0.0929701328770798,0.2400653861039742,0.6730167768726574,0.3857976283198494,0.067073414665187,0.8578756705926073,0.6811516333797737,0.76586714235407,0.7779102988708576,0.683153161455075,0.1286510919672174,0.4757454263053381,0.960345170252691,0.7052064714352548,0.1292496459327564,0.0,0.0,0.0,0.0,0.0,0.0,10.0,10.0,0.0,0.0,9,2,0,1,341,3,4,True,0.0010721075437451846,0.0003423373535440813,0.002571397597349815,0.0003767473743637159,0.9956374101309973,0.9956374101309973,[0.99563741],0.032720305181390394,False,0.9930660125336475,False,0.9956374101309973,False,0,False,2025-07-25 13:25:48.851583,98,0.2
2015-02-28 13:00:00,0.44928101088328,0.666053086457731,0.4669538844884255,0.5207143853644028,0,0,0,4,0.3789400172918015,0.660913866426084,0.4812129480390351,0.4982625080485544,0.4446080481678447,0.1502718840901513,0.1273786850967674,0.7502632635054881,0.4711215688742902,0.1016705472429774,0.3245345186525195,0.5437794960737083,0.5338208999451333,0.7187440164828034,0.5944890208761108,0.1150995183522814,0.3245345186525195,0.8000236592232863,0.6098986093944466,0.1705092206642355,0.5250511556199133,0.4779282930585109,0.3959612852482665,0.3375290370590156,0.4351015300754101,0.0930552505700845,0.2122876994227726,0.5936064039403226,0.4090235910182731,0.1378106040774451,0.6948569222964404,0.7645707469835074,0.7087473668984189,0.6034617050346748,0.6627965530271759,0.0979180606839364,0.4924196034650874,0.8628752286785283,0.6479886383864683,0.0938418425490005,0.0,0.0,0.0,0.0,0.0,0.0,0.0,5.0,0.0,0.0,13,5,1,1,343,7,4,True,0.0014514367574060322,0.0005298328416093747,0.0015890996363587776,0.0006502876615311253,0.9957793431030947,0.9957793431030947,[0.99577934],0.03270663548809913,False,0.9941902434667359,False,0.9957793431030947,False,0,False,2025-07-25 13:25:48.851583,98,0.2
2015-02-13 15:00:00,0.8160200788755269,0.499683037762331,0.4921000067603596,0.5145249819777524,0,0,0,1,0.5924211016015385,0.7504510015107201,0.740366905672076,0.5632512978117438,0.6345772285677606,0.1234229916884202,0.4016892816025931,0.8263608417128429,0.6807854349134218,0.1374257279929109,0.505883380322991,0.6444136254973984,0.6690655019734024,0.5281782505602388,0.603329070382005,0.1196420295872332,0.4100003262899971,0.8645451475409527,0.6037349111010517,0.1129709859692721,0.3180904923965834,0.6222877777821407,0.445864555198161,0.3895405108914015,0.4268792205697533,0.0968598775796893,0.2371362494532485,0.6222877777821407,0.4242266918972492,0.0908387498990103,0.3048585102013619,0.3288918604296412,0.4276102621559937,0.4358700107742858,0.4513047474426426,0.1218585315876647,0.270183069013147,0.713764709225473,0.4516560254841081,0.1838683966084866,0.0,0.0,0.0,0.0,0.0,0.0,0.0,1.0,0.0,0.0,15,4,0,1,345,9,1,True,0.0025122621065245473,0.9956930936184687,0.0004611961523088015,0.0008359928929523333,0.0004974552297456494,0.9956930936184687,[0.99569309],0.03258845657960141,False,0.9931808315119441,False,0.9956930936184687,False,0,False,2025-07-25 13:25:48.851583,98,0.2
2015-04-14 07:00:00,0.3448857960442041,0.4876224291687326,0.5747680678052947,0.4054059706401574,0,0,0,3,0.3165597476031611,0.6215119151768612,0.4856094536404777,0.5103423895301701,0.4321790836622888,0.1038188780366892,0.2897987441831454,0.6344829110397042,0.4307143314875608,0.1354888186756084,0.499348895893263,0.5110155805473533,0.8062723183553362,0.515792471817982,0.5965773394570688,0.1083211453154992,0.3392115120999694,0.8062723183553362,0.5783808272859732,0.1026718913362326,0.67202294731851,0.6143842769009067,0.6322469884363786,0.7147325648612959,0.6514202563936179,0.1095882653061018,0.5033110219903683,1.0,0.6636909829448483,0.0651715905374919,0.4500819326838646,0.4374233561747774,0.4235894469964819,0.529441359764256,0.4378783525468757,0.0889697632412074,0.2649289492893099,0.6534505245169367,0.4249554217438956,0.0712621187309557,4.0,0.0,0.0,0.0,0.0,0.0,4.0,4.0,0.0,0.0,7,1,0,0,337,1,3,True,0.0020534417630678208,0.0007737889287757997,0.0010634710347967279,0.9958159549527686,0.0002933433205909244,0.9958159549527686,[0.99581595],0.03209291017139014,False,0.9937625131897008,False,0.9958159549527686,False,0,False,2025-07-25 13:25:48.851583,98,0.2
2015-05-14 23:00:00,0.6953036380616623,0.4023953166756678,0.2972711635532677,0.4127829483602273,0,0,0,1,0.8088853226652865,0.6677538725704529,0.7583340467687151,0.608775016157269,0.6259882882293807,0.1336956005115885,0.3223353981895583,0.945268259654117,0.648012253550991,0.1155189497331575,0.458882762616404,0.8963842981676489,0.5069532042595126,0.7261859702605793,0.584844436630919,0.124644351661751,0.3606887924567073,0.8963842981676489,0.5756785717621975,0.1347895154009217,0.4760499288641266,0.3385769252284473,0.3878733746601888,0.4485409720850043,0.3992308531772677,0.080277155539399,0.2634477445556717,0.5932940080061984,0.43352675123021,0.1223735751759358,0.5229814138948591,0.3043333136022481,0.4123526329220413,0.4636780904400809,0.4331685431644035,0.1157056477010895,0.2621124408756899,0.6636637110169169,0.4247287541439693,0.1358970274642765,0.0,0.0,0.0,0.0,0.0,0.0,0.0,1.0,0.0,0.0,23,3,0,0,353,17,1,True,0.0024096986894517904,0.9957825895634215,0.0008785315247579848,0.000631056248897916,0.00029812397347069074,0.9957825895634215,[0.99578259],0.03198709864161035,False,0.9933728908739696,False,0.9957825895634215,False,0,False,2025-07-25 13:25:48.851583,98,0.2
2015-05-14 10:00:00,0.6618400873884095,0.6110967340421307,0.3108126340826075,0.4188291843742003,0,0,0,1,0.6148146454467353,0.5330750174613835,0.4726286757201655,0.5471665463200309,0.628992200235542,0.1331680080749927,0.3223353981895583,0.9514356852170256,0.685930506550931,0.1321202947776599,0.438237056224907,0.6623231515988006,0.6816823547594777,0.5255330712206783,0.5944655708978847,0.1177170784095516,0.3606887924567073,0.8180123708933671,0.582592487852771,0.1479341902730196,0.4064184099295085,0.4567121457014476,0.355724030497008,0.4061673956892757,0.3701394393588049,0.0548192338841031,0.2809969639751126,0.4655535184177066,0.3805943977201207,0.0617345506147592,0.6636637110169169,0.3510694769700604,0.3318626947169535,0.3941987497245941,0.4488659395252828,0.1035820679529535,0.2621124408756899,0.6636637110169169,0.4841795671324551,0.1385076204351835,0.0,0.0,0.0,0.0,0.0,0.0,1.0,1.0,0.0,0.0,10,3,0,1,340,4,1,True,0.0022254346713349955,0.995830211193389,0.0009580315255034704,0.0005426830058444573,0.00044363960392810394,0.995830211193389,[0.99583021],0.03191806595729283,False,0.993604776522054,False,0.995830211193389,False,0,False,2025-07-25 13:25:48.851583,98,0.2
2015-07-29 04:00:00,0.4551045378236923,0.6027209824514512,0.7134687284559613,0.550963150658765,0,0,0,3,0.4819432323611058,0.3973379692953401,0.5052370776241374,0.330167056549573,0.4759118645160946,0.096249696009828,0.3320708230203438,0.7861824292675327,0.4497538160050727,0.0894687033378215,0.5230020681351699,0.2913505497140738,0.8600537703019018,0.6942641915809569,0.6007398194316625,0.1378077854540973,0.2913505497140738,0.8600537703019018,0.5692250489242813,0.141251776699065,0.7025376830260004,0.642570235719333,0.6593015246497234,0.5373580739284938,0.6560766503037362,0.0967138729178446,0.4894954148147978,0.8538628183314754,0.646795982973147,0.1343509183852762,0.2482900790564208,0.7345562101816151,0.3790017128094533,0.5246572774815904,0.4857660639131506,0.1440011515361697,0.229950231452378,0.77160970449412,0.4194079132410044,0.1204992085731897,0.0,0.0,0.0,0.0,0.0,0.0,0.0,4.0,0.0,0.0,4,2,0,0,358,22,3,True,0.0015893867865944642,0.0009975894344238243,0.0008738926697092394,0.9959397165594062,0.0005994145498662487,0.9959397165594062,[0.99593972],0.031790021427096096,False,0.9943503297728117,False,0.9959397165594062,False,0,False,2025-07-25 13:25:48.851583,98,0.2
2015-11-25 23:00:00,0.6634658310150495,0.5606706308710805,0.6504424249358038,0.4659969879996878,0,0,0,3,0.4588515459658994,0.4186505280351281,0.4602632331998711,0.4120755819062976,0.4648777676661013,0.109823207176394,0.3267910798743457,0.6634658310150495,0.5262385328151146,0.1188893512919181,0.5257421654983871,0.6224021473170529,0.7602310432724293,0.501317054155487,0.5718985207917674,0.1085865897215633,0.3683123933068482,0.8114603965480744,0.5683469666690016,0.1552838948524277,0.6299651995481252,0.8329483691296249,0.5780697292948214,0.7615873846805532,0.6146553781386187,0.0791345995883761,0.4440768151760063,0.8329483691296249,0.6286659985578642,0.0207997407456928,0.4449079860757063,0.4544315235393339,0.4284870460048395,0.3623250104992733,0.4721336209419914,0.0908239710741722,0.1879053126554049,0.5880833939929474,0.5004904654126804,0.0369616258748329,0.0,0.0,0.0,0.0,0.0,0.0,0.0,4.0,0.0,0.0,23,2,0,0,353,17,3,True,0.0017239718765840722,0.001076783465664172,0.0009676165228066712,0.9959101640326006,0.00032146410234451447,0.9959101640326006,[0.99591016],0.03171113288726929,False,0.9941861921560166,False,0.9959101640326006,False,0,False,2025-07-25 13:25:48.851583,98,0.2
2015-06-13 09:00:00,0.6076664178606738,0.4202301549538763,0.4202835496791034,0.4369801254338099,0,0,0,2,0.3448316916816668,0.5051486796566808,0.5805101641380065,0.5331788093537232,0.46021069031781,0.1057933198804738,0.2983964740614923,0.6283321249511943,0.4679550992148813,0.1218566166178467,0.4707104754941401,0.3330503806764449,0.5007026629453715,0.340012526476136,0.4593902356503099,0.1269988590767597,0.1983909571104041,0.7048261817569759,0.5651146947163105,0.1192839791263919,0.1494918488552842,0.3693764015159392,0.4244364600875756,0.315818257124391,0.3903383005784224,0.0833348650741541,0.1494918488552842,0.4981784610376583,0.3183322301498033,0.1117393585697163,0.5397141164420876,0.2144279778833715,0.3099591839036036,0.4927676667205858,0.4655755881062052,0.156400392241057,0.1092210411268252,0.7087300965803506,0.5860722168683554,0.0910051982062285,0.0,0.0,0.0,0.0,0.0,0.0,5.0,5.0,0.0,0.0,9,5,1,1,340,3,2,True,0.001876686776984435,0.0007993851899847223,0.9959765605352923,0.0007346282352400067,0.000612739262498462,0.9959765605352923,[0.99597656],0.03133255426938098,False,0.9940998737583079,False,0.9959765605352923,False,0,False,2025-07-25 13:25:48.851583,98,0.2
2015-01-29 14:00:00,0.3805524232764609,0.5822706305943008,0.4767195429274136,0.3458470776334803,0,0,0,3,0.4161323358503107,0.2976934419342919,0.662948428217918,0.2944984177730486,0.4261696283933524,0.1207271583842481,0.2172935444607792,0.662948428217918,0.3764741265085476,0.0765982122707151,0.6226889185872242,0.7836914063196365,0.6595706782684638,0.6991898654298954,0.6568516718223195,0.1215421011095087,0.3810403049874535,0.961372599281255,0.6181112851430473,0.0764116670270344,0.7922515199579885,0.7640018542137279,0.61520641071487,0.6641960019034912,0.6713604851651741,0.0897126925912101,0.4767195429274136,0.8324998761895785,0.6904511514426548,0.121319568777848,0.4331758539776973,0.3267295163922035,0.3718351306248342,0.266892403713916,0.3890252303255834,0.0929475922978249,0.2565133220004311,0.6469328881288335,0.3684430568178176,0.0696740403957144,0.0,0.0,0.0,0.0,0.0,0.0,0.0,4.0,0.0,0.0,14,3,0,1,680,8,3,True,0.002691108752475167,0.0005973468499095222,0.0005381775771681076,0.9958318320761569,0.0003415347442904424,0.9958318320761569,[0.99583183],0.0312962175881917,False,0.9931407233236818,False,0.9958318320761569,False,0,False,2025-07-25 13:25:48.851583,98,0.2
2015-11-26 03:00:00,0.5398731897138126,0.7281865456820367,0.6366900698323381,0.4263284976663059,0,0,0,3,0.6130456695226679,0.3297267699417266,0.4290307114486816,0.5536480204280437,0.4695936656744083,0.1094540070048004,0.3267910798743457,0.6634658310150495,0.5248585142227093,0.1141119774160083,0.5809432657449183,0.8114603965480744,0.6425277326229677,0.4505557061583222,0.5725524424029597,0.1083274011083104,0.3683123933068482,0.8114603965480744,0.5775692588855991,0.0768423746855804,0.6916005040467039,0.6522875549816081,0.6888707865958499,0.5554507017065828,0.6268440376082376,0.0837889044381558,0.4440768151760063,0.8329483691296249,0.673550315468488,0.0396111818138986,0.4294291821071107,0.5413411293973881,0.4967151689900713,0.3965905106933796,0.4708800385708949,0.0964673471513493,0.1879053126554049,0.6426531862081725,0.466310393142429,0.0900676831762393,0.0,0.0,0.0,0.0,0.0,0.0,0.0,4.0,0.0,0.0,3,3,0,0,357,21,3,True,0.0019071037118099667,0.000938081803853371,0.0008392622492546408,0.9959821795770969,0.0003333726579852297,0.9959821795770969,[0.99598218],0.031105893025705166,False,0.9940750758652869,False,0.9959821795770969,False,0,False,2025-07-25 13:25:48.851583,98,0.2
2015-08-27 12:00:00,0.3072734096413733,0.364776906555376,0.438387972672899,0.284793204016659,0,0,0,2,0.5142801857542633,0.5309541397534071,0.5324469851542785,0.522760156434316,0.4809443228345142,0.1223571965856582,0.2460063263371631,0.7109312556744055,0.442286127629226,0.1021508345147322,0.3926589161624683,0.5435690293137057,0.5551201142777447,0.3118369852974456,0.4597590619724309,0.0968135102474226,0.2838103628585977,0.6107108036112334,0.4153751753010255,0.074489349045589,0.4259871851907968,0.427897068683737,0.2798251293771533,0.6065046565790335,0.3767143830632729,0.0949087941020611,0.1325463385053824,0.5226256976617172,0.3518513388405964,0.1110647395958313,0.4042666989166616,0.5143642949294998,0.4332145984202746,0.531215146030702,0.4283710019726743,0.0893207016099913,0.284793204016659,0.6383358079952323,0.398181727479667,0.0670861241812353,0.0,2.0,0.0,0.0,0.0,0.0,0.0,5.0,0.0,0.0,12,3,0,1,343,6,2,True,0.0018621753024165011,0.0007531852382622166,0.9960420910713241,0.0005655171089081262,0.000777031279089068,0.9960420910713241,[0.99604209],0.030864397357857707,False,0.9941799157689076,False,0.9960420910713241,False,0,False,2025-07-25 13:25:48.851583,98,0.2
2015-07-28 09:00:00,0.4323126175736677,0.6204922602901088,0.5127833299257176,0.5404520204184459,0,0,0,3,0.5220393949638907,0.4000037467831684,0.2707689496202946,0.6878439304927474,0.4419184051185961,0.1107197611657933,0.2494074973047614,0.6455729065980519,0.4919176243276038,0.1033584634466119,0.5905059899700562,0.7446178596814663,0.4276455177424494,0.5288560195515384,0.6130269547258534,0.1239535573362811,0.405018045171541,0.9460090382907512,0.6045090059089181,0.1056479496764511,0.6937236990453799,0.7274745792575668,0.6465285250771935,0.5857997912108348,0.6296558616447673,0.0855407057607931,0.51185780813231,0.7829471374662091,0.6395659694394027,0.1007089315036622,0.584683238180067,0.219350942942693,0.4266566399569196,0.4334784385147761,0.4675315578633632,0.1200154075602046,0.2061622545892621,0.747523667995628,0.5529390743404486,0.0653735641889381,0.0,0.0,0.0,0.0,0.0,0.0,4.0,4.0,0.0,0.0,9,1,0,1,339,3,3,True,0.0020906682618118348,0.0008285018387030808,0.0006690520643421944,0.9960010080544364,0.00041076978070670014,0.9960010080544364,[0.99600101],0.030863438509734848,False,0.9939103397926246,False,0.9960010080544364,False,0,False,2025-07-25 13:25:48.851583,98,0.2
2015-06-13 11:00:00,0.4199758719122538,0.4973462107465483,0.4561221423266459,0.5722760457682347,0,0,0,2,0.4755549535369759,0.4745335692741695,0.6283321249511943,0.4638754877040253,0.4631468177202746,0.1041006470596683,0.2983964740614923,0.6283321249511943,0.4393225743190832,0.10588520283144,0.450377424636988,0.7048261817569759,0.5144555490187619,0.2901259664623573,0.4713542994635866,0.1202330950995267,0.1983909571104041,0.7048261817569759,0.5103535699863092,0.101339278073046,0.3068305108259193,0.2927434089216553,0.4103577833527965,0.4876103477063827,0.3810534607621108,0.0801815357048015,0.1494918488552842,0.4975648571430426,0.3192536699739583,0.1090587380525038,0.6296036212784765,0.6594454857724582,0.5625706130016151,0.4354432987218265,0.4679800160955608,0.1533288969679598,0.1092210411268252,0.6608170451990473,0.5663417395475564,0.0777031165990378,0.0,2.0,0.0,0.0,0.0,0.0,3.0,5.0,0.0,0.0,11,5,1,1,342,5,2,True,0.001655934834209576,0.0006083027750535959,0.996070998358034,0.0006802319031953516,0.0009845321295074646,0.996070998358034,[0.996071],0.030806489869456312,False,0.9944150635238245,False,0.996070998358034,False,0,False,2025-07-25 13:25:48.851583,98,0.2
2015-05-29 19:00:00,0.4899220699325476,0.5938944801687516,0.7034264208899355,0.3582423805240653,0,0,0,3,0.5353778630757878,0.4380978869052182,0.2439907001159985,0.4609178445392979,0.4056244947862829,0.1128889683227738,0.1987452446586824,0.5649211521856813,0.4142776816625795,0.1325758322818863,0.4944547757945062,0.6747366796480483,0.6185846663411732,0.8051902852127049,0.5606692866388896,0.0993198740280532,0.3845908047693528,0.8187162496014417,0.5292685372760388,0.0419708948292989,0.5201732057688575,0.5966297515241559,0.6948338531831968,0.5109879640227839,0.642981509577241,0.0760029710264552,0.5201732057688575,0.7986327970845379,0.6221598276632688,0.1134123236641771,0.4909083070402439,0.382477800104733,0.409417280189591,0.5272446031253609,0.4596405046518215,0.1383780348274761,0.2168364561912094,0.6969383990157249,0.4903128756348618,0.1149069031598403,0.0,0.0,0.0,0.0,0.0,0.0,0.0,4.0,0.0,0.0,19,4,0,0,349,13,3,True,0.0020042168589090117,0.0005773721183444437,0.0010340871400402669,0.9960237848838642,0.00036053899884220343,0.9960237848838642,[0.99602378],0.030691857669747174,False,0.9940195680249552,False,0.9960237848838642,False,0,False,2025-07-25 13:25:48.851583,98,0.2
2015-11-25 21:00:00,0.3297267699417266,0.8114603965480744,0.6522875549816081,0.5413411293973881,0,0,0,3,0.5472666574477206,0.4290307114486816,0.5485060203784377,0.5438050641116515,0.4556184480092768,0.1019800747395312,0.3267910798743457,0.6447160429524356,0.4702889680948488,0.1141430743545791,0.3683123933068482,0.6425277326229677,0.5459173377304771,0.6887493400840718,0.5724338194170158,0.1092644963287648,0.3683123933068482,0.8114603965480744,0.5966197808955502,0.1556157828405,0.5975382805874885,0.6888707865958499,0.6761165940212543,0.7762521363309753,0.628519043658066,0.0968216307884451,0.4440768151760063,0.8515482122701108,0.6677076256196055,0.0861238670211933,0.5233172620086548,0.4967151689900713,0.5602199619500813,0.4520821366231143,0.4685556752240179,0.093433880558817,0.1879053126554049,0.5880833939929474,0.5224254559888282,0.0434940946280656,0.0,0.0,0.0,0.0,0.0,0.0,0.0,4.0,0.0,0.0,21,2,0,0,351,15,3,True,0.0018559366837016028,0.0008690354951483881,0.0007313089627103013,0.9960814563930753,0.00046226246536435535,0.9960814563930753,[0.99608146],0.030539024454821203,False,0.9942255197093737,False,0.9960814563930753,False,0,False,2025-07-25 13:25:48.851583,98,0.2
2015-04-14 15:00:00,0.5357096946884176,0.6843455902662103,0.5508929387910149,0.333019729261197,0,0,0,3,0.6253596828053888,0.4602023517035575,0.6344829110397042,0.4664857891589778,0.4476175138502736,0.113835068533057,0.2780584851529216,0.6344829110397042,0.4689112429929503,0.1160890849950362,0.4949288254759231,0.3954498985999683,0.5851046528900241,0.5909423434997865,0.5890068081891108,0.0998348272599043,0.3954498985999683,0.8062723183553362,0.5910506053643777,0.0786702893854798,0.6990750954875775,0.7524962760527225,0.6294079140865214,0.5380980405631453,0.6698138576717599,0.0961399358150829,0.5486125873495282,1.0,0.6698458108375372,0.0870491319839196,0.5360780613010702,0.573550006455554,0.3319142930783776,0.3941944403439211,0.4577252353050954,0.1090376613663903,0.2649289492893099,0.6534505245169367,0.4546528992057539,0.1419660828591354,0.0,0.0,0.0,0.0,0.0,0.0,0.0,4.0,0.0,0.0,15,1,0,1,345,9,3,True,0.0017588922676823923,0.0010700669404537064,0.000772288956893275,0.9960820877733362,0.0003166640616345089,0.9960820877733362,[0.99608209],0.030472213745253402,False,0.9943231955056537,False,0.9960820877733362,False,0,False,2025-07-25 13:25:48.851583,98,0.2
2015-11-26 00:00:00,0.3418701203223612,0.5454265058554175,0.7103136196954907,0.6426531862081725,0,0,0,3,0.6634658310150495,0.6155412917331776,0.3691793192970002,0.3816648483579702,0.4632196539979509,0.111422941665587,0.3267910798743457,0.6634658310150495,0.4806266709133118,0.1297747790218816,0.5606706308710805,0.4730859856373952,0.5187141080809463,0.6485300887521499,0.5676025381710702,0.107456670927266,0.3683123933068482,0.8114603965480744,0.5804037200386719,0.1490932199723378,0.6504424249358038,0.616458115212619,0.5779681931368053,0.6144563750929215,0.6186494299970591,0.0815075756324102,0.4440768151760063,0.8329483691296249,0.6443085826383429,0.0379797448038112,0.4659969879996878,0.5111092820950673,0.5421954368652394,0.5383569645630818,0.4764792968438702,0.0964511610856788,0.1879053126554049,0.6426531862081725,0.5224144494315311,0.0693459766695162,0.0,0.0,0.0,0.0,0.0,0.0,0.0,4.0,0.0,0.0,0,3,0,0,354,18,3,True,0.0016792419330875006,0.0008196033761487577,0.0009581599224489919,0.9961281139727184,0.0004148807955963105,0.9961281139727184,[0.99612811],0.03030899593547167,False,0.9944488720396308,False,0.9961281139727184,False,0,False,2025-07-25 13:25:48.851583,98,0.2
2015-11-25 18:00:00,0.6155412917331776,0.4730859856373952,0.616458115212619,0.5111092820950673,0,0,0,3,0.4186505280351281,0.3691793192970002,0.3794658036635215,0.3320960808185244,0.4559128036294678,0.1083188409738402,0.2766557714348562,0.6447160429524356,0.4806765991232791,0.1179616344657673,0.6224021473170529,0.5187141080809463,0.3813798044220095,0.5722404662970801,0.5735672579304762,0.0893648377054637,0.3813798044220095,0.7602310432724293,0.564976911897749,0.0760740707715717,0.8329483691296249,0.5779681931368053,0.5239477898109821,0.6446799339006986,0.6347145517151322,0.1019199365905973,0.4440768151760063,0.8515482122701108,0.6518540765982775,0.1157368717486348,0.4544315235393339,0.5421954368652394,0.3948719721581112,0.3854920374311117,0.4627641198148244,0.097819107069191,0.1879053126554049,0.6153530210274006,0.5156197335358301,0.0519899414245738,0.0,0.0,4.0,0.0,0.0,0.0,0.0,4.0,0.0,0.0,18,2,0,0,348,12,3,True,0.0017675870233519295,0.0005879468197452047,0.0011681247006471358,0.9961112984919406,0.00036504296431522993,0.9961112984919406,[0.9961113],0.030235095765848107,False,0.9943437114685887,False,0.9961112984919406,False,0,False,2025-07-25 13:25:48.851583,98,0.2
2015-05-29 18:00:00,0.5353778630757878,0.4944547757945062,0.5201732057688575,0.4909083070402439,0,0,0,3,0.2139503179278133,0.4764938000482684,0.199596143686873,0.5871486170521988,0.4044159853948976,0.1120997929562406,0.1987452446586824,0.5649211521856813,0.4056403178246913,0.1282805214386266,0.5326036448566467,0.5674168813423168,0.4156273682522904,0.4354147242145665,0.5694732785157209,0.1110637142593768,0.3845908047693528,0.8187162496014417,0.5427422371892551,0.0702894081325817,0.5408942503072851,0.5789653329045754,0.6911453028837777,0.6964769737176724,0.6349632405411096,0.0794229384114446,0.5109879640227839,0.7986327970845379,0.6043603827689723,0.1062622980894638,0.3567380590617457,0.6454617509375261,0.5905810996737796,0.3072315208313293,0.4666822639268755,0.1372895565247774,0.2168364561912094,0.6969383990157249,0.4943521122316398,0.1096411211279725,0.0,0.0,4.0,0.0,0.0,0.0,0.0,4.0,0.0,0.0,18,4,0,0,348,12,3,True,0.00184805945828421,0.0004907437435044624,0.0009350906746147063,0.9961376973295282,0.0005884087940684908,0.9961376973295282,[0.9961377],0.030123851490605133,False,0.9942896378712439,False,0.9961376973295282,False,0,False,2025-07-25 13:25:48.851583,98,0.2
2015-02-28 17:00:00,0.4203306949874298,0.66458594238274,0.318495352690739,0.6461372547006502,0,0,0,4,0.4741100657179523,0.3724788132879578,0.7502632635054881,0.3152730568829732,0.4517502127937285,0.1487940634452996,0.1273786850967674,0.7502632635054881,0.4440091083594731,0.0524366568489238,0.6254583247135144,0.4922380220289189,0.7203514879783162,0.5545873667840102,0.5842928107046924,0.1186020416062852,0.3245345186525195,0.8000236592232863,0.5292903290145922,0.1426524951973042,0.2538649061557514,0.4103784474812165,0.5022242409671782,0.3885659215777695,0.4162427532669703,0.101386807183739,0.2122876994227726,0.5936064039403226,0.3949056771099503,0.1046768471793034,0.8849552173773639,0.5690372676123815,0.6023340426120388,0.7080232599228996,0.6767737974063542,0.1070996051114051,0.4924196034650874,0.8849552173773639,0.6879713098571734,0.1219849821964433,4.0,0.0,0.0,0.0,0.0,0.0,4.0,9.0,0.0,0.0,17,5,1,1,347,1,4,True,0.0013794187497540031,0.0004479913783696459,0.0013775539516478203,0.0006284308987794489,0.996166605021449,0.996166605021449,[0.99616661],0.030072894805496346,False,0.994787186271695,False,0.996166605021449,False,0,False,2025-07-25 13:25:48.851583,98,0.2
2015-08-28 02:00:00,0.2747211617808059,0.4873924405629041,0.4263961155482675,0.4693268533343848,0,0,0,2,0.6973508558389893,0.23424419130066,0.3140292023417715,0.7109312556744055,0.4168947770660374,0.1333387711245528,0.23424419130066,0.6973508558389893,0.4106354344747749,0.1669624030008218,0.3029393159206616,0.3791981711057268,0.316026929130653,0.2930288850840846,0.4140524433849515,0.0950522686856048,0.2821896149802074,0.5578489553860808,0.4267065869422101,0.1073891012967174,0.2911567974070275,0.4031373639532092,0.3410563024353792,0.3175306438238531,0.3664247298698611,0.0967091278044035,0.1325463385053824,0.5040760398356008,0.3551055279092708,0.0829427828279356,0.3227500513642842,0.4796293850921002,0.4142709318467369,0.4394011334020231,0.4633498466929482,0.0951735339089794,0.284793204016659,0.7360034216270802,0.4310801997324554,0.0755206382149225,0.0,0.0,0.0,0.0,0.0,0.0,0.0,5.0,0.0,0.0,2,4,0,0,357,20,2,True,0.0017236747934642684,0.0004900788255425804,0.996159800813538,0.0006403867471138333,0.0009860588203412827,0.996159800813538,[0.9961598],0.030070274313112905,False,0.9944361260200738,False,0.996159800813538,False,0,False,2025-07-25 13:25:48.851583,98,0.2
2015-05-15 04:00:00,0.6133824340529804,0.8344386338652965,0.3600448061557351,0.5147714034083215,0,0,0,1,0.698563894408564,0.8088853226652865,0.6102801070303646,0.5330750174613835,0.6283137336807693,0.1202286381150483,0.4205026760185942,0.945268259654117,0.5896487385604187,0.0945621530717091,0.4160885320001287,0.458882762616404,0.4810258263268561,0.6623231515988006,0.5918497706609376,0.1520499600691463,0.3606887924567073,0.8963842981676489,0.5807732072226544,0.2209871448887675,0.4403403990656392,0.4760499288641266,0.2634477445556717,0.4567121457014476,0.391869629528102,0.0834382450741649,0.2634477445556717,0.5932940080061984,0.3527649220001931,0.0589228209602295,0.514702397136458,0.5229814138948591,0.409787293739604,0.3510694769700604,0.4569659631672891,0.1081512127633373,0.2941306012548419,0.6636637110169169,0.4809937704169353,0.0550947648772489,0.0,0.0,0.0,0.0,0.0,0.0,0.0,1.0,0.0,0.0,4,4,0,0,358,22,1,True,0.002177973743058145,0.9960972479074606,0.0008207298402120962,0.0005944065107993702,0.0003096419984697087,0.9960972479074606,[0.99609725],0.029993413582416847,False,0.9939192741644024,False,0.9960972479074606,False,0,False,2025-07-25 13:25:48.851583,98,0.2
2015-05-14 18:00:00,0.6467637307630395,0.6426477640127009,0.3864940093714148,0.3578823025444586,0,0,0,1,0.6677538725704529,0.4205026760185942,0.661503318583348,0.6059222585668534,0.6139772717559836,0.1259349403178131,0.3223353981895583,0.945268259654117,0.6168685437336349,0.0964224270723227,0.8963842981676489,0.5300522000024541,0.6801835815597046,0.5750358594495313,0.6024677541631668,0.1248923945591757,0.3606887924567073,0.8963842981676489,0.6296944285438614,0.1437605481832273,0.3385769252284473,0.5185149280742682,0.307857543306296,0.2814023274497662,0.3824882959569879,0.0581746459421015,0.2634477445556717,0.5185149280742682,0.3634885921935885,0.0575726091451686,0.3043333136022481,0.5853430078593843,0.6057252967041707,0.4436947688155186,0.4416080221296365,0.1109091545282216,0.2621124408756899,0.6636637110169169,0.4001233626630069,0.0712096317737358,0.0,0.0,1.0,0.0,0.0,0.0,0.0,1.0,0.0,0.0,18,3,0,0,348,12,1,True,0.0024565911054956137,0.9960709213231069,0.0005323661187342735,0.0004958916308676159,0.0004442298217955049,0.9960709213231069,[0.99607092],0.02989842893096026,False,0.9936143302176114,False,0.9960709213231069,False,0,False,2025-07-25 13:25:48.851583,98,0.2
2015-06-28 22:00:00,0.4729223645742976,0.7780508126143442,0.4758917745609603,0.8702463986238375,0,0,0,4,0.6054327958786841,0.7555105021074723,0.553327769629807,0.6264876111372376,0.6027814180687024,0.1122268213302421,0.4250907218552232,0.8503737654785656,0.5788121688936981,0.0793528240739004,0.6510134572897199,0.5865838303724755,0.5465545362488307,0.6489899229552964,0.6164649741154223,0.1170523073970566,0.4029668177981086,0.8101553755301993,0.6215063860715532,0.1014378844612471,0.5107415821636427,0.448734185890855,0.4029920942005638,0.3731382847113955,0.3711383097557941,0.0981829514499725,0.1598481752584524,0.5338385648721473,0.3869170329513474,0.1292969361724424,0.7464356305063856,0.7947178820037618,0.7662720340718102,0.6478314933263768,0.7300938477460893,0.1121028341764955,0.5049450708922094,0.9203724793706066,0.7236956927436542,0.0992717979086378,0.0,0.0,0.0,0.0,0.0,0.0,0.0,6.0,0.0,0.0,22,6,1,0,353,16,4,True,0.0008469333771307859,0.002215476014046741,0.0005436206841605931,0.00028643923031685385,0.996107530694345,0.996107530694345,[0.99610753],0.029840927125005193,False,0.9938920546802983,False,0.996107530694345,False,0,False,2025-07-25 13:25:48.851583,98,0.2
2015-01-30 04:00:00,0.6446762289661377,0.4766551703931169,0.6487004468988904,0.3346229739253501,0,0,0,3,0.5323191345444284,0.4381506479082052,0.3659515877810065,0.2172935444607792,0.4226715996453353,0.101228846849717,0.2228673862317595,0.6446762289661377,0.4760503175523354,0.1115961116060529,0.6766168255656082,0.982413494448754,0.5721714222446661,0.5950235009406908,0.6115300808786662,0.132845536248404,0.3810403049874535,0.982413494448754,0.5822584980793314,0.0755056851431804,0.5548445314264783,0.6941641313244022,0.6272800102110183,0.6457770312774629,0.6786783484519271,0.0882010505195473,0.4767195429274136,0.7996281001689967,0.6172044108518426,0.0920676616096522,0.4477540389438862,0.4745499562126045,0.3121413990757433,0.4348436949652936,0.402374729330686,0.1067741157072494,0.2325697931657514,0.6469328881288335,0.4267670073141487,0.1242174830237648,0.0,0.0,0.0,0.0,0.0,0.0,0.0,4.0,0.0,0.0,4,4,0,0,694,22,3,True,0.0022326246011572255,0.000645144573775258,0.0006261253398981831,0.9961338613937991,0.0003622440913702577,0.9961338613937991,[0.99613386],0.02971554508704033,False,0.9939012367926419,False,0.9961338613937991,False,0,False,2025-07-25 13:25:48.851583,98,0.2
2015-05-14 16:00:00,0.6102801070303646,0.4810258263268561,0.2634477445556717,0.409787293739604,0,0,0,1,0.7466904025713447,0.6618400873884095,0.5330750174613835,0.5544829155604473,0.6171640736323943,0.1302006718862406,0.3223353981895583,0.945268259654117,0.5942550636426044,0.1403618245647422,0.6106500060659166,0.6110967340421307,0.6623231515988006,0.669688494536973,0.5880091554998527,0.1076833806696421,0.3606887924567073,0.8180123708933671,0.5460233188907976,0.0548325722797274,0.3853727819799123,0.3108126340826075,0.4567121457014476,0.3681904381161541,0.3774604096997365,0.0622215538590241,0.2634477445556717,0.5185149280742682,0.3937081535493543,0.0831524351414039,0.3839257079550466,0.4188291843742003,0.3510694769700604,0.4398386449263191,0.4512311913902815,0.1052757736157639,0.2621124408756899,0.6636637110169169,0.4560367001021267,0.0775784529673147,0.0,0.0,0.0,0.0,0.0,0.0,0.0,1.0,0.0,0.0,16,3,0,1,346,10,1,True,0.0024279306437354096,0.9961155269366294,0.0007528167127274531,0.0003693541794976336,0.0003343715274100326,0.9961155269366294,[0.99611553],0.02950416882813454,False,0.993687596292894,False,0.9961155269366294,False,0,False,2025-07-25 13:25:48.851583,98,0.2
2015-06-13 12:00:00,0.2980598130141886,0.2646524812588769,0.4793280771671961,0.6759258265193048,0,0,0,2,0.4199758719122538,0.4745335692741695,0.6052908833924834,0.4739926737159675,0.4558162818577005,0.1093649917965814,0.2980598130141886,0.6283321249511943,0.4099102816090864,0.1179688405336604,0.4973462107465483,0.7048261817569759,0.5564389194481019,0.3994769349099782,0.4657366138947909,0.1267125846229819,0.1983909571104041,0.7048261817569759,0.4369912865699594,0.0912200930786702,0.4561221423266459,0.2927434089216553,0.4538680203927503,0.4820118024582323,0.3809416388749844,0.0800363566126039,0.1494918488552842,0.4975648571430426,0.3503511146815485,0.1253696591852897,0.5722760457682347,0.6594454857724582,0.1935608304434668,0.4620040396966343,0.4768934238798387,0.1590765799316731,0.1092210411268252,0.6759258265193048,0.5690884630053641,0.0818339407138835,0.0,3.0,0.0,0.0,0.0,0.0,0.0,5.0,0.0,0.0,12,5,1,1,343,6,2,True,0.0016707014164311141,0.0005401879360032744,0.9962735196348441,0.0008043694184043959,0.0007112215943172374,0.9962735196348441,[0.99627352],0.029353806316587613,False,0.994602818218413,False,0.9962735196348441,False,0,False,2025-07-25 13:25:48.851583,98,0.2
2015-05-29 15:00:00,0.4148475116325977,0.5026918469967714,0.7986327970845379,0.5950025899431494,0,0,0,3,0.5327425169059733,0.1987452446586824,0.4379541764082312,0.5305011455284326,0.4110769708027419,0.1110489677240313,0.1987452446586824,0.5871486170521988,0.4613682931127054,0.0609199045742339,0.5625908859465285,0.665228411191227,0.5839089052107433,0.5396618622087765,0.5695235666560401,0.117349289364492,0.3845908047693528,0.8187162496014417,0.5548553855599332,0.0695862175577283,0.643162428773461,0.6720954646142037,0.5465241236513636,0.5693338452308736,0.6565415519908383,0.0811954598962409,0.5109879640227839,0.84241424416301,0.6424823791198325,0.0796657481187506,0.5116918003318229,0.2168364561912094,0.3051074998559664,0.2987375444591115,0.4608226804882185,0.1358119647035024,0.2168364561912094,0.6969383990157249,0.525955918522872,0.1481849142222167,0.0,0.0,0.0,0.0,0.0,0.0,0.0,4.0,0.0,0.0,15,4,0,1,345,9,3,True,0.0019234482615305005,0.0005222941133252319,0.000949015015076445,0.9962273722545812,0.0003778703554865986,0.9962273722545812,[0.99622737],0.02932437638655869,False,0.9943039239930508,False,0.9962273722545812,False,0,False,2025-07-25 13:25:48.851583,98,0.2
2015-05-14 09:00:00,0.6148146454467353,0.438237056224907,0.4064184099295085,0.6636637110169169,0,0,0,1,0.5711915834194484,0.5749351148817686,0.5834307057991243,0.5965114046388381,0.6242141360243596,0.133992871163869,0.3223353981895583,0.9514356852170256,0.6644696615630933,0.1464922567950304,0.7118134908450422,0.5782044594434124,0.4950678644645375,0.6697287054046352,0.590900418280324,0.118484669535069,0.3606887924567073,0.8180123708933671,0.5911302241122159,0.1513471191048007,0.4123858155383226,0.4085973373220615,0.317997029443675,0.3523041483381844,0.3741125544257493,0.0537780873658416,0.2809969639751126,0.4655535184177066,0.4049109829899273,0.0573278515284071,0.5355381612352781,0.5333551987951226,0.4723781525952577,0.3568978443720267,0.4478396714148826,0.1040137214993895,0.2621124408756899,0.6636637110169169,0.4728862825650984,0.1473799162108318,0.0,0.0,0.0,0.0,0.0,0.0,1.0,1.0,0.0,0.0,9,3,0,1,339,3,1,True,0.002014398237352847,0.9962203203997603,0.0008683504948668855,0.00048042406161651226,0.00041650680640366777,0.9962203203997603,[0.99622032],0.02931047135310202,False,0.9942059221624074,False,0.9962203203997603,False,0,False,2025-07-25 13:25:48.851583,98,0.2
2015-05-29 11:00:00,0.5250828444791708,0.4719396459469862,0.6253322377875228,0.6969383990157249,0,0,0,3,0.3809451987050046,0.5322678326308038,0.5155698121559881,0.3961767547671194,0.3973771213247166,0.1146156279326238,0.1987452446586824,0.5871486170521988,0.3119368257096176,0.1267841098939085,0.5497563734789477,0.3845908047693528,0.5406497454764483,0.5600719202263207,0.583069493710043,0.1242359415561875,0.3845908047693528,0.8187162496014417,0.5191398647250894,0.1103138038988026,0.612171726644742,0.7072946190398499,0.7742307850779937,0.6668070458348423,0.6417757740697169,0.0848769242123564,0.4606208542934917,0.84241424416301,0.6517156559699356,0.0386213471492626,0.3241631708042757,0.4606738909920362,0.2829639511774506,0.7018520246950589,0.4348650998663868,0.129760692360892,0.2168364561912094,0.6969383990157249,0.450417785452487,0.1748141687381055,0.0,0.0,0.0,0.0,0.0,0.0,4.0,4.0,0.0,0.0,11,4,0,1,341,5,3,True,0.0017251488617762393,0.0005332353945751928,0.0010693945831694181,0.9962576371742148,0.0004145839862643385,0.9962576371742148,[0.99625764],0.029274509361370875,False,0.9945324883124386,False,0.9962576371742148,False,0,False,2025-07-25 13:25:48.851583,98,0.2
2015-06-13 15:00:00,0.4499440116072818,0.4844433757116446,0.4636903251323956,0.4628026383294804,0,0,0,2,0.3253744552677998,0.6076664178606738,0.5051486796566808,0.4011234397094197,0.4600808444021797,0.1077766872568534,0.2980598130141886,0.6283321249511943,0.4164612426841649,0.0892189672736534,0.6123941172195246,0.4202301549538763,0.3330503806764449,0.5297924811923056,0.482839725795007,0.1195346184722723,0.1983909571104041,0.7048261817569759,0.4733805923389402,0.1161431251248773,0.4726945831197877,0.4202835496791034,0.3693764015159392,0.4100795959192359,0.3873283363223642,0.0800700396106586,0.1494918488552842,0.4793280771671961,0.4371716370996584,0.0650260709654886,0.6935736349874785,0.4369801254338099,0.2144279778833715,0.5750159554446804,0.493875386817275,0.1623943222002423,0.1092210411268252,0.6935736349874785,0.6037039758707698,0.0837251926310461,0.0,0.0,0.0,0.0,0.0,0.0,0.0,5.0,0.0,0.0,15,5,1,1,346,9,2,True,0.0016234718006305697,0.0004238406556006455,0.9962847495736957,0.0006567397832604007,0.001011198186812518,0.9962847495736957,[0.99628475],0.029214400664995796,False,0.9946612777730651,False,0.9962847495736957,False,0,False,2025-07-25 13:25:48.851583,98,0.2
2015-01-29 22:00:00,0.4381506479082052,0.982413494448754,0.6941641313244022,0.4745499562126045,0,0,0,3,0.5782011727982231,0.3659515877810065,0.4560703604567585,0.5824650895289974,0.4047779393369124,0.1072337466626492,0.2172935444607792,0.662948428217918,0.444867827251075,0.1213419805730502,0.7106223081391989,0.5721714222446661,0.6169058556322775,0.462651430478014,0.6385016953474066,0.1347983372671414,0.3810403049874535,0.982413494448754,0.6983316641430425,0.1802046034875837,0.7193493216348299,0.6272800102110183,0.6919122029748421,0.6036522617237015,0.6825135959963923,0.0888307887778869,0.4767195429274136,0.8324998761895785,0.6896070045292739,0.0483076098567328,0.285620908655258,0.3121413990757433,0.3180005375093894,0.5120822048676954,0.3895347756492269,0.0954342507211008,0.2565133220004311,0.6469328881288335,0.4434237704078311,0.0922324175804685,0.0,0.0,0.0,0.0,0.0,0.0,0.0,4.0,0.0,0.0,22,3,0,0,688,16,3,True,0.0022266460039621684,0.0006035501782914464,0.0006430536438737641,0.9962123131753106,0.00031443699856185747,0.9962123131753106,[0.99621231],0.029114963996449673,False,0.9939856671713484,False,0.9962123131753106,False,0,False,2025-07-25 13:25:48.851583,98,0.2
2015-06-13 08:00:00,0.3448316916816668,0.4707104754941401,0.1494918488552842,0.5397141164420876,0,0,0,2,0.3133729416487595,0.5653325515413677,0.5025745674694858,0.5372340895386699,0.4571070399633538,0.1023147703941425,0.2983964740614923,0.6283321249511943,0.4508688095142157,0.1042666170561491,0.518630972329327,0.5163892678553668,0.1983909571104041,0.4410234937194966,0.4560478344637375,0.1291123105280124,0.1983909571104041,0.7048261817569759,0.5505847323367385,0.1433449933058268,0.2900505592351419,0.4167170133940607,0.4055023257222124,0.3528608228158586,0.3859855800553093,0.0844238542065815,0.1494918488552842,0.4981784610376583,0.3098477054559426,0.1041229409773503,0.5600310425902714,0.615687680045644,0.3654290349549881,0.3981909243050945,0.4679000689931542,0.1563714826557566,0.1092210411268252,0.7087300965803506,0.5489801922766157,0.1726532996587614,0.0,0.0,0.0,0.0,0.0,0.0,5.0,5.0,0.0,0.0,8,5,1,1,339,2,2,True,0.00163651820752593,0.0006938454691940416,0.9963210784468732,0.0005519598536372874,0.0007965980227694139,0.9963210784468732,[0.99632108],0.02904190779020809,False,0.9946845602393473,False,0.9963210784468732,False,0,False,2025-07-25 13:25:48.851583,98,0.2
2015-04-14 13:00:00,0.4899303628443957,0.6572711672141764,0.5761996899985409,0.5512524250390273,0,0,0,3,0.4334821049540426,0.3448857960442041,0.6215119151768612,0.329598068258904,0.4365798270214245,0.1055925474365147,0.2780584851529216,0.6344829110397042,0.4238321894289952,0.0745815352312615,0.5733053247058408,0.4876224291687326,0.5110155805473533,0.7493241025790491,0.5883483653938232,0.0959088170554734,0.3954498985999683,0.8062723183553362,0.5746354089294594,0.1081978184619757,0.7523045121720098,0.5747680678052947,0.6143842769009067,0.6254324946121947,0.6733476899486898,0.1001591916929289,0.5380980405631453,1.0,0.6913986752669397,0.075870227848466,0.3467365661459104,0.4054059706401574,0.4374233561747774,0.4938196959667575,0.4533852948485681,0.1069154395204341,0.2649289492893099,0.6534505245169367,0.5004683769388024,0.1373289014175003,0.0,0.0,0.0,0.0,0.0,0.0,0.0,4.0,0.0,0.0,13,1,0,1,343,7,3,True,0.001707758643729727,0.0008063501431724292,0.0008697234931769475,0.9963274324858842,0.00028873523403664806,0.9963274324858842,[0.99632743],0.028774683651528292,False,0.9946196738421544,False,0.9963274324858842,False,0,False,2025-07-25 13:25:48.851583,98,0.2
2015-11-26 01:00:00,0.5320447287964657,0.5244464396617539,0.7222900747524665,0.3885465187975908,0,0,0,3,0.3418701203223612,0.542579100787114,0.6447160429524356,0.3615690033148072,0.4703228092263533,0.1100868777419708,0.3267910798743457,0.6634658310150495,0.4788709422482038,0.1288368611548924,0.5454265058554175,0.6708102281522237,0.4986046815452213,0.6532702719675936,0.5622348784916603,0.1062015181767406,0.3683123933068482,0.8114603965480744,0.5560097552902602,0.1432001596574632,0.7103136196954907,0.6253044160815406,0.6091007607568211,0.6601724123659694,0.6212376659298298,0.0838364355730174,0.4440768151760063,0.8329483691296249,0.6604728590834972,0.0476750602404802,0.6426531862081725,0.5162701448995775,0.5667915099287154,0.4419051914686848,0.4742560188159079,0.0978870650174339,0.1879053126554049,0.6426531862081725,0.5011271784145334,0.0885531539033714,0.0,0.0,0.0,0.0,0.0,0.0,0.0,4.0,0.0,0.0,1,3,0,0,355,19,3,True,0.0016174119828605512,0.0008783120844959199,0.000840265216012073,0.9963508220918154,0.00031318862481605355,0.9963508220918154,[0.99635082],0.02869624105691533,False,0.9947334101089548,False,0.9963508220918154,False,0,False,2025-07-25 13:25:48.851583,98,0.2
2015-04-14 14:00:00,0.6253596828053888,0.4949288254759231,0.6990750954875775,0.5360780613010702,0,0,0,3,0.4899303628443957,0.430392704406518,0.5704021248906618,0.4296791044424487,0.4447331844532137,0.1123735695338466,0.2780584851529216,0.6344829110397042,0.456326685828807,0.1113974536866952,0.6572711672141764,0.6853333385326557,0.7482728176441591,0.5725294451554439,0.5851150062405098,0.0977555933846301,0.3954498985999683,0.8062723183553362,0.5429013234200041,0.0965304452784981,0.5761996899985409,0.6267889448022834,0.7715563498832725,0.7966819683617585,0.6692807369122655,0.0968608273783079,0.5380980405631453,1.0,0.7034463670478219,0.0689856307677128,0.5512524250390273,0.5704406505050038,0.3857920832292737,0.3707447792616904,0.4602741816002089,0.1066853631481787,0.2649289492893099,0.6534505245169367,0.4947412787381468,0.1345148827842071,0.0,0.0,0.0,0.0,0.0,0.0,0.0,4.0,0.0,0.0,14,1,0,1,344,8,3,True,0.0016006613057060171,0.0008348987471508706,0.0007152879110618879,0.996392745234816,0.0004564068012652328,0.996392745234816,[0.99639275],0.02851411229512351,False,0.99479208392911,False,0.996392745234816,False,0,False,2025-07-25 13:25:48.851583,98,0.2
2015-06-13 16:00:00,0.42134047576108,0.5229903134738452,0.3303815781342819,0.864390986321813,0,0,0,2,0.4499440116072818,0.4755549535369759,0.5927924055498487,0.4057965608590593,0.4607285075230973,0.1074825961183116,0.2980598130141886,0.6283321249511943,0.4074254963881821,0.0846663954508483,0.4844433757116446,0.450377424636988,0.5714642020065677,0.527748985226729,0.4826414478053034,0.1194608103602892,0.1983909571104041,0.7048261817569759,0.4854827404784164,0.1170464303924597,0.4636903251323956,0.3068305108259193,0.4646806052859797,0.4568748817456309,0.3820577820052247,0.07945394620544,0.1494918488552842,0.4793280771671961,0.4410968149843854,0.0556144134069668,0.4628026383294804,0.6296036212784765,0.6608170451990473,0.4753059983098174,0.5100872613177748,0.1790291761013488,0.1092210411268252,0.864390986321813,0.6428352033779926,0.1364909868041506,0.0,0.0,0.0,0.0,0.0,0.0,0.0,5.0,0.0,0.0,16,5,1,1,347,10,2,True,0.000977214746141557,0.00028211937172251497,0.9963805811874652,0.0007299634792962079,0.0016301212153745693,0.9963805811874652,[0.99638058],0.028427642290965227,False,0.9947504599720907,False,0.9963805811874652,False,0,False,2025-07-25 13:25:48.851583,98,0.2
2015-05-29 09:00:00,0.1987452446586824,0.665228411191227,0.6720954646142037,0.2168364561912094,0,0,0,3,0.3232608226119763,0.4379541764082312,0.5649211521856813,0.4750214012529775,0.3797865744784309,0.1275274802237875,0.0876781641061986,0.5871486170521988,0.3315723877728802,0.1474309717247689,0.3937027231399123,0.5839089052107433,0.8187162496014417,0.5908354575462975,0.5944316831377267,0.1254282557619902,0.3845908047693528,0.8187162496014417,0.5236491314876232,0.1390632734351991,0.6147153507061707,0.5465241236513636,0.6807979705395286,0.6369026925237451,0.6447312789923977,0.0846897864666201,0.4606208542934917,0.84241424416301,0.6909704996880981,0.049077057150914,0.4645703068403418,0.3051074998559664,0.2274704854722991,0.3451237503020513,0.4360887908066751,0.1293827396644364,0.2168364561912094,0.7018520246950589,0.4480412990056582,0.1306345115619948,0.0,0.0,0.0,0.0,0.0,0.0,4.0,4.0,0.0,0.0,9,4,0,1,339,3,3,True,0.0019576165788219727,0.0005716709605140451,0.0007906125458248409,0.9963537424498148,0.0003263574650245515,0.9963537424498148,[0.99635374],0.028382939500229853,False,0.9943961258709928,False,0.9963537424498148,False,0,False,2025-07-25 13:25:48.851583,98,0.2
2015-04-14 08:00:00,0.430392704406518,0.6853333385326557,0.6267889448022834,0.5704406505050038,0,0,0,3,0.3448857960442041,0.5704021248906618,0.3465151596121131,0.4909079990784851,0.4296576130509569,0.1030626202963753,0.2897987441831454,0.6344829110397042,0.4073794280735369,0.1174788640093702,0.4876224291687326,0.7482728176441591,0.6587068208502691,0.592330957977482,0.6004524386468678,0.109815858556853,0.3392115120999694,0.8062723183553362,0.5678909141007226,0.0832140708715742,0.5747680678052947,0.7715563498832725,0.6572056074069161,0.5608710309889788,0.6541668361358389,0.1080352221182102,0.5033110219903683,1.0,0.6395630820980168,0.0386537721434792,0.4054059706401574,0.3857920832292737,0.2649289492893099,0.3407080190211854,0.4474505455253681,0.0904075015591711,0.2649289492893099,0.6534505245169367,0.4557301829565173,0.0887030066773637,0.0,0.0,0.0,0.0,0.0,0.0,4.0,4.0,0.0,0.0,8,1,0,1,338,2,3,True,0.0018795623946296215,0.0006899010453204032,0.0007608319034663285,0.9963703232389004,0.00029938141768326724,0.9963703232389004,[0.99637032],0.02833505181688758,False,0.9944907608442708,False,0.9963703232389004,False,0,False,2025-07-25 13:25:48.851583,98,0.2
2015-02-28 19:00:00,0.3287066329759668,0.5692440131126559,0.4440044712244898,0.8286503270172073,0,0,0,4,0.3529828380944438,0.44928101088328,0.660913866426084,0.4677049545919874,0.4319696536620275,0.1426928070449397,0.1273786850967674,0.7502632635054881,0.4195871821753614,0.0741459306712627,0.6868968493704144,0.666053086457731,0.5437794960737083,0.5368040084250536,0.5939658062712824,0.1180183383288786,0.3245345186525195,0.8000236592232863,0.5735492052433956,0.1056434584922929,0.4504398151279118,0.4669538844884255,0.4779282930585109,0.4171794367179642,0.4113951885042251,0.09471719560141,0.2122876994227726,0.5661882847433379,0.3786455514839608,0.0855170203767875,0.7792636520899122,0.5207143853644028,0.7645707469835074,0.5510791666419578,0.7002910977813572,0.1009367007998233,0.4926607522806122,0.8849552173773639,0.7533617550982195,0.0988421009533973,0.0,0.0,0.0,0.0,0.0,0.0,4.0,9.0,0.0,0.0,19,5,1,0,349,3,4,True,0.0011043467731640816,0.00032144450467346545,0.0016571166237397028,0.00046461456696691257,0.9964524775314558,0.9964524775314558,[0.99645248],0.02782101935287646,False,0.9947953609077161,False,0.9964524775314558,False,0,False,2025-07-25 13:25:48.851583,98,0.2
2015-04-14 10:00:00,0.2780584851529216,0.6284748951880785,0.6869616156117109,0.3115331707105222,0,0,0,3,0.4602023517035575,0.3645316456455026,0.6283767879618402,0.4281140491989125,0.4248146578162723,0.1078733194823871,0.2780584851529216,0.6344829110397042,0.363920474768749,0.0689587946746605,0.3954498985999683,0.5068040851562663,0.5185849329061567,0.6534605538391602,0.6017546356405726,0.1040658120555626,0.3954498985999683,0.8062723183553362,0.5565602567243487,0.1124553371728892,0.7524962760527225,0.6817752235082708,0.6873939602354122,0.5033110219903683,0.6668359493862456,0.1046929442059071,0.506807389165354,1.0,0.6609422077762904,0.059738937674308,0.573550006455554,0.4327251951112433,0.3898509564661478,0.3413958353530149,0.448637148036149,0.0947520554641767,0.2649289492893099,0.6534505245169367,0.4758041311192598,0.1055822160185308,0.0,0.0,0.0,0.0,0.0,0.0,4.0,4.0,0.0,0.0,10,1,0,1,340,4,3,True,0.0017072694183694749,0.0008002411125574531,0.0007872487530694907,0.9964651254846246,0.00024011523137881422,0.9964651254846246,[0.99646513],0.02774265991519432,False,0.9947578560662551,False,0.9964651254846246,False,0,False,2025-07-25 13:25:48.851583,98,0.2
2015-01-30 01:00:00,0.4194472537816675,0.5474639484460142,0.5349025628148081,0.508579055086368,0,0,0,3,0.4263615210982768,0.4449885578732221,0.4161323358503107,0.341975360623585,0.4034920707824962,0.1069644350512413,0.2172935444607792,0.662948428217918,0.4011683940700014,0.1197821155376485,0.5360654198454367,0.536569167946175,0.6226889185872242,0.7037451250650821,0.6244141905239767,0.135728929900865,0.3810403049874535,0.982413494448754,0.6497192400228547,0.1838978348170312,0.5271081316961141,0.6282575246834357,0.7922515199579885,0.5821466563188165,0.6769371818070095,0.0874293681139443,0.4767195429274136,0.7996281001689967,0.6591233702692426,0.1008849639204451,0.2325697931657514,0.5018053035259188,0.4331758539776973,0.4619492765143534,0.3980346307593964,0.1061020265987954,0.2325697931657514,0.6469328881288335,0.4362339522972631,0.1423392565927685,0.0,0.0,0.0,0.0,0.0,0.0,0.0,4.0,0.0,0.0,1,4,0,0,691,19,3,True,0.0022286564470224398,0.0004808608999492217,0.0005446424236760163,0.9964120994057852,0.00033374082356712786,0.9964120994057852,[0.9964121],0.02762901050887689,False,0.9941834429587628,False,0.9964120994057852,False,0,False,2025-07-25 13:25:48.851583,98,0.2
2015-05-14 11:00:00,0.7583340467687151,0.5069532042595126,0.3878733746601888,0.4123526329220413,0,0,0,1,0.6618400873884095,0.660965144813528,0.608775016157269,0.5563037692393741,0.6374101284659311,0.1347494537384313,0.3223353981895583,0.9514356852170256,0.7021586568767955,0.1344007050815392,0.6110967340421307,0.693535271988134,0.7261859702605793,0.5483472593517908,0.592740818602373,0.1187211317398699,0.3606887924567073,0.8180123708933671,0.5514954765646674,0.1393079168340053,0.3108126340826075,0.3805384650462827,0.4485409720850043,0.3720808010669635,0.3707974632585225,0.0549382044027055,0.2809969639751126,0.4655535184177066,0.3818168826557717,0.0618058043525913,0.4188291843742003,0.3202880735772135,0.4636780904400809,0.4482201132713358,0.4473714611773956,0.1038501913768544,0.2621124408756899,0.6636637110169169,0.499523660356593,0.1206713256993206,0.0,0.0,0.0,0.0,0.0,0.0,1.0,1.0,0.0,0.0,11,3,0,1,341,5,1,True,0.0019358397681236677,0.9964890429920296,0.0007820328622556379,0.00044486369948881294,0.00034822067810233334,0.9964890429920296,[0.99648904],0.027398863680199788,False,0.994553203223906,False,0.9964890429920296,False,0,False,2025-07-25 13:25:48.851583,98,0.2
2015-07-28 08:00:00,0.5220393949638907,0.5905059899700562,0.6937236990453799,0.584683238180067,0,0,0,3,0.4759924063951112,0.3599339326101681,0.4031688357885138,0.4964243319322777,0.452565543156891,0.1215158466145691,0.2494074973047614,0.6878439304927474,0.4865328125291873,0.1078297609166537,0.4167345043423073,0.435674377183661,0.5728161340009139,0.6428015360128332,0.609208778028413,0.125119468619822,0.405018045171541,0.9460090382907512,0.6251966058074777,0.1205110883708677,0.6654241883472216,0.6047165225118469,0.7411730683559736,0.6322828598493953,0.6326982141983138,0.0824457419190235,0.51185780813231,0.7829471374662091,0.6753478443280443,0.0832868236852296,0.4686191072508529,0.747523667995628,0.4434710063514053,0.6208404395222512,0.4630743252840436,0.119172959826227,0.2061622545892621,0.747523667995628,0.4994222280944898,0.1518613264626247,0.0,0.0,0.0,0.0,0.0,0.0,4.0,4.0,0.0,0.0,8,1,0,1,338,2,3,True,0.0016436318028423512,0.0007522768403605895,0.0005061708391384008,0.9965631646358982,0.0005347558817605473,0.9965631646358982,[0.99656316],0.027248511629219756,False,0.9949195328330559,False,0.9965631646358982,False,0,False,2025-07-25 13:25:48.851583,98,0.2
2015-07-28 19:00:00,0.3515822181711606,0.8266689202728388,0.6909052002041678,0.77160970449412,0,0,0,3,0.4697023787928628,0.4370604520662974,0.4759924063951112,0.3270356469179908,0.4532040528332968,0.1060098904032012,0.2707689496202946,0.7861824292675327,0.4461920774144867,0.0533650729363636,0.6249111087340391,0.6366310747147756,0.4167345043423073,0.6146369782206176,0.643247591441918,0.1339668093259586,0.4167345043423073,0.9460090382907512,0.6946436914026894,0.1408164289179822,0.7255472566618784,0.627191080557675,0.6654241883472216,0.7290364430903138,0.6554068269401158,0.0857389847161295,0.4980222442382072,0.8300002078034654,0.6536748481065661,0.0808258327639098,0.6742258162421327,0.3551349324064787,0.4686191072508529,0.3847121701777132,0.4896776057777548,0.1431363770231701,0.219350942942693,0.77160970449412,0.4770997891190032,0.2080105766848206,0.0,0.0,0.0,0.0,0.0,0.0,0.0,4.0,0.0,0.0,19,1,0,0,349,13,3,True,0.0013128149538878962,0.0011659093468348273,0.00044715041872052364,0.9966057827790546,0.00046834250150221536,0.9966057827790546,[0.99660578],0.02701374680775805,False,0.9952929678251667,False,0.9966057827790546,False,0,False,2025-07-25 13:25:48.851583,98,0.2
2015-05-29 23:00:00,0.5633822980064355,0.8092688356699491,0.8215818222150477,0.2926144901675152,0,0,0,3,0.4912583037726169,0.2139503179278133,0.5250828444791708,0.5155698121559881,0.4049011315895655,0.1129382644275746,0.1987452446586824,0.5633822980064355,0.4786650717978789,0.0775597039382014,0.5879671160054609,0.5326036448566467,0.4719396459469862,0.5406497454764483,0.558704266558155,0.1023985186656996,0.3845908047693528,0.8092688356699491,0.5826298611844909,0.13025017184057,0.6210343083462495,0.5408942503072851,0.6253322377875228,0.7742307850779937,0.638374473309162,0.0870862594598871,0.4672961587103061,0.8215818222150477,0.6318897985211712,0.1276423042480711,0.4583019247579321,0.3567380590617457,0.6969383990157249,0.2829639511774506,0.4610600231106292,0.1216020142065333,0.2168364561912094,0.6969383990157249,0.4049861347813118,0.0717094184928569,0.0,0.0,0.0,0.0,0.0,0.0,0.0,4.0,0.0,0.0,23,4,0,0,353,17,3,True,0.001804049586251113,0.0004701982047323107,0.0007936933626162333,0.9965842287981479,0.0003478300482524358,0.9965842287981479,[0.99658423],0.026846315602703605,False,0.9947801792118968,False,0.9965842287981479,False,0,False,2025-07-25 13:25:48.851583,98,0.2
2015-05-29 17:00:00,0.2139503179278133,0.5326036448566467,0.5408942503072851,0.3567380590617457,0,0,0,3,0.2988258105007572,0.5250828444791708,0.5322678326308038,0.2426377900684663,0.4065731001439146,0.1151850851170797,0.1987452446586824,0.5871486170521988,0.3958263073201047,0.1182285560980521,0.489375589893029,0.4719396459469862,0.3845908047693528,0.6569660545658926,0.5670132763665569,0.1134263024388897,0.3845908047693528,0.8187162496014417,0.5549025881138901,0.0664724285799949,0.5266698631555364,0.6253322377875228,0.7072946190398499,0.84241424416301,0.6423092308723103,0.0764415473950614,0.5109879640227839,0.7986327970845379,0.6141590706249253,0.099438143647643,0.629294116908144,0.6969383990157249,0.4606738909920362,0.4964444196437949,0.4590290645015041,0.1409510610170029,0.2168364561912094,0.6969383990157249,0.5201110195478534,0.1256558892291715,0.0,0.0,0.0,0.0,0.0,0.0,0.0,4.0,0.0,0.0,17,4,0,1,347,11,3,True,0.0015438384707040852,0.00044422482446628155,0.0009687946128779265,0.9966726033711901,0.0003705387207615959,0.9966726033711901,[0.9966726],0.026395288371885012,False,0.9951287649004861,False,0.9966726033711901,False,0,False,2025-07-25 13:25:48.851583,98,0.2
2015-05-29 08:00:00,0.3232608226119763,0.3937027231399123,0.6147153507061707,0.4645703068403418,0,0,0,3,0.2439907001159985,0.3892171239048246,0.3879238592878405,0.2964946561879308,0.3912980810031932,0.1228587547498734,0.0876781641061986,0.5871486170521988,0.3714405430644716,0.1362473289909188,0.6185846663411732,0.5480838951241418,0.5314141095774292,0.5697555539251118,0.5913319767358546,0.1245185246775592,0.3845908047693528,0.8187162496014417,0.5100958804908758,0.1258390832014044,0.6948338531831968,0.667681103854662,0.6311461342715872,0.515288549217852,0.6432649134886286,0.0844998484883891,0.4606208542934917,0.84241424416301,0.6700419428609581,0.0773605188049752,0.409417280189591,0.5497384123063075,0.6607485028694219,0.478408184680801,0.4414340947279602,0.1223918980364423,0.2274704854722991,0.7018520246950589,0.462753139616451,0.100997663466806,0.0,0.0,0.0,0.0,0.0,0.0,4.0,4.0,0.0,0.0,8,4,0,1,338,2,3,True,0.0015512841878452552,0.0003697721394892908,0.0009576163153831196,0.9966822108582735,0.00043911649900873356,0.9966822108582735,[0.99668221],0.026320347306955993,False,0.9951309266704282,False,0.9966822108582735,False,0,False,2025-07-25 13:25:48.851583,98,0.2
2015-01-29 11:00:00,0.2760464952443674,0.649729865726447,0.7996281001689967,0.4627936739333221,0,0,0,3,0.4560703604567585,0.3849963501300922,0.4717485345430195,0.4140207113624482,0.4259825491159123,0.1281463066488011,0.2172935444607792,0.662948428217918,0.3554999796637032,0.0896442835873186,0.6169058556322775,0.3810403049874535,0.6879744412369386,0.4756189594542734,0.6530738294417986,0.123177103178478,0.3810403049874535,0.961372599281255,0.6123695708072856,0.1091766022994374,0.6919122029748421,0.7362349630653175,0.8324998761895785,0.732131271343972,0.6807842518427919,0.0781790574932419,0.5312814480137238,0.8324998761895785,0.7366322015637424,0.0527225612473724,0.3180005375093894,0.6469328881288335,0.39625876024475,0.3602182007381386,0.3851739690305509,0.0977697944095898,0.2565133220004311,0.6469328881288335,0.3367487550382357,0.0640353725797606,0.0,0.0,0.0,0.0,0.0,0.0,4.0,4.0,0.0,0.0,11,3,0,1,677,5,3,True,0.001988816784109983,0.000506298514995473,0.0005547974242965867,0.9966370138372472,0.0003130734393508596,0.9966370138372472,[0.99663701],0.02625565820702614,False,0.9946481970531372,False,0.9966370138372472,False,0,False,2025-07-25 13:25:48.851583,98,0.2
2015-06-13 13:00:00,0.529858350766489,0.5310699444600586,0.4443641840260055,0.5880420883416443,0,0,0,2,0.2980598130141886,0.3133729416487595,0.492097362759243,0.2983964740614923,0.4654605267204086,0.1049979482142595,0.2980598130141886,0.6283321249511943,0.445991183128708,0.1156203522269698,0.2646524812588769,0.518630972329327,0.3508425128097542,0.2299567298165492,0.4782829978382704,0.1168775330230351,0.1983909571104041,0.7048261817569759,0.439064448591748,0.0935579975002766,0.4793280771671961,0.2900505592351419,0.3146619731671843,0.4975648571430426,0.3787249441617744,0.0773578183225183,0.1494918488552842,0.4793280771671961,0.3760700521466924,0.1263497328652363,0.6759258265193048,0.5600310425902714,0.4256226987632169,0.38076764750208,0.4855298589148205,0.1592573783681659,0.1092210411268252,0.6759258265193048,0.5737569706305929,0.0820126850334123,0.0,0.0,0.0,0.0,0.0,0.0,0.0,5.0,0.0,0.0,13,5,1,1,344,7,2,True,0.0014855305541498754,0.00036930267087537127,0.9967305444292897,0.0006708022442767469,0.0007438201014081261,0.9967305444292897,[0.99673054],0.02611662546354234,False,0.9952450138751398,False,0.9967305444292897,False,0,False,2025-07-25 13:25:48.851583,98,0.2
2015-01-29 21:00:00,0.5782011727982231,0.7106223081391989,0.7193493216348299,0.285620908655258,0,0,0,3,0.2228673862317595,0.4985798655942653,0.2906460621701564,0.5573643783568468,0.4107910410711121,0.1130736516387001,0.2172935444607792,0.662948428217918,0.4328346505632086,0.1256449358736889,0.4727345310597148,0.4263106751385369,0.5025908489601856,0.7184676400799186,0.6168449426819592,0.1178272946563689,0.3810403049874535,0.815630334264829,0.6299579854423613,0.1179259566696112,0.7291327286792935,0.7570683162259664,0.7441312338372963,0.6734363143664213,0.6787422680963631,0.0902250647074031,0.4767195429274136,0.8324998761895785,0.6784596510103768,0.0543809373284812,0.538514967512116,0.3048113923824891,0.2783935016760899,0.3082186527492587,0.391098619343189,0.0971794865089972,0.2565133220004311,0.6469328881288335,0.4163556775516876,0.1043112898379649,0.0,0.0,0.0,0.0,0.0,0.0,0.0,4.0,0.0,0.0,21,3,0,0,687,15,3,True,0.002078284689897552,0.0004663602773877426,0.0005508393451740368,0.9966502430930427,0.00025427259449779766,0.9966502430930427,[0.99665024],0.025995484332351843,False,0.9945719584031452,False,0.9966502430930427,False,0,False,2025-07-25 13:25:48.851583,98,0.2
2015-01-29 19:00:00,0.4449885578732221,0.536569167946175,0.6282575246834357,0.5018053035259188,0,0,0,3,0.4610774901003324,0.4161323358503107,0.4806022932912283,0.6497939146530792,0.4171552516922847,0.1045582805703736,0.2172935444607792,0.662948428217918,0.4458452722033325,0.0628582192123666,0.7563641118787237,0.6226889185872242,0.6362435689306094,0.961372599281255,0.6273478752153971,0.1156185390997059,0.3810403049874535,0.815630334264829,0.6008287298646818,0.1240660617101964,0.7351325165481781,0.7922515199579885,0.763503683203159,0.7162686665544618,0.6705153224135024,0.0912899166287936,0.4767195429274136,0.8324998761895785,0.6426772858169195,0.0997425017358995,0.3861295121945888,0.4331758539776973,0.3167230537317981,0.3424035259907015,0.3897497989038336,0.0931859617352686,0.2565133220004311,0.6469328881288335,0.3874427765264535,0.0834117607516159,0.0,0.0,0.0,0.0,0.0,0.0,0.0,4.0,0.0,0.0,19,3,0,0,685,13,3,True,0.0020218361633463225,0.000458095461555751,0.0004910638911118515,0.9967101755354083,0.00031882894857779775,0.9967101755354083,[0.99671018],0.025657637659200257,False,0.994688339372062,False,0.9967101755354083,False,0,False,2025-07-25 13:25:48.851583,98,0.2
2015-06-13 14:00:00,0.3253744552677998,0.6123941172195246,0.4726945831197877,0.6935736349874785,0,0,0,2,0.529858350766489,0.3448316916816668,0.5653325515413677,0.5033074028031578,0.4580466539064354,0.1084350414874909,0.2980598130141886,0.6283321249511943,0.4427483103930634,0.1192412548021981,0.5310699444600586,0.4707104754941401,0.5163892678553668,0.4576835407771848,0.4847292718567011,0.1199188812106733,0.1983909571104041,0.7048261817569759,0.4626783888793122,0.1178655916150163,0.4443641840260055,0.1494918488552842,0.4167170133940607,0.3198239004787925,0.3850945559384826,0.0785810494019987,0.1494918488552842,0.4793280771671961,0.4299371745241096,0.0638903615817729,0.5880420883416443,0.5397141164420876,0.615687680045644,0.381067648213371,0.498550941697075,0.1630747603911253,0.1092210411268252,0.6935736349874785,0.5994002237214914,0.09260892083785,0.0,0.0,0.0,0.0,0.0,0.0,0.0,5.0,0.0,0.0,14,5,1,1,345,8,2,True,0.0011096096908472886,0.0003174760911034451,0.9968066051973418,0.0005632323703906138,0.0012030766503167108,0.9968066051973418,[0.99680661],0.025597231680305043,False,0.995603528547025,False,0.9968066051973418,False,0,False,2025-07-25 13:25:48.851583,98,0.2
2015-04-14 12:00:00,0.4334821049540426,0.5733053247058408,0.7523045121720098,0.3467365661459104,0,0,0,3,0.4509271275125358,0.3165597476031611,0.5016443935506135,0.3815621223463464,0.4298993147470289,0.1071311254407042,0.2780584851529216,0.6344829110397042,0.3996580949622966,0.0723453805396921,0.5079778293360369,0.499348895893263,0.5695531647675203,0.7512444098852835,0.5921839043673595,0.1005150410714919,0.3954498985999683,0.8062723183553362,0.5463606192552188,0.1043835689296625,0.7536410129643702,0.67202294731851,0.6210132760161948,0.506807389165354,0.6753990568075919,0.0985746246030244,0.5380980405631453,1.0,0.6911600715680652,0.076305973774723,0.6492974427767965,0.4500819326838646,0.4265012133120328,0.4951090811177552,0.4509922644705568,0.1052596138616952,0.2649289492893099,0.6534505245169367,0.4761606345389906,0.1394336970241244,0.0,4.0,0.0,0.0,0.0,0.0,0.0,4.0,0.0,0.0,12,1,0,1,342,6,3,True,0.0015183750509127581,0.0006357647560764722,0.0008178712696756702,0.9968079702182847,0.00022001870505028695,0.9968079702182847,[0.99680797],0.02538806046842364,False,0.9952895951673719,False,0.9968079702182847,False,0,False,2025-07-25 13:25:48.851583,98,0.2
2015-04-14 18:00:00,0.4242515905802525,0.6156108019208582,0.527515566984289,0.4733187759611048,0,0,0,3,0.4149665162756054,0.4334821049540426,0.3165597476031611,0.4170771686236482,0.4565348509370493,0.105678384949491,0.2780584851529216,0.6344829110397042,0.4810940247644547,0.0879313580942748,0.5396932008565387,0.5733053247058408,0.499348895893263,0.5633142856187605,0.5838797100507293,0.1015185584510918,0.3954498985999683,0.8062723183553362,0.576965816404987,0.0883691168601278,0.7788341380394332,0.7523045121720098,0.67202294731851,1.0,0.6528919667389135,0.0736836241657697,0.527515566984289,0.7788341380394332,0.6299005841174687,0.0968127152846403,0.4404106217203395,0.3467365661459104,0.4500819326838646,0.6534505245169367,0.4562518925687485,0.1036503795807631,0.2649289492893099,0.6492974427767965,0.484411938784713,0.0892819227810396,0.0,0.0,4.0,0.0,0.0,0.0,0.0,4.0,0.0,0.0,18,1,0,0,348,12,3,True,0.001517380758376056,0.0005513443305810869,0.0008145736851967727,0.9968470869958066,0.00026961423003937036,0.9968470869958066,[0.99684709],0.025143491960333303,False,0.9953297062374306,False,0.9968470869958066,False,0,False,2025-07-25 13:25:48.851583,98,0.2
2015-07-28 07:00:00,0.4759924063951112,0.4167345043423073,0.6654241883472216,0.4686191072508529,0,0,0,3,0.5722539316252754,0.5127880346711694,0.3270356469179908,0.431576590675285,0.4514982488639072,0.1209904705126078,0.2494074973047614,0.6878439304927474,0.4595152354702335,0.1170667748564485,0.5915823040387522,0.7369353768199469,0.6146369782206176,0.674544977766115,0.6113877591135287,0.1252349098675788,0.405018045171541,0.9460090382907512,0.5993913370097452,0.1437597836883982,0.6451593879233941,0.6723913275769036,0.7290364430903138,0.69501247945851,0.6301381792318145,0.0814159156310581,0.51185780813231,0.7829471374662091,0.6605133149057887,0.0871942738988117,0.5366091517187653,0.4649624278361225,0.3847121701777132,0.4826574194205743,0.464580875339968,0.1209918101088318,0.2061622545892621,0.747523667995628,0.5265622997304166,0.1817551628343609,4.0,0.0,0.0,0.0,0.0,0.0,4.0,4.0,0.0,0.0,7,1,0,0,337,1,3,True,0.001574514368045976,0.0006621788066874654,0.0005668901232239627,0.9968717835315951,0.00032463317044736933,0.9968717835315951,[0.99687178],0.02497748169211808,False,0.9952972691635491,False,0.9968717835315951,False,0,False,2025-07-25 13:25:48.851583,98,0.2
2015-01-29 13:00:00,0.4161323358503107,0.6226889185872242,0.7922515199579885,0.4331758539776973,0,0,0,3,0.4393970820532319,0.4806022932912283,0.341975360623585,0.5778545870352473,0.4225840448307102,0.1233894330302693,0.2172935444607792,0.662948428217918,0.3626642962848528,0.0829239722974788,0.7344815913578486,0.6362435689306094,0.7037451250650821,0.5154586516759925,0.6617233066071359,0.1207634585144394,0.3810403049874535,0.961372599281255,0.6516814144306032,0.0985537587485372,0.638064308789392,0.763503683203159,0.5821466563188165,0.6946505209366851,0.6791720042891772,0.0796225343228383,0.5312814480137238,0.8324998761895785,0.7383315366570407,0.0625547864070419,0.3724476961769266,0.3167230537317981,0.4619492765143534,0.4688105225887763,0.3857354522456015,0.0958928736826815,0.2565133220004311,0.6469328881288335,0.3652567966109381,0.0713314617545763,0.0,0.0,0.0,0.0,0.0,0.0,0.0,4.0,0.0,0.0,13,3,0,1,679,7,3,True,0.0019406189143712723,0.0004794366317557533,0.0004752436079227519,0.9968327403360793,0.0002719605098711541,0.9968327403360793,[0.99683274],0.02481436992886171,False,0.994892121421708,False,0.9968327403360793,False,0,False,2025-07-25 13:25:48.851583,98,0.2
2015-04-14 17:00:00,0.4149665162756054,0.5396932008565387,0.7788341380394332,0.4404106217203395,0,0,0,3,0.3963463013926681,0.4509271275125358,0.3534237637021314,0.2897987441831454,0.4562359166888574,0.105783770260294,0.2780584851529216,0.6344829110397042,0.482632443826753,0.0868115785667998,0.4699453126962152,0.5079778293360369,0.643132082963394,0.5284521981003254,0.5817006885381418,0.1013690044785706,0.3954498985999683,0.8062723183553362,0.5699149035358174,0.0863332799486043,0.6468860754039572,0.7536410129643702,0.6526153950672207,0.7259566762584806,0.6725788181145681,0.0978766688776621,0.5486125873495282,1.0,0.6673654083154222,0.0926734705950328,0.5723920194255393,0.6492974427767965,0.5438130557204571,0.4172781596258178,0.4637573820919082,0.1111877128589245,0.2649289492893099,0.6534505245169367,0.463314903815514,0.1058463502821423,0.0,0.0,0.0,0.0,0.0,0.0,0.0,4.0,0.0,0.0,17,1,0,1,347,11,3,True,0.0013616773939831117,0.0005444286074219889,0.0007790341492346981,0.9969290898402492,0.00038577000911100813,0.9969290898402492,[0.99692909],0.02475191113889835,False,0.9955674124462661,False,0.9969290898402492,False,0,False,2025-07-25 13:25:48.851583,98,0.2
2015-05-29 12:00:00,0.4764938000482684,0.5674168813423168,0.5789653329045754,0.6454617509375261,0,0,0,3,0.5250828444791708,0.199596143686873,0.3969658854819918,0.4156863253367487,0.3999107661043633,0.1157048770507906,0.1987452446586824,0.5871486170521988,0.3580864351031835,0.1281022270618565,0.4719396459469862,0.4156273682522904,0.6872560836683856,0.7206441946809088,0.5766850223209351,0.1207467744710566,0.3845908047693528,0.8187162496014417,0.5444381169067606,0.0986118661012578,0.6253322377875228,0.6911453028837777,0.6398392982331944,0.4606208542934917,0.6467067940118455,0.0769637434805475,0.5109879640227839,0.84241424416301,0.6330189943067352,0.0426580913412552,0.6969383990157249,0.5905810996737796,0.5095407408723989,0.4158883619989595,0.4444306577388271,0.1365833226833129,0.2168364561912094,0.6969383990157249,0.4595645606631115,0.1847670862443224,0.0,4.0,0.0,0.0,0.0,0.0,0.0,4.0,0.0,0.0,12,4,0,1,342,6,3,True,0.001465154341473627,0.0004057640383659351,0.0008285324938375906,0.9969543645409074,0.0003461845854154837,0.9969543645409074,[0.99695436],0.024408931054839655,False,0.9954892101994337,False,0.9969543645409074,False,0,False,2025-07-25 13:25:48.851583,98,0.2
2015-05-29 07:00:00,0.2439907001159985,0.6185846663411732,0.6948338531831968,0.409417280189591,0,0,0,3,0.199596143686873,0.3510793278251659,0.4609178445392979,0.4518061944099384,0.390182824068858,0.1236223321081028,0.0876781641061986,0.5871486170521988,0.382433259946613,0.1342284289579416,0.4156273682522904,0.6008680092504899,0.8051902852127049,0.5892834985299853,0.5986675113519045,0.1173490940723978,0.3845908047693528,0.8187162496014417,0.5358260758215808,0.1123395200025031,0.6911453028837777,0.6073226562432363,0.5109879640227839,0.7082969185712125,0.639122130093282,0.0883117328483336,0.4606208542934917,0.84241424416301,0.6788695683857066,0.0726639240280826,0.5905810996737796,0.4411216117914867,0.5272446031253609,0.4306975176438603,0.4420106729713127,0.1225381368518427,0.2274704854722991,0.7018520246950589,0.4769478238607786,0.107104473606104,4.0,0.0,0.0,0.0,0.0,0.0,4.0,4.0,0.0,0.0,7,4,0,0,337,1,3,True,0.001622144502363528,0.00039613766096277157,0.0006392978654297842,0.9969707678944059,0.0003716520768380907,0.9969707678944059,[0.99697077],0.02418581526679899,False,0.9953486233920423,False,0.9969707678944059,False,0,False,2025-07-25 13:25:48.851583,98,0.2
2015-04-14 11:00:00,0.4509271275125358,0.5079778293360369,0.7536410129643702,0.6492974427767965,0,0,0,3,0.2780584851529216,0.3534237637021314,0.501823292013902,0.380815343782071,0.427735982138375,0.1075789139009553,0.2780584851529216,0.6344829110397042,0.3801710354038163,0.0770091801899588,0.6284748951880785,0.643132082963394,0.7240948997965977,0.5597362947137081,0.5995980329165029,0.1055008490530495,0.3954498985999683,0.8062723183553362,0.5340345477864559,0.1049305866437331,0.6869616156117109,0.6526153950672207,0.5486125873495282,0.7936235578587154,0.665170010015648,0.1028902965667137,0.506807389165354,1.0,0.6777798107591485,0.0702373217035353,0.3115331707105222,0.5438130557204571,0.4683900443542944,0.4444021333791644,0.4571744525943838,0.1032073179944904,0.2649289492893099,0.6534505245169367,0.4933848622953163,0.1259827324749688,0.0,0.0,0.0,0.0,0.0,0.0,4.0,4.0,0.0,0.0,11,1,0,1,341,5,3,True,0.001468710587793696,0.000543981636739989,0.0006255246015726922,0.997019156931339,0.000342626242554713,0.997019156931339,[0.99701916],0.02399444357511254,False,0.9955504463435453,False,0.997019156931339,False,0,False,2025-07-25 13:25:48.851583,98,0.2
2015-01-29 10:00:00,0.4560703604567585,0.6169058556322775,0.6919122029748421,0.3180005375093894,0,0,0,3,0.2906460621701564,0.2172935444607792,0.5824650895289974,0.478304600833067,0.4317314747874989,0.1241603114624778,0.2172935444607792,0.662948428217918,0.373658288811324,0.0809435883033752,0.5025908489601856,0.5950235009406908,0.462651430478014,0.7066771795691162,0.6458192083471247,0.1283991248999466,0.3810403049874535,0.961372599281255,0.5675879773507866,0.1411968437051791,0.7441312338372963,0.6457770312774629,0.6036522617237015,0.6524157267053807,0.6779718839750825,0.0748616189803735,0.5312814480137238,0.8324998761895785,0.7260666787131295,0.0430354162083161,0.2783935016760899,0.4348436949652936,0.5120822048676954,0.522127671158437,0.3808999909807516,0.0964624320960907,0.2565133220004311,0.6469328881288335,0.3674386240708209,0.1379697874040669,0.0,0.0,0.0,0.0,0.0,0.0,4.0,4.0,0.0,0.0,10,3,0,1,676,4,3,True,0.0015327428051141647,0.0005722147586116326,0.0006428837724834138,0.9970115977535217,0.00024056091026913986,0.9970115977535217,[0.9970116],0.02391871309383661,False,0.9954788549484075,False,0.9970115977535217,False,0,False,2025-07-25 13:25:48.851583,98,0.2
2015-01-29 07:00:00,0.4806022932912283,0.6362435689306094,0.763503683203159,0.3167230537317981,0,0,0,3,0.3319412248854166,0.341975360623585,0.6497939146530792,0.5195723664852324,0.4469582519953967,0.1173052605777969,0.2172935444607792,0.662948428217918,0.404290320571798,0.1526270439841782,0.4850558792745574,0.7037451250650821,0.961372599281255,0.7046522601993628,0.6570423041818066,0.126598297103408,0.3810403049874535,0.961372599281255,0.5954273777777673,0.1499423317690177,0.6566161349844333,0.5821466563188165,0.7162686665544618,0.7646518138715519,0.6689153240938014,0.0767116236880379,0.5312814480137238,0.8324998761895785,0.6676165344848352,0.068598936040189,0.3178522469866114,0.4619492765143534,0.3424035259907015,0.4124400198759029,0.4069197738000309,0.1017753811991964,0.2565133220004311,0.6469328881288335,0.4032049976029306,0.1275617004089795,4.0,0.0,0.0,0.0,0.0,0.0,4.0,4.0,0.0,0.0,7,3,0,0,673,1,3,True,0.001725252092188045,0.0004928913386835141,0.0005081274994355991,0.9970342981433733,0.00023943092631961138,0.9970342981433733,[0.9970343],0.023541718006029982,False,0.9953090460511853,False,0.9970342981433733,False,0,False,2025-07-25 13:25:48.851583,98,0.2
2015-01-29 09:00:00,0.2906460621701564,0.5025908489601856,0.7441312338372963,0.2783935016760899,0,0,0,3,0.2976934419342919,0.347960082445354,0.5573643783568468,0.4928884716317693,0.4326579014698451,0.1244324653563316,0.2172935444607792,0.662948428217918,0.3338621528119941,0.090460059161143,0.7836914063196365,0.815630334264829,0.7184676400799186,0.6494486513363302,0.6495596801778263,0.1288270891905808,0.3810403049874535,0.961372599281255,0.5639409182355223,0.1399452692711309,0.7640018542137279,0.588360983663768,0.6734363143664213,0.763644648579326,0.6763261974638549,0.0749758835947415,0.5312814480137238,0.8324998761895785,0.7183774834302329,0.0532642322180847,0.3267295163922035,0.3310429711802128,0.3082186527492587,0.4729552110652568,0.3894052882161287,0.0996227171996211,0.2565133220004311,0.6469328881288335,0.3869124836468049,0.1378421148418288,0.0,0.0,0.0,0.0,0.0,0.0,4.0,4.0,0.0,0.0,9,3,0,1,675,3,3,True,0.0015555255491990219,0.0005683849876918249,0.0005655896584198112,0.9970812061645731,0.00022929364011638247,0.9970812061645731,[0.99708121],0.02337071808820036,False,0.995525680615374,False,0.9970812061645731,False,0,False,2025-07-25 13:25:48.851583,98,0.2
2015-11-25 22:00:00,0.4588515459658994,0.5257421654983871,0.6299651995481252,0.4449079860757063,0,0,0,3,0.3297267699417266,0.367969460624226,0.3453404123543638,0.4880181233108637,0.4544031739532366,0.101750715922542,0.3267910798743457,0.6447160429524356,0.4854359823184611,0.1033713189353392,0.8114603965480744,0.633647534411707,0.5050310207097433,0.5979429092199424,0.5694254550952843,0.1095252570385277,0.3683123933068482,0.8114603965480744,0.5786355527433302,0.156712058505947,0.6522875549816081,0.681709017724752,0.6656635642446491,0.8515482122701108,0.6192864181279832,0.0843971297345938,0.4440768151760063,0.8329483691296249,0.659083655923501,0.0870273715314719,0.5413411293973881,0.5880833939929474,0.29992028757067,0.4627092663447565,0.4678139552128075,0.0935528913349333,0.1879053126554049,0.5880833939929474,0.4985628880026213,0.0393449914245172,0.0,0.0,0.0,0.0,0.0,0.0,0.0,4.0,0.0,0.0,22,2,0,0,352,16,3,True,0.001291063734396926,0.0005852068719767615,0.0007169417516785039,0.9971228795680639,0.0002839080738838273,0.9971228795680639,[0.99712288],0.023327185340885008,False,0.995831815833667,False,0.9971228795680639,False,0,False,2025-07-25 13:25:48.851583,98,0.2
2015-01-29 18:00:00,0.4610774901003324,0.7563641118787237,0.7351325165481781,0.3861295121945888,0,0,0,3,0.5239217085947078,0.4393970820532319,0.3319412248854166,0.5065368572085936,0.4256888082247786,0.1147860617400426,0.2172935444607792,0.662948428217918,0.4410359018661806,0.0640298726873414,0.7312863713856887,0.7344815913578486,0.4850558792745574,0.6838104756625893,0.6450480181876922,0.1324138001059891,0.3810403049874535,0.961372599281255,0.6151820216381901,0.1200619948076872,0.6316058043055046,0.638064308789392,0.6566161349844333,0.7319373663989919,0.6741824533247951,0.0912863204305696,0.4767195429274136,0.8324998761895785,0.6700096183626782,0.1161249472387981,0.4739219743465006,0.3724476961769266,0.3178522469866114,0.3676418992848989,0.3831080581731994,0.0904937825989174,0.2565133220004311,0.6469328881288335,0.3760045349350833,0.0678459073572854,0.0,0.0,4.0,0.0,0.0,0.0,0.0,4.0,0.0,0.0,18,3,0,0,684,12,3,True,0.0018519899290148775,0.0003858074077217481,0.0003870989585110214,0.9971312593183449,0.0002438443864074446,0.9971312593183449,[0.99713126],0.022618826119206594,False,0.99527926938933,False,0.9971312593183449,False,0,False,2025-07-25 13:25:48.851583,98,0.2
2015-01-30 03:00:00,0.5323191345444284,0.6766168255656082,0.5548445314264783,0.4477540389438862,0,0,0,3,0.5115153843216257,0.5782011727982231,0.4985798655942653,0.347960082445354,0.4048639877909454,0.0980174900423399,0.2172935444607792,0.5782011727982231,0.4416293873760133,0.0750484443299557,0.607733886027803,0.7106223081391989,0.4263106751385369,0.815630334264829,0.6164620946514817,0.1297824217668098,0.3810403049874535,0.982413494448754,0.6665515520886043,0.1642227676179257,0.6875874468087575,0.7193493216348299,0.7570683162259664,0.588360983663768,0.678556539467701,0.0882462582493602,0.4767195429274136,0.7996281001689967,0.624781691589428,0.0969211831950349,0.4595071496120551,0.285620908655258,0.3048113923824891,0.3310429711802128,0.4065505927073503,0.1059659084609189,0.2325697931657514,0.6469328881288335,0.450088171028691,0.1163437516139736,0.0,0.0,0.0,0.0,0.0,0.0,0.0,4.0,0.0,0.0,3,4,0,0,693,21,3,True,0.0017414617648683782,0.0004527671854778744,0.00042510981194297413,0.9971770321719147,0.00020362906579621,0.9971770321719147,[0.99717703],0.0223997889748131,False,0.9954355704070463,False,0.9971770321719147,False,0,False,2025-07-25 13:25:48.851583,98,0.2
2015-01-29 12:00:00,0.4393970820532319,0.7344815913578486,0.638064308789392,0.3724476961769266,0,0,0,3,0.2760464952443674,0.3319412248854166,0.3849281076212049,0.3592389337131435,0.4293224719634159,0.1273733750322762,0.2172935444607792,0.662948428217918,0.3734092891916724,0.0945935902220251,0.649729865726447,0.4850558792745574,0.6789256559497574,0.6341244063009845,0.6572553788191678,0.1242049963514516,0.3810403049874535,0.961372599281255,0.6539405228211674,0.097909506843264,0.7996281001689967,0.6566161349844333,0.5312814480137238,0.7743592490974471,0.675105295996623,0.0760062629505932,0.5312814480137238,0.8324998761895785,0.7335402305312356,0.0585730982420615,0.4627936739333221,0.3178522469866114,0.2565133220004311,0.3233374304046341,0.3872202301043965,0.0969296383445417,0.2565133220004311,0.6469328881288335,0.3458479965699549,0.064688799510127,0.0,4.0,0.0,0.0,0.0,0.0,0.0,4.0,0.0,0.0,12,3,0,1,678,6,3,True,0.001785502081444422,0.00035829788860509314,0.00044056469746173225,0.9971768737861441,0.00023876154634479678,0.9971768737861441,[0.99717687],0.022356406321802264,False,0.9953913717046996,False,0.9971768737861441,False,0,False,2025-07-25 13:25:48.851583,98,0.2
2015-05-14 17:00:00,0.6677538725704529,0.8963842981676489,0.3385769252284473,0.3043333136022481,0,0,0,1,0.6102801070303646,0.7583340467687151,0.660965144813528,0.785078589800496,0.6122755437478092,0.1257484448346571,0.3223353981895583,0.945268259654117,0.579158367942894,0.1229795998200787,0.4810258263268561,0.5069532042595126,0.693535271988134,0.6169898348112768,0.5996505914730348,0.124709076576298,0.3606887924567073,0.8963842981676489,0.6109285012088203,0.1489854360037756,0.2634477445556717,0.3878733746601888,0.3805384650462827,0.3229993369760607,0.3781094758769193,0.0617078694943684,0.2634477445556717,0.5185149280742682,0.3854920786440641,0.0862229919686362,0.409787293739604,0.4123526329220413,0.3202880735772135,0.4494769095866698,0.4451835415575973,0.1094664663938043,0.2621124408756899,0.6636637110169169,0.4380334802154945,0.0992501949785772,0.0,0.0,0.0,0.0,0.0,0.0,0.0,1.0,0.0,0.0,17,3,0,1,347,11,1,True,0.001755859405571419,0.9972027152458866,0.0003981033039165053,0.00037580075050307464,0.0002675212941227204,0.9972027152458866,[0.99720272],0.0222150580400648,False,0.9954468558403151,False,0.9972027152458866,False,0,False,2025-07-25 13:25:48.851583,98,0.2
2015-01-29 23:00:00,0.321982382601876,0.6490157381980097,0.7500833454660076,0.577569033151481,0,0,0,3,0.4381506479082052,0.5239217085947078,0.2760464952443674,0.4717485345430195,0.3985376830060314,0.1075243596568409,0.2172935444607792,0.662948428217918,0.4112112729189364,0.1230236690243121,0.982413494448754,0.7312863713856887,0.649729865726447,0.6879744412369386,0.636878416054118,0.1344106882145256,0.3810403049874535,0.982413494448754,0.6846198919450961,0.1803255207851086,0.6941641313244022,0.6316058043055046,0.7996281001689967,0.8324998761895785,0.6790795738829102,0.0842557376219185,0.4767195429274136,0.7996281001689967,0.7093532613893578,0.0438677249835074,0.4745499562126045,0.4739219743465006,0.4627936739333221,0.39625876024475,0.397089370353674,0.1028758131129728,0.2565133220004311,0.6469328881288335,0.4606982802086612,0.1075253023279766,0.0,0.0,0.0,0.0,0.0,0.0,0.0,4.0,0.0,0.0,23,3,0,0,689,17,3,True,0.0016609099460870441,0.00041074117515475274,0.000385863849864341,0.9972425158280555,0.00029996920083837764,0.9972425158280555,[0.99724252],0.022053122174080148,False,0.9955816058819684,False,0.9972425158280555,False,0,False,2025-07-25 13:25:48.851583,98,0.2
2015-01-30 00:00:00,0.4263615210982768,0.5360654198454367,0.5271081316961141,0.2325697931657514,0,0,0,3,0.321982382601876,0.4610774901003324,0.4393970820532319,0.3849281076212049,0.4002640752342427,0.1076289191079859,0.2172935444607792,0.662948428217918,0.4054252780852605,0.121009206003212,0.6490157381980097,0.7563641118787237,0.7344815913578486,0.6789256559497574,0.630925906216438,0.1356254872651414,0.3810403049874535,0.982413494448754,0.6479034432728815,0.1851588937644802,0.7500833454660076,0.7351325165481781,0.638064308789392,0.5312814480137238,0.6789056857030098,0.0845777188128391,0.4767195429274136,0.7996281001689967,0.6746825305806805,0.0836160825770503,0.577569033151481,0.3861295121945888,0.3724476961769266,0.2565133220004311,0.3960917233188958,0.1044030933993249,0.2325697931657514,0.6469328881288335,0.4351049937038549,0.1416760112060343,0.0,0.0,0.0,0.0,0.0,0.0,0.0,4.0,0.0,0.0,0,4,0,0,690,18,3,True,0.001824282169996374,0.0003473595909800746,0.00036160648021415815,0.9972380767188498,0.00022867503995947718,0.9972380767188498,[0.99723808],0.021812582532741976,False,0.9954137945488534,False,0.9972380767188498,False,0,False,2025-07-25 13:25:48.851583,98,0.2
2015-05-29 14:00:00,0.5327425169059733,0.5625908859465285,0.643162428773461,0.5116918003318229,0,0,0,3,0.4380978869052182,0.3232608226119763,0.3892171239048246,0.2717231478033554,0.4158958722150684,0.1136974775866851,0.1987452446586824,0.5871486170521988,0.425351248617053,0.1245628286217217,0.6747366796480483,0.3937027231399123,0.5480838951241418,0.7467014269053358,0.5710639839565403,0.1166745706094944,0.3845908047693528,0.8187162496014417,0.5819448129256758,0.0765105952813211,0.5966297515241559,0.6147153507061707,0.667681103854662,0.610249310717421,0.6469874289969356,0.0771381240193592,0.5109879640227839,0.84241424416301,0.6213928237081101,0.0333422339796283,0.382477800104733,0.4645703068403418,0.5497384123063075,0.3539336009600788,0.4484783035930503,0.1365479053124971,0.2168364561912094,0.6969383990157249,0.4629282295642152,0.1880139918838011,0.0,0.0,0.0,0.0,0.0,0.0,0.0,4.0,0.0,0.0,14,4,0,1,344,8,3,True,0.0013732641879386663,0.00039593822842340175,0.0006421689536500206,0.9973249572098117,0.000263671420176111,0.9973249572098117,[0.99732496],0.021717158041502017,False,0.995951693021873,False,0.9973249572098117,False,0,False,2025-07-25 13:25:48.851583,98,0.2
2015-01-29 17:00:00,0.5239217085947078,0.7312863713856887,0.6316058043055046,0.4739219743465006,0,0,0,3,0.3659515877810065,0.2760464952443674,0.3849963501300922,0.3741785271113101,0.4275829485209563,0.1157663052851596,0.2172935444607792,0.662948428217918,0.4374225005249972,0.0632800180747492,0.5721714222446661,0.649729865726447,0.3810403049874535,0.7452323874560576,0.6420249500120199,0.1305773889061981,0.3810403049874535,0.961372599281255,0.6115349348847109,0.1151473927328713,0.6272800102110183,0.7996281001689967,0.7362349630653175,0.6961302537726,0.674049322068579,0.0911958516531819,0.4767195429274136,0.8324998761895785,0.6538315837362139,0.1119233264029193,0.3121413990757433,0.4627936739333221,0.6469328881288335,0.3410580616946472,0.3823377409686291,0.0905456165141762,0.2565133220004311,0.6469328881288335,0.3737242322654729,0.0676672342888678,0.0,0.0,0.0,0.0,0.0,0.0,0.0,4.0,0.0,0.0,17,3,0,1,683,11,3,True,0.001632109746631489,0.0003267956544525092,0.00044000234075189517,0.9973098518042823,0.0002912404538819025,0.9973098518042823,[0.99730985],0.021555885958245008,False,0.9956777420576508,False,0.9973098518042823,False,0,False,2025-07-25 13:25:48.851583,98,0.2
2015-01-29 08:00:00,0.2976934419342919,0.7836914063196365,0.7640018542137279,0.3267295163922035,0,0,0,3,0.4806022932912283,0.662948428217918,0.3964452355812772,0.4386594450859161,0.4410846685307457,0.1212032417064391,0.2172935444607792,0.662948428217918,0.343414489524527,0.0879758487617522,0.6362435689306094,0.6595706782684638,0.7169595799215074,0.81641658003902,0.6556787552768323,0.1249728972305631,0.3810403049874535,0.961372599281255,0.6161141657862961,0.1680326376261268,0.763503683203159,0.61520641071487,0.5775990395590449,0.5666274785904122,0.6771392564114396,0.0758439287558534,0.5312814480137238,0.8324998761895785,0.6924157750679781,0.072639334955496,0.3167230537317981,0.3718351306248342,0.4835455328735826,0.5525154610166917,0.3975120261073439,0.098100987245624,0.2565133220004311,0.6469328881288335,0.3956873952308254,0.1310612693787067,0.0,0.0,0.0,0.0,0.0,0.0,4.0,4.0,0.0,0.0,8,3,0,1,674,2,3,True,0.0015940864100403077,0.0004190849598263598,0.0004486206146774281,0.9973387615841136,0.00019944643134221882,0.9973387615841136,[0.99733876],0.021343177857340825,False,0.9957446751740733,False,0.9973387615841136,False,0,False,2025-07-25 13:25:48.851583,98,0.2
2015-01-29 16:00:00,0.3659515877810065,0.5721714222446661,0.6272800102110183,0.3121413990757433,0,0,0,3,0.4985798655942653,0.4560703604567585,0.2172935444607792,0.3589073048341177,0.4213436492924813,0.1143752109282955,0.2172935444607792,0.662948428217918,0.3961099649666071,0.075288182280847,0.4263106751385369,0.6169058556322775,0.5950235009406908,0.6667104225738065,0.642606034014952,0.1310221559994581,0.3810403049874535,0.961372599281255,0.5979421839415039,0.102278520907005,0.7570683162259664,0.6919122029748421,0.6457770312774629,0.6343203052528767,0.6767378407963746,0.0908406051243536,0.4767195429274136,0.8324998761895785,0.6818352997134626,0.1254524174712449,0.3048113923824891,0.3180005375093894,0.4348436949652936,0.3596951964886109,0.3768017446081351,0.0887464648136356,0.2565133220004311,0.6469328881288335,0.3718695155299431,0.0644475151691584,0.0,0.0,0.0,0.0,0.0,0.0,0.0,4.0,0.0,0.0,16,3,0,1,682,10,3,True,0.0016536812799615717,0.00031311383633887685,0.0004426136477883718,0.9973610889269854,0.00022950230892565754,0.9973610889269854,[0.99736109],0.021094700529052775,False,0.9957074076470238,False,0.9973610889269854,False,0,False,2025-07-25 13:25:48.851583,98,0.2
2015-05-29 13:00:00,0.4380978869052182,0.6747366796480483,0.5966297515241559,0.382477800104733,0,0,0,3,0.4764938000482684,0.2439907001159985,0.3510793278251659,0.3154747093509146,0.405020065169126,0.1145155233857873,0.1987452446586824,0.5871486170521988,0.3904376329013868,0.1176055258687872,0.5674168813423168,0.6185846663411732,0.6008680092504899,0.6255310594347154,0.5787352564964906,0.1220232213569381,0.3845908047693528,0.8187162496014417,0.5537967857912397,0.1091567654701638,0.5789653329045754,0.6948338531831968,0.6073226562432363,0.6228076299380301,0.645616049077934,0.0775007984236671,0.5109879640227839,0.84241424416301,0.6166516440302284,0.0316048194626199,0.6454617509375261,0.409417280189591,0.4411216117914867,0.4430924989751197,0.4419050452858943,0.1371683144854267,0.2168364561912094,0.6969383990157249,0.4550746473156351,0.1865481405854114,0.0,0.0,0.0,0.0,0.0,0.0,0.0,4.0,0.0,0.0,13,4,0,1,343,7,3,True,0.0013438630070602027,0.0003614295289853184,0.0006489037255045583,0.9974383736989285,0.00020743003952148245,0.9974383736989285,[0.99743837],0.020830987146747793,False,0.9960945106918683,False,0.9974383736989285,False,0,False,2025-07-25 13:25:48.851583,98,0.2
2015-05-29 10:00:00,0.3809451987050046,0.5497563734789477,0.612171726644742,0.3241631708042757,0,0,0,3,0.1987452446586824,0.4915735829329469,0.3956363908706465,0.0876781641061986,0.3920060342533812,0.1113446262244746,0.1987452446586824,0.5871486170521988,0.3131343237348898,0.1292106620155034,0.665228411191227,0.6641608152317833,0.5638102884259995,0.7343166454640195,0.5867416718050154,0.1220923561552334,0.3845908047693528,0.8187162496014417,0.5045817245288172,0.1228410589823637,0.6720954646142037,0.7657384077013896,0.5921331450130203,0.6416290367417603,0.6435038910716886,0.0849497609654563,0.4606208542934917,0.84241424416301,0.6653760528453234,0.0417883715937803,0.2168364561912094,0.5461687601469912,0.3755147385930067,0.3486181276918617,0.4350698342696924,0.1301953140477341,0.2168364561912094,0.7018520246950589,0.411040367448539,0.1287083963502548,0.0,0.0,0.0,0.0,0.0,0.0,4.0,4.0,0.0,0.0,10,4,0,1,340,4,3,True,0.0013460267058575132,0.0003251788159403967,0.0006047227304631174,0.9975072352516503,0.0002168364960886297,0.9975072352516503,[0.99750724],0.020310007012045574,False,0.9961612085457928,False,0.9975072352516503,False,0,False,2025-07-25 13:25:48.851583,98,0.2
